Alert ID,URL,Package Name,Date
ASA-202501-1,https://lwn.net/Articles/1005140,rsync,2025-01-14
ASA-202410-1,https://lwn.net/Articles/993118,oath-toolkit,2024-10-06
ASA-202407-1,https://lwn.net/Articles/980371,openssh,2024-07-01
ASA-202403-1,https://lwn.net/Articles/967812,xz,2024-03-29
ASA-202210-2,https://lwn.net/Articles/911432,kernel,2022-10-15
ASA-202210-4,https://lwn.net/Articles/911435,linux-zen,2022-10-15
ASA-202210-1,https://lwn.net/Articles/911433,linux-hardened,2022-10-15
ASA-202210-3,https://lwn.net/Articles/911434,linux-lts,2022-10-15
ASA-202204-7,https://lwn.net/Articles/891151,gzip,2022-04-12
ASA-202204-9,https://lwn.net/Articles/891152,python-django,2022-04-12
ASA-202204-8,https://lwn.net/Articles/891153,xz,2022-04-12
ASA-202204-6,https://lwn.net/Articles/890705,libtiff,2022-04-07
ASA-202204-5,https://lwn.net/Articles/890606,bind,2022-04-07
ASA-202204-1,https://lwn.net/Articles/890248,postgresql,2022-04-05
ASA-202204-3,https://lwn.net/Articles/890249,zlib,2022-04-05
ASA-202204-4,https://lwn.net/Articles/890383,rizin,2022-04-05
ASA-202204-2,https://lwn.net/Articles/890247,polkit,2022-04-05
ASA-202112-7,https://lwn.net/Articles/878466,vivaldi,2021-12-12
ASA-202112-9,https://lwn.net/Articles/878465,thunderbird,2021-12-12
ASA-202112-8,https://lwn.net/Articles/878461,firefox,2021-12-12
ASA-202112-11,https://lwn.net/Articles/878463,grafana,2021-12-12
ASA-202112-12,https://lwn.net/Articles/878464,grafana-agent,2021-12-12
ASA-202112-6,https://lwn.net/Articles/878460,chromium,2021-12-12
ASA-202112-10,https://lwn.net/Articles/878462,gitlab,2021-12-12
ASA-202112-4,https://lwn.net/Articles/877765,lib32-nss,2021-12-06
ASA-202112-1,https://lwn.net/Articles/877768,vivaldi,2021-12-06
ASA-202112-2,https://lwn.net/Articles/877767,opera,2021-12-06
ASA-202112-3,https://lwn.net/Articles/877766,nss,2021-12-06
ASA-202112-5,https://lwn.net/Articles/877764,isync,2021-12-06
ASA-202111-6,https://lwn.net/Articles/876510,grafana,2021-11-19
ASA-202111-7,https://lwn.net/Articles/876511,kubectl-ingress-nginx,2021-11-19
ASA-202111-9,https://lwn.net/Articles/876509,chromium,2021-11-19
ASA-202111-8,https://lwn.net/Articles/876512,opera,2021-11-19
ASA-202111-5,https://lwn.net/Articles/875514,grafana,2021-11-09
ASA-202111-1,https://lwn.net/Articles/875515,jenkins,2021-11-09
ASA-202111-3,https://lwn.net/Articles/875517,thunderbird,2021-11-09
ASA-202111-2,https://lwn.net/Articles/875513,firefox,2021-11-09
ASA-202111-4,https://lwn.net/Articles/875516,opera,2021-11-09
ASA-202110-7,https://lwn.net/Articles/874572,chromium,2021-11-01
ASA-202110-11,https://lwn.net/Articles/874573,freerdp,2021-11-01
ASA-202110-8,https://lwn.net/Articles/874574,opera,2021-11-01
ASA-202110-9,https://lwn.net/Articles/874575,webkit2gtk,2021-11-01
ASA-202110-12,https://lwn.net/Articles/874571,bind,2021-11-01
ASA-202110-10,https://lwn.net/Articles/874576,wpewebkit,2021-11-01
ASA-202110-5,https://lwn.net/Articles/873730,nodejs-lts-fermium,2021-10-21
ASA-202110-2,https://lwn.net/Articles/873727,chromium,2021-10-21
ASA-202110-6,https://lwn.net/Articles/873729,nodejs-lts-erbium,2021-10-21
ASA-202110-4,https://lwn.net/Articles/873728,nodejs,2021-10-21
ASA-202110-3,https://lwn.net/Articles/873731,virtualbox,2021-10-21
ASA-202110-1,https://lwn.net/Articles/873726,apache,2021-10-21
ASA-202109-5,https://lwn.net/Articles/869285,element-web,2021-09-15
ASA-202109-6,https://lwn.net/Articles/869283,chromium,2021-09-15
ASA-202109-4,https://lwn.net/Articles/869284,element-desktop,2021-09-15
ASA-202109-2,https://lwn.net/Articles/869286,firefox,2021-09-15
ASA-202109-3,https://lwn.net/Articles/869287,ghostscript,2021-09-15
ASA-202109-1,https://lwn.net/Articles/869288,hedgedoc,2021-09-15
ASA-202108-13,https://lwn.net/Articles/866404,c-ares,2021-08-13
ASA-202108-14,https://lwn.net/Articles/866405,firefox,2021-08-13
ASA-202108-10,https://lwn.net/Articles/866408,jupyterlab,2021-08-13
ASA-202108-8,https://lwn.net/Articles/866406,fossil,2021-08-13
ASA-202108-12,https://lwn.net/Articles/866409,loki,2021-08-13
ASA-202108-5,https://lwn.net/Articles/866411,opera,2021-08-13
ASA-202108-11,https://lwn.net/Articles/866412,prosody,2021-08-13
ASA-202108-6,https://lwn.net/Articles/866413,vivaldi,2021-08-13
ASA-202108-7,https://lwn.net/Articles/866407,gitlab,2021-08-13
ASA-202108-9,https://lwn.net/Articles/866410,lynx,2021-08-13
ASA-202108-3,https://lwn.net/Articles/865012,nodejs-lts-erbium,2021-08-03
ASA-202108-1,https://lwn.net/Articles/865011,nodejs,2021-08-03
ASA-202108-2,https://lwn.net/Articles/865013,nodejs-lts-fermium,2021-08-03
ASA-202108-4,https://lwn.net/Articles/865010,chromium,2021-08-03
ASA-202107-70,https://lwn.net/Articles/864860,containerd,2021-07-31
ASA-202107-69,https://lwn.net/Articles/864859,consul,2021-07-31
ASA-202107-71,https://lwn.net/Articles/864861,geckodriver,2021-07-31
ASA-202107-72,https://lwn.net/Articles/864858,389-ds-base,2021-07-31
ASA-202107-67,https://lwn.net/Articles/864864,webkit2gtk,2021-07-31
ASA-202107-68,https://lwn.net/Articles/864865,wpewebkit,2021-07-31
ASA-202107-74,https://lwn.net/Articles/864863,vivaldi,2021-07-31
ASA-202107-73,https://lwn.net/Articles/864862,powerdns,2021-07-31
ASA-202107-63,https://lwn.net/Articles/864116,libcurl-gnutls,2021-07-22
ASA-202107-55,https://lwn.net/Articles/864117,libpano13,2021-07-22
ASA-202107-50,https://lwn.net/Articles/864118,linux-hardened,2021-07-22
ASA-202107-61,https://lwn.net/Articles/864115,libcurl-compat,2021-07-22
ASA-202107-60,https://lwn.net/Articles/864112,lib32-curl,2021-07-22
ASA-202107-51,https://lwn.net/Articles/864119,linux-lts,2021-07-22
ASA-202107-62,https://lwn.net/Articles/864113,lib32-libcurl-compat,2021-07-22
ASA-202107-54,https://lwn.net/Articles/864110,jre11-openjdk-headless,2021-07-22
ASA-202107-48,https://lwn.net/Articles/864111,kernel,2021-07-22
ASA-202107-64,https://lwn.net/Articles/864114,lib32-libcurl-gnutls,2021-07-22
ASA-202107-57,https://lwn.net/Articles/864123,systemd,2021-07-22
ASA-202107-56,https://lwn.net/Articles/864106,impacket,2021-07-22
ASA-202107-53,https://lwn.net/Articles/864107,jdk11-openjdk,2021-07-22
ASA-202107-47,https://lwn.net/Articles/864104,chromium,2021-07-22
ASA-202107-59,https://lwn.net/Articles/864105,curl,2021-07-22
ASA-202107-66,https://lwn.net/Articles/864108,jre-openjdk,2021-07-22
ASA-202107-46,https://lwn.net/Articles/864121,opera,2021-07-22
ASA-202107-58,https://lwn.net/Articles/864124,nvidia-utils,2021-07-22
ASA-202107-52,https://lwn.net/Articles/864122,virtualbox,2021-07-22
ASA-202107-65,https://lwn.net/Articles/864109,jre-openjdk-headless,2021-07-22
ASA-202107-49,https://lwn.net/Articles/864120,linux-zen,2021-07-22
ASA-202107-39,https://lwn.net/Articles/863802,racket,2021-07-20
ASA-202107-32,https://lwn.net/Articles/863799,nodejs-lts-fermium,2021-07-20
ASA-202107-34,https://lwn.net/Articles/863792,code,2021-07-20
ASA-202107-44,https://lwn.net/Articles/863804,wireshark-cli,2021-07-20
ASA-202107-42,https://lwn.net/Articles/863795,go,2021-07-20
ASA-202107-37,https://lwn.net/Articles/863801,putty,2021-07-20
ASA-202107-40,https://lwn.net/Articles/863800,openvswitch,2021-07-20
ASA-202107-45,https://lwn.net/Articles/863803,telegram-desktop,2021-07-20
ASA-202107-41,https://lwn.net/Articles/863797,nextcloud-app-mail,2021-07-20
ASA-202107-33,https://lwn.net/Articles/863798,nodejs-lts-erbium,2021-07-20
ASA-202107-38,https://lwn.net/Articles/863794,firefox-ublock-origin,2021-07-20
ASA-202107-43,https://lwn.net/Articles/863791,ant,2021-07-20
ASA-202107-35,https://lwn.net/Articles/863793,dino,2021-07-20
ASA-202107-36,https://lwn.net/Articles/863796,libuv,2021-07-20
ASA-202107-24,https://lwn.net/Articles/863420,ruby2.7,2021-07-16
ASA-202107-21,https://lwn.net/Articles/863422,thunderbird,2021-07-16
ASA-202107-28,https://lwn.net/Articles/863423,varnish,2021-07-16
ASA-202107-31,https://lwn.net/Articles/863424,vivaldi,2021-07-16
ASA-202107-27,https://lwn.net/Articles/863415,mbedtls,2021-07-16
ASA-202107-22,https://lwn.net/Articles/863416,nextcloud,2021-07-16
ASA-202107-26,https://lwn.net/Articles/863417,python-pillow,2021-07-16
ASA-202107-30,https://lwn.net/Articles/863413,chromium,2021-07-16
ASA-202107-25,https://lwn.net/Articles/863419,ruby2.6,2021-07-16
ASA-202107-23,https://lwn.net/Articles/863418,ruby,2021-07-16
ASA-202107-20,https://lwn.net/Articles/863414,firefox,2021-07-16
ASA-202107-29,https://lwn.net/Articles/863421,systemd,2021-07-16
ASA-202107-13,https://lwn.net/Articles/862423,nodejs,2021-07-09
ASA-202107-17,https://lwn.net/Articles/862427,rabbitmq,2021-07-09
ASA-202107-12,https://lwn.net/Articles/862429,spice,2021-07-09
ASA-202107-19,https://lwn.net/Articles/862428,ruby-addressable,2021-07-09
ASA-202107-18,https://lwn.net/Articles/862422,gitlab,2021-07-09
ASA-202107-15,https://lwn.net/Articles/862425,php,2021-07-09
ASA-202107-14,https://lwn.net/Articles/862424,openexr,2021-07-09
ASA-202107-16,https://lwn.net/Articles/862426,php7,2021-07-09
ASA-202107-11,https://lwn.net/Articles/861958,python-django,2021-07-05
ASA-202107-10,https://lwn.net/Articles/861870,mruby,2021-07-03
ASA-202107-3,https://lwn.net/Articles/861866,istio,2021-07-03
ASA-202107-7,https://lwn.net/Articles/861869,mediawiki,2021-07-03
ASA-202107-6,https://lwn.net/Articles/861873,python-fastapi,2021-07-03
ASA-202107-8,https://lwn.net/Articles/861872,puppet,2021-07-03
ASA-202107-2,https://lwn.net/Articles/861864,electron11,2021-07-03
ASA-202107-5,https://lwn.net/Articles/861867,jenkins,2021-07-03
ASA-202107-1,https://lwn.net/Articles/861865,electron12,2021-07-03
ASA-202107-4,https://lwn.net/Articles/861871,opera,2021-07-03
ASA-202107-9,https://lwn.net/Articles/861868,libtpms,2021-07-03
ASA-202106-56,https://lwn.net/Articles/860947,dovecot,2021-06-24
ASA-202106-49,https://lwn.net/Articles/860951,libslirp,2021-06-24
ASA-202106-54,https://lwn.net/Articles/860948,exiv2,2021-06-24
ASA-202106-55,https://lwn.net/Articles/860957,tpm2-tools,2021-06-24
ASA-202106-53,https://lwn.net/Articles/860950,keycloak,2021-06-24
ASA-202106-50,https://lwn.net/Articles/860956,tor,2021-06-24
ASA-202106-47,https://lwn.net/Articles/860958,vivaldi,2021-06-24
ASA-202106-45,https://lwn.net/Articles/860954,opera,2021-06-24
ASA-202106-51,https://lwn.net/Articles/860952,matrix-appservice-irc,2021-06-24
ASA-202106-57,https://lwn.net/Articles/860955,pigeonhole,2021-06-24
ASA-202106-48,https://lwn.net/Articles/860953,nginx-mainline,2021-06-24
ASA-202106-46,https://lwn.net/Articles/860946,chromium,2021-06-24
ASA-202106-52,https://lwn.net/Articles/860949,helm,2021-06-24
ASA-202106-43,https://lwn.net/Articles/860392,grub,2021-06-18
ASA-202106-42,https://lwn.net/Articles/860391,go,2021-06-18
ASA-202106-44,https://lwn.net/Articles/860390,connman,2021-06-18
ASA-202106-40,https://lwn.net/Articles/860229,radare2,2021-06-17
ASA-202106-41,https://lwn.net/Articles/860228,python-django,2021-06-17
ASA-202106-34,https://lwn.net/Articles/860225,intel-ucode,2021-06-17
ASA-202106-33,https://lwn.net/Articles/860227,opera,2021-06-17
ASA-202106-36,https://lwn.net/Articles/860226,nginx,2021-06-17
ASA-202106-39,https://lwn.net/Articles/860230,thefuck,2021-06-17
ASA-202106-32,https://lwn.net/Articles/860231,vivaldi,2021-06-17
ASA-202106-35,https://lwn.net/Articles/860224,drupal,2021-06-17
ASA-202106-38,https://lwn.net/Articles/860222,aspnet-runtime-3.1,2021-06-17
ASA-202106-31,https://lwn.net/Articles/860223,chromium,2021-06-17
ASA-202106-37,https://lwn.net/Articles/860221,aspnet-runtime,2021-06-17
ASA-202106-30,https://lwn.net/Articles/859626,wireshark-cli,2021-06-11
ASA-202106-22,https://lwn.net/Articles/859625,thunderbird,2021-06-11
ASA-202106-27,https://lwn.net/Articles/859619,isync,2021-06-11
ASA-202106-28,https://lwn.net/Articles/859621,nettle,2021-06-11
ASA-202106-20,https://lwn.net/Articles/859618,inetutils,2021-06-11
ASA-202106-29,https://lwn.net/Articles/859620,kube-apiserver,2021-06-11
ASA-202106-24,https://lwn.net/Articles/859622,polkit,2021-06-11
ASA-202106-25,https://lwn.net/Articles/859623,python-urllib3,2021-06-11
ASA-202106-23,https://lwn.net/Articles/859616,apache,2021-06-11
ASA-202106-21,https://lwn.net/Articles/859617,gitlab,2021-06-11
ASA-202106-26,https://lwn.net/Articles/859624,python-websockets,2021-06-11
ASA-202106-8,https://lwn.net/Articles/858112,libcurl-gnutls,2021-06-03
ASA-202106-19,https://lwn.net/Articles/858107,keycloak,2021-06-03
ASA-202106-1,https://lwn.net/Articles/858113,opera,2021-06-03
ASA-202106-4,https://lwn.net/Articles/858103,curl,2021-06-03
ASA-202106-6,https://lwn.net/Articles/858111,libcurl-compat,2021-06-03
ASA-202106-14,https://lwn.net/Articles/858119,ruby-bundler,2021-06-03
ASA-202106-11,https://lwn.net/Articles/858105,dhcp,2021-06-03
ASA-202106-13,https://lwn.net/Articles/858120,zint,2021-06-03
ASA-202106-17,https://lwn.net/Articles/858117,rabbitmq,2021-06-03
ASA-202106-12,https://lwn.net/Articles/858118,redis,2021-06-03
ASA-202106-16,https://lwn.net/Articles/858115,pam-u2f,2021-06-03
ASA-202106-5,https://lwn.net/Articles/858108,lib32-curl,2021-06-03
ASA-202106-3,https://lwn.net/Articles/858106,firefox,2021-06-03
ASA-202106-9,https://lwn.net/Articles/858110,lib32-libcurl-gnutls,2021-06-03
ASA-202106-7,https://lwn.net/Articles/858109,lib32-libcurl-compat,2021-06-03
ASA-202106-18,https://lwn.net/Articles/858114,packagekit,2021-06-03
ASA-202106-15,https://lwn.net/Articles/858116,postgresql,2021-06-03
ASA-202106-2,https://lwn.net/Articles/858102,chromium,2021-06-03
ASA-202106-8,https://lwn.net/Articles/858112,libcurl-gnutls,2021-06-03
ASA-202105-17,https://lwn.net/Articles/857293,runc,2021-05-26
ASA-202105-29,https://lwn.net/Articles/857294,thunderbird,2021-05-26
ASA-202105-26,https://lwn.net/Articles/857287,gupnp,2021-05-26
ASA-202105-28,https://lwn.net/Articles/857288,hivex,2021-05-26
ASA-202105-16,https://lwn.net/Articles/857295,websvn,2021-05-26
ASA-202105-24,https://lwn.net/Articles/857292,python-pydantic,2021-05-26
ASA-202105-19,https://lwn.net/Articles/857290,matrix-synapse,2021-05-26
ASA-202105-18,https://lwn.net/Articles/857282,djvulibre,2021-05-26
ASA-202105-22,https://lwn.net/Articles/857284,dotnet-runtime-3.1,2021-05-26
ASA-202105-20,https://lwn.net/Articles/857285,dotnet-sdk,2021-05-26
ASA-202105-27,https://lwn.net/Articles/857289,lz4,2021-05-26
ASA-202105-23,https://lwn.net/Articles/857286,dotnet-sdk-3.1,2021-05-26
ASA-202105-25,https://lwn.net/Articles/857291,prometheus,2021-05-26
ASA-202105-21,https://lwn.net/Articles/857283,dotnet-runtime,2021-05-26
ASA-202105-5,https://lwn.net/Articles/856882,firefox,2021-05-20
ASA-202105-2,https://lwn.net/Articles/856891,python-flask-security-too,2021-05-20
ASA-202105-8,https://lwn.net/Articles/856895,vivaldi,2021-05-20
ASA-202105-1,https://lwn.net/Articles/856892,redmine,2021-05-20
ASA-202105-7,https://lwn.net/Articles/856881,chromium,2021-05-20
ASA-202105-13,https://lwn.net/Articles/856888,opendmarc,2021-05-20
ASA-202105-10,https://lwn.net/Articles/856893,squid,2021-05-20
ASA-202105-3,https://lwn.net/Articles/856880,ceph,2021-05-20
ASA-202105-15,https://lwn.net/Articles/856890,python-babel,2021-05-20
ASA-202105-6,https://lwn.net/Articles/856885,keycloak,2021-05-20
ASA-202105-4,https://lwn.net/Articles/856883,gitlab,2021-05-20
ASA-202105-9,https://lwn.net/Articles/856884,hedgedoc,2021-05-20
ASA-202105-14,https://lwn.net/Articles/856887,mariadb,2021-05-20
ASA-202105-11,https://lwn.net/Articles/856889,prosody,2021-05-20
ASA-202105-12,https://lwn.net/Articles/856886,libx11,2021-05-20
ASA-202104-6,https://lwn.net/Articles/854999,nimble,2021-04-29
ASA-202104-3,https://lwn.net/Articles/854996,firefox,2021-04-29
ASA-202104-1,https://lwn.net/Articles/854997,gitlab,2021-04-29
ASA-202104-10,https://lwn.net/Articles/854994,bind,2021-04-29
ASA-202104-5,https://lwn.net/Articles/855000,opera,2021-04-29
ASA-202104-2,https://lwn.net/Articles/855003,vivaldi,2021-04-29
ASA-202104-9,https://lwn.net/Articles/855002,virtualbox,2021-04-29
ASA-202104-8,https://lwn.net/Articles/854998,libupnp,2021-04-29
ASA-202104-7,https://lwn.net/Articles/854995,chromium,2021-04-29
ASA-202104-4,https://lwn.net/Articles/855001,thunderbird,2021-04-29
ASA-202103-25,https://lwn.net/Articles/851028,wpewebkit,2021-03-26
ASA-202103-19,https://lwn.net/Articles/851026,vivaldi,2021-03-26
ASA-202103-20,https://lwn.net/Articles/851014,dotnet-runtime,2021-03-26
ASA-202103-17,https://lwn.net/Articles/851016,dotnet-sdk,2021-03-26
ASA-202103-21,https://lwn.net/Articles/851017,dotnet-sdk,2021-03-26
ASA-202103-26,https://lwn.net/Articles/851020,godot,2021-03-26
ASA-202103-16,https://lwn.net/Articles/851013,dotnet-runtime,2021-03-26
ASA-202103-14,https://lwn.net/Articles/851021,groovy,2021-03-26
ASA-202103-15,https://lwn.net/Articles/851011,awstats,2021-03-26
ASA-202103-24,https://lwn.net/Articles/851027,webkit2gtk,2021-03-26
ASA-202103-18,https://lwn.net/Articles/851022,libebml,2021-03-26
ASA-202103-23,https://lwn.net/Articles/851018,dotnet-sdk-3.1,2021-03-26
ASA-202103-13,https://lwn.net/Articles/851019,gitlab,2021-03-26
ASA-202103-11,https://lwn.net/Articles/851023,mkinitcpio-busybox,2021-03-26
ASA-202103-22,https://lwn.net/Articles/851015,dotnet-runtime-3.1,2021-03-26
ASA-202103-12,https://lwn.net/Articles/851012,busybox,2021-03-26
ASA-202103-27,https://lwn.net/Articles/851025,python2,2021-03-26
ASA-202103-10,https://lwn.net/Articles/851024,openssl,2021-03-26
ASA-202103-5,https://lwn.net/Articles/850021,minio,2021-03-20
ASA-202103-9,https://lwn.net/Articles/850016,chromium,2021-03-20
ASA-202103-7,https://lwn.net/Articles/850017,ffmpeg,2021-03-20
ASA-202103-2,https://lwn.net/Articles/850024,wireshark-qt,2021-03-20
ASA-202103-8,https://lwn.net/Articles/850023,opera,2021-03-20
ASA-202103-1,https://lwn.net/Articles/850020,gnutls,2021-03-20
ASA-202103-6,https://lwn.net/Articles/850022,openssh,2021-03-20
ASA-202103-3,https://lwn.net/Articles/850019,git,2021-03-20
ASA-202103-4,https://lwn.net/Articles/850018,flatpak,2021-03-20
ASA-202102-38,https://lwn.net/Articles/847909,isync,2021-03-01
ASA-202102-42,https://lwn.net/Articles/847910,openssl,2021-03-01
ASA-202102-43,https://lwn.net/Articles/847916,thrift,2021-03-01
ASA-202102-41,https://lwn.net/Articles/847915,tar,2021-03-01
ASA-202102-40,https://lwn.net/Articles/847906,bind,2021-03-01
ASA-202102-33,https://lwn.net/Articles/847914,salt,2021-03-01
ASA-202102-34,https://lwn.net/Articles/847907,intel-ucode,2021-03-01
ASA-202102-39,https://lwn.net/Articles/847908,ipmitool,2021-03-01
ASA-202102-36,https://lwn.net/Articles/847912,python-cryptography,2021-03-01
ASA-202102-37,https://lwn.net/Articles/847911,python,2021-03-01
ASA-202102-35,https://lwn.net/Articles/847913,python-httplib2,2021-03-01
ASA-202102-29,https://lwn.net/Articles/847348,keycloak,2021-02-25
ASA-202102-32,https://lwn.net/Articles/847349,mumble,2021-02-25
ASA-202102-30,https://lwn.net/Articles/847347,ansible-base,2021-02-25
ASA-202102-31,https://lwn.net/Articles/847350,postgresql,2021-02-25
ASA-202102-28,https://lwn.net/Articles/847133,python-django,2021-02-22
ASA-202102-27,https://lwn.net/Articles/847134,roundcubemail,2021-02-22
ASA-202102-26,https://lwn.net/Articles/847131,firejail,2021-02-22
ASA-202102-24,https://lwn.net/Articles/847130,connman,2021-02-22
ASA-202102-23,https://lwn.net/Articles/847132,kernel,2021-02-22
ASA-202102-25,https://lwn.net/Articles/847135,wpa_supplicant,2021-02-22
ASA-202102-6,https://lwn.net/Articles/845949,chromium,2021-02-12
ASA-202102-20,https://lwn.net/Articles/845966,python2-jinja,2021-02-12
ASA-202102-4,https://lwn.net/Articles/845968,vivaldi,2021-02-12
ASA-202102-16,https://lwn.net/Articles/845956,lib32-glibc,2021-02-12
ASA-202102-17,https://lwn.net/Articles/845954,glibc,2021-02-12
ASA-202102-2,https://lwn.net/Articles/845967,thunderbird,2021-02-12
ASA-202102-9,https://lwn.net/Articles/845948,ansible,2021-02-12
ASA-202102-3,https://lwn.net/Articles/845969,wireshark-cli,2021-02-12
ASA-202102-12,https://lwn.net/Articles/845951,docker,2021-02-12
ASA-202102-19,https://lwn.net/Articles/845965,python-jinja,2021-02-12
ASA-202102-15,https://lwn.net/Articles/845961,php,2021-02-12
ASA-202102-14,https://lwn.net/Articles/845962,php7,2021-02-12
ASA-202102-17,https://lwn.net/Articles/845954,glibc,2021-02-12
ASA-202102-9,https://lwn.net/Articles/845948,ansible,2021-02-12
ASA-202102-6,https://lwn.net/Articles/845949,chromium,2021-02-12
ASA-202102-3,https://lwn.net/Articles/845969,wireshark-cli,2021-02-12
ASA-202102-1,https://lwn.net/Articles/845952,firefox,2021-02-12
ASA-202102-13,https://lwn.net/Articles/845950,cups,2021-02-12
ASA-202102-12,https://lwn.net/Articles/845951,docker,2021-02-12
ASA-202102-7,https://lwn.net/Articles/845958,nextcloud,2021-02-12
ASA-202102-5,https://lwn.net/Articles/845960,opera,2021-02-12
ASA-202102-8,https://lwn.net/Articles/845959,opendoas,2021-02-12
ASA-202101-45,https://lwn.net/Articles/844705,libgcrypt,2021-01-29
ASA-202101-43,https://lwn.net/Articles/844707,mutt,2021-01-29
ASA-202101-42,https://lwn.net/Articles/844706,libvirt,2021-01-29
ASA-202101-44,https://lwn.net/Articles/844704,home-assistant,2021-01-29
ASA-202101-31,https://lwn.net/Articles/844496,linux-zen,2021-01-28
ASA-202101-28,https://lwn.net/Articles/844498,openvswitch,2021-01-28
ASA-202101-41,https://lwn.net/Articles/844492,jenkins,2021-01-28
ASA-202101-33,https://lwn.net/Articles/844493,kernel,2021-01-28
ASA-202101-26,https://lwn.net/Articles/844490,gobby,2021-01-28
ASA-202101-40,https://lwn.net/Articles/844488,flatpak,2021-01-28
ASA-202101-39,https://lwn.net/Articles/844487,erlang,2021-01-28
ASA-202101-37,https://lwn.net/Articles/844500,virtualbox,2021-01-28
ASA-202101-38,https://lwn.net/Articles/844486,dnsmasq,2021-01-28
ASA-202101-27,https://lwn.net/Articles/844489,go,2021-01-28
ASA-202101-36,https://lwn.net/Articles/844499,podofo,2021-01-28
ASA-202101-35,https://lwn.net/Articles/844501,vlc,2021-01-28
ASA-202101-34,https://lwn.net/Articles/844491,gptfdisk,2021-01-28
ASA-202101-32,https://lwn.net/Articles/844494,linux-hardened,2021-01-28
ASA-202101-29,https://lwn.net/Articles/844497,lldpd,2021-01-28
ASA-202101-30,https://lwn.net/Articles/844495,linux-lts,2021-01-28
ASA-202101-25,https://lwn.net/Articles/844155,sudo,2021-01-26
ASA-202101-20,https://lwn.net/Articles/842994,vivaldi,2021-01-15
ASA-202101-23,https://lwn.net/Articles/842995,wavpack,2021-01-15
ASA-202101-11,https://lwn.net/Articles/842992,python-pillow,2021-01-15
ASA-202101-12,https://lwn.net/Articles/842991,python-cairosvg,2021-01-15
ASA-202101-17,https://lwn.net/Articles/842993,thunderbird,2021-01-15
ASA-202101-15,https://lwn.net/Articles/842987,nodejs-lts-fermium,2021-01-15
ASA-202101-14,https://lwn.net/Articles/842986,nodejs-lts-erbium,2021-01-15
ASA-202101-16,https://lwn.net/Articles/842984,nodejs,2021-01-15
ASA-202101-18,https://lwn.net/Articles/842989,opensmtpd,2021-01-15
ASA-202101-8,https://lwn.net/Articles/842982,mdbook,2021-01-15
ASA-202101-21,https://lwn.net/Articles/842980,coturn,2021-01-15
ASA-202101-24,https://lwn.net/Articles/842979,atftp,2021-01-15
ASA-202101-10,https://lwn.net/Articles/842981,gitlab,2021-01-15
ASA-202101-19,https://lwn.net/Articles/842988,nvidia-utils,2021-01-15
ASA-202101-9,https://lwn.net/Articles/842990,php,2021-01-15
ASA-202101-22,https://lwn.net/Articles/842983,mediawiki,2021-01-15
ASA-202101-13,https://lwn.net/Articles/842985,nodejs-lts-dubnium,2021-01-15
ASA-202101-7,https://lwn.net/Articles/842260,mbedtls,2021-01-10
ASA-202101-5,https://lwn.net/Articles/842259,firefox,2021-01-10
ASA-202101-6,https://lwn.net/Articles/842258,chromium,2021-01-10
ASA-202101-1,https://lwn.net/Articles/841768,rsync,2021-01-05
ASA-202101-3,https://lwn.net/Articles/841766,poppler,2021-01-05
ASA-202101-4,https://lwn.net/Articles/841765,dovecot,2021-01-05
ASA-202101-2,https://lwn.net/Articles/841767,roundcubemail,2021-01-05
ASA-202012-26,https://lwn.net/Articles/841494,qemu,2020-12-31
ASA-202012-23,https://lwn.net/Articles/841496,thunderbird,2020-12-31
ASA-202012-25,https://lwn.net/Articles/841491,firefox,2020-12-31
ASA-202012-24,https://lwn.net/Articles/841493,openssl,2020-12-31
ASA-202012-21,https://lwn.net/Articles/841492,openjpeg2,2020-12-31
ASA-202012-22,https://lwn.net/Articles/841495,tensorflow,2020-12-31
ASA-202012-15,https://lwn.net/Articles/840703,minidlna,2020-12-17
ASA-202012-13,https://lwn.net/Articles/840705,pam,2020-12-17
ASA-202012-17,https://lwn.net/Articles/840706,unbound,2020-12-17
ASA-202012-19,https://lwn.net/Articles/840700,gdk-pixbuf2,2020-12-17
ASA-202012-16,https://lwn.net/Articles/840701,hostapd,2020-12-17
ASA-202012-18,https://lwn.net/Articles/840704,nsd,2020-12-17
ASA-202012-12,https://lwn.net/Articles/840698,blueman,2020-12-17
ASA-202012-14,https://lwn.net/Articles/840699,chromium,2020-12-17
ASA-202012-20,https://lwn.net/Articles/840702,lib32-gdk-pixbuf2,2020-12-17
ASA-202012-4,https://lwn.net/Articles/839621,tomcat8,2020-12-09
ASA-202012-3,https://lwn.net/Articles/839667,tomcat9,2020-12-09
ASA-202012-9,https://lwn.net/Articles/839618,libproxy-webkit,2020-12-09
ASA-202012-6,https://lwn.net/Articles/839622,xorg-server,2020-12-09
ASA-202012-10,https://lwn.net/Articles/839616,libproxy,2020-12-09
ASA-202012-5,https://lwn.net/Articles/839613,ant,2020-12-09
ASA-202012-11,https://lwn.net/Articles/839617,libproxy-mozjs,2020-12-09
ASA-202012-1,https://lwn.net/Articles/839620,python-lxml,2020-12-09
ASA-202012-2,https://lwn.net/Articles/839614,cimg,2020-12-09
ASA-202012-7,https://lwn.net/Articles/839619,libslirp,2020-12-09
ASA-202012-8,https://lwn.net/Articles/839615,containerd,2020-12-09
ASA-202011-29,https://lwn.net/Articles/839114,musl,2020-12-05
ASA-202011-26,https://lwn.net/Articles/839112,gitea,2020-12-05
ASA-202011-23,https://lwn.net/Articles/839113,matrix-synapse,2020-12-05
ASA-202011-27,https://lwn.net/Articles/839117,opensc,2020-12-05
ASA-202011-25,https://lwn.net/Articles/839115,mutt,2020-12-05
ASA-202011-24,https://lwn.net/Articles/839116,neomutt,2020-12-05
ASA-202011-28,https://lwn.net/Articles/839118,webkit2gtk,2020-12-05
ASA-202011-22,https://lwn.net/Articles/839111,ceph,2020-12-05
ASA-202011-21,https://lwn.net/Articles/838546,swtpm,2020-11-29
ASA-202011-17,https://lwn.net/Articles/838545,rclone,2020-11-29
ASA-202011-20,https://lwn.net/Articles/838544,raptor,2020-11-29
ASA-202011-19,https://lwn.net/Articles/838543,libass,2020-11-29
ASA-202011-18,https://lwn.net/Articles/838542,c-ares,2020-11-29
ASA-202011-15,https://lwn.net/Articles/838414,libxml2,2020-11-26
ASA-202011-16,https://lwn.net/Articles/838413,go,2020-11-26
ASA-202011-14,https://lwn.net/Articles/838415,postgresql,2020-11-26
ASA-202011-13,https://lwn.net/Articles/838416,wireshark-cli,2020-11-26
ASA-202011-12,https://lwn.net/Articles/837736,firefox,2020-11-18
ASA-202011-11,https://lwn.net/Articles/837735,chromium,2020-11-18
ASA-202011-10,https://lwn.net/Articles/836840,linux-hardened,2020-11-11
ASA-202011-9,https://lwn.net/Articles/836837,chromium,2020-11-10
ASA-202011-6,https://lwn.net/Articles/836838,firefox,2020-11-10
ASA-202011-7,https://lwn.net/Articles/836842,salt,2020-11-10
ASA-202011-5,https://lwn.net/Articles/836839,gdm,2020-11-10
ASA-202011-8,https://lwn.net/Articles/836843,sddm,2020-11-10
ASA-202011-3,https://lwn.net/Articles/836844,wordpress,2020-11-10
ASA-202011-4,https://lwn.net/Articles/836841,matrix-synapse,2020-11-10
ASA-202011-1,https://lwn.net/Articles/836115,firefox,2020-11-03
ASA-202011-2,https://lwn.net/Articles/836114,chromium,2020-11-03
ASA-202010-8,https://lwn.net/Articles/834836,kpmcore,2020-10-21
ASA-202010-10,https://lwn.net/Articles/834948,freetype2,2020-10-21
ASA-202010-3,https://lwn.net/Articles/834840,linux-zen,2020-10-21
ASA-202010-7,https://lwn.net/Articles/834834,kdeconnect,2020-10-21
ASA-202010-5,https://lwn.net/Articles/834841,lua,2020-10-21
ASA-202010-6,https://lwn.net/Articles/834842,powerdns-recursor,2020-10-21
ASA-202010-11,https://lwn.net/Articles/834837,lib32-freetype2,2020-10-21
ASA-202010-4,https://lwn.net/Articles/834839,linux-lts,2020-10-21
ASA-202010-2,https://lwn.net/Articles/834835,kernel,2020-10-21
ASA-202010-9,https://lwn.net/Articles/834838,linux-hardened,2020-10-21
ASA-202010-1,https://lwn.net/Articles/834401,chromium,2020-10-14
ASA-202009-17,https://lwn.net/Articles/833660,samba,2020-10-06
ASA-202009-12,https://lwn.net/Articles/833658,lib32-brotli,2020-10-06
ASA-202009-16,https://lwn.net/Articles/833662,zeromq,2020-10-06
ASA-202009-15,https://lwn.net/Articles/833659,lib32-zeromq,2020-10-06
ASA-202009-13,https://lwn.net/Articles/833657,brotli,2020-10-06
ASA-202009-14,https://lwn.net/Articles/833661,yaws,2020-10-06
ASA-202009-11,https://lwn.net/Articles/833089,podman,2020-09-29
ASA-202009-8,https://lwn.net/Articles/833088,libvirt,2020-09-29
ASA-202009-9,https://lwn.net/Articles/833086,chromium,2020-09-29
ASA-202009-10,https://lwn.net/Articles/833087,firefox,2020-09-29
ASA-202009-6,https://lwn.net/Articles/831839,chromium,2020-09-17
ASA-202009-7,https://lwn.net/Articles/831840,netbeans,2020-09-17
ASA-202009-4,https://lwn.net/Articles/831169,python-django,2020-09-09
ASA-202009-5,https://lwn.net/Articles/831166,gnupg,2020-09-09
ASA-202009-3,https://lwn.net/Articles/831167,go,2020-09-09
ASA-202009-1,https://lwn.net/Articles/831168,opendmarc,2020-09-09
ASA-202009-2,https://lwn.net/Articles/831165,ark,2020-09-09
ASA-202007-5,https://lwn.net/Articles/827858,mbedtls,2020-07-31
ASA-202007-3,https://lwn.net/Articles/827859,tcpreplay,2020-07-31
ASA-202007-2,https://lwn.net/Articles/827860,wireshark-cli,2020-07-31
ASA-202007-6,https://lwn.net/Articles/827857,libjcat,2020-07-31
ASA-202007-4,https://lwn.net/Articles/827856,ffmpeg,2020-07-31
ASA-202007-1,https://lwn.net/Articles/827533,webkit2gtk,2020-07-29
ASA-202006-15,https://lwn.net/Articles/824933,freerdp,2020-06-30
ASA-202006-12,https://lwn.net/Articles/824932,chromium,2020-06-30
ASA-202006-11,https://lwn.net/Articles/824935,sqlite,2020-06-30
ASA-202006-16,https://lwn.net/Articles/824936,tomcat8,2020-06-30
ASA-202006-13,https://lwn.net/Articles/824931,bind,2020-06-30
ASA-202006-14,https://lwn.net/Articles/824934,imagemagick,2020-06-30
ASA-202006-9,https://lwn.net/Articles/823271,dbus,2020-06-16
ASA-202006-10,https://lwn.net/Articles/823272,intel-ucode,2020-06-16
ASA-202006-7,https://lwn.net/Articles/822672,tomcat9,2020-06-09
ASA-202006-5,https://lwn.net/Articles/822671,tomcat8,2020-06-09
ASA-202006-4,https://lwn.net/Articles/822669,thunderbird,2020-06-09
ASA-202006-6,https://lwn.net/Articles/822670,tomcat7,2020-06-09
ASA-202006-2,https://lwn.net/Articles/822667,gnutls,2020-06-09
ASA-202006-3,https://lwn.net/Articles/822665,chromium,2020-06-09
ASA-202006-1,https://lwn.net/Articles/822666,firefox,2020-06-09
ASA-202006-8,https://lwn.net/Articles/822668,python-django,2020-06-09
ASA-202005-14,https://lwn.net/Articles/822012,unbound,2020-06-01
ASA-202005-16,https://lwn.net/Articles/822011,freerdp,2020-06-01
ASA-202005-13,https://lwn.net/Articles/822010,bind,2020-06-01
ASA-202005-15,https://lwn.net/Articles/822009,ant,2020-06-01
ASA-202005-9,https://lwn.net/Articles/821292,dovecot,2020-05-23
ASA-202005-11,https://lwn.net/Articles/821293,openconnect,2020-05-23
ASA-202005-12,https://lwn.net/Articles/821291,chromium,2020-05-23
ASA-202005-10,https://lwn.net/Articles/821294,powerdns-recursor,2020-05-23
ASA-202005-7,https://lwn.net/Articles/821079,thunderbird,2020-05-20
ASA-202005-6,https://lwn.net/Articles/821078,qemu,2020-05-20
ASA-202005-8,https://lwn.net/Articles/821077,keycloak,2020-05-20
ASA-202005-5,https://lwn.net/Articles/820295,qutebrowser,2020-05-11
ASA-202005-4,https://lwn.net/Articles/820294,a2ps,2020-05-11
ASA-202005-2,https://lwn.net/Articles/820150,chromium,2020-05-09
ASA-202005-3,https://lwn.net/Articles/820151,firefox,2020-05-09
ASA-202005-1,https://lwn.net/Articles/819587,salt,2020-05-05
ASA-202004-24,https://lwn.net/Articles/819586,libmicrodns,2020-05-05
ASA-202004-23,https://lwn.net/Articles/819031,webkit2gtk,2020-04-30
ASA-202004-21,https://lwn.net/Articles/819030,git,2020-04-30
ASA-202004-22,https://lwn.net/Articles/819029,chromium,2020-04-30
ASA-202004-20,https://lwn.net/Articles/818715,chromium,2020-04-24
ASA-202004-19,https://lwn.net/Articles/818549,lib32-openssl,2020-04-23
ASA-202004-18,https://lwn.net/Articles/818454,openssl,2020-04-22
ASA-202004-17,https://lwn.net/Articles/818159,webkit2gtk,2020-04-21
ASA-202004-16,https://lwn.net/Articles/817966,openvpn,2020-04-19
ASA-202004-15,https://lwn.net/Articles/817704,chromium,2020-04-17
ASA-202004-14,https://lwn.net/Articles/817703,apache,2020-04-17
ASA-202004-13,https://lwn.net/Articles/817630,git,2020-04-15
ASA-202004-12,https://lwn.net/Articles/817460,thunderbird,2020-04-13
ASA-202004-8,https://lwn.net/Articles/817209,firefox,2020-04-10
ASA-202004-7,https://lwn.net/Articles/817210,haproxy,2020-04-10
ASA-202004-11,https://lwn.net/Articles/817211,libssh,2020-04-10
ASA-202004-10,https://lwn.net/Articles/817212,wireshark-cli,2020-04-10
ASA-202004-9,https://lwn.net/Articles/817208,chromium,2020-04-10
ASA-202004-6,https://lwn.net/Articles/817041,firefox,2020-04-07
ASA-202004-4,https://lwn.net/Articles/816615,kernel,2020-04-01
ASA-202004-2,https://lwn.net/Articles/816616,linux-hardened,2020-04-01
ASA-202004-3,https://lwn.net/Articles/816617,linux-lts,2020-04-01
ASA-202004-1,https://lwn.net/Articles/816614,chromium,2020-04-01
ASA-202004-5,https://lwn.net/Articles/816618,pam-krb5,2020-04-01
ASA-202003-12,https://lwn.net/Articles/815561,chromium,2020-03-20
ASA-202003-13,https://lwn.net/Articles/815560,bluez,2020-03-20
ASA-202003-11,https://lwn.net/Articles/815179,thunderbird,2020-03-16
ASA-202003-9,https://lwn.net/Articles/815180,webkit2gtk,2020-03-16
ASA-202003-10,https://lwn.net/Articles/815178,okular,2020-03-16
ASA-202003-7,https://lwn.net/Articles/814785,mbedtls,2020-03-12
ASA-202003-4,https://lwn.net/Articles/814783,golang-golang-x-crypto,2020-03-12
ASA-202003-5,https://lwn.net/Articles/814787,python-django,2020-03-12
ASA-202003-3,https://lwn.net/Articles/814786,ppp,2020-03-12
ASA-202003-8,https://lwn.net/Articles/814782,firefox,2020-03-12
ASA-202003-6,https://lwn.net/Articles/814784,kernel,2020-03-12
ASA-202002-13,https://lwn.net/Articles/814021,opensmtpd,2020-03-05
ASA-202003-2,https://lwn.net/Articles/814020,opensc,2020-03-05
ASA-202003-1,https://lwn.net/Articles/814019,chromium,2020-03-05
ASA-202002-12,https://lwn.net/Articles/814022,weechat,2020-03-05
ASA-202002-11,https://lwn.net/Articles/813647,chromium,2020-02-29
ASA-202002-10,https://lwn.net/Articles/813648,webkit2gtk,2020-02-29
ASA-202002-8,https://lwn.net/Articles/812730,systemd,2020-02-17
ASA-202002-9,https://lwn.net/Articles/812731,thunderbird,2020-02-17
ASA-202002-5,https://lwn.net/Articles/812374,firefox,2020-02-13
ASA-202002-7,https://lwn.net/Articles/812376,webkit2gtk,2020-02-13
ASA-202002-6,https://lwn.net/Articles/812373,dovecot,2020-02-13
ASA-202002-4,https://lwn.net/Articles/812375,ksh,2020-02-12
ASA-202002-3,https://lwn.net/Articles/811831,chromium,2020-02-07
ASA-202002-2,https://lwn.net/Articles/811834,sudo,2020-02-06
ASA-202002-1,https://lwn.net/Articles/811832,python-django,2020-02-06
ASA-202002-2,https://lwn.net/Articles/811833,sudo,2020-02-06
ASA-202001-7,https://lwn.net/Articles/811481,salt,2020-02-04
ASA-202001-6,https://lwn.net/Articles/811344,opensmtpd,2020-01-31
ASA-202001-5,https://lwn.net/Articles/809887,chromium,2020-01-17
ASA-202001-4,https://lwn.net/Articles/809605,thunderbird,2020-01-14
ASA-202001-2,https://lwn.net/Articles/809281,file,2020-01-13
ASA-202001-3,https://lwn.net/Articles/809282,firefox,2020-01-13
ASA-202001-1,https://lwn.net/Articles/808958,firefox,2020-01-08
ASA-201912-5,https://lwn.net/Articles/807686,libgit2,2019-12-18
ASA-201912-6,https://lwn.net/Articles/807685,git,2019-12-18
ASA-201912-4,https://lwn.net/Articles/807687,shadow,2019-12-18
ASA-201912-3,https://lwn.net/Articles/807050,crypto++,2019-12-11
ASA-201912-2,https://lwn.net/Articles/807051,thunderbird,2019-12-11
ASA-201912-1,https://lwn.net/Articles/806365,firefox,2019-12-05
ASA-201911-13,https://lwn.net/Articles/806191,libtiff,2019-12-03
ASA-201911-14,https://lwn.net/Articles/806190,intel-ucode,2019-12-03
ASA-201911-11,https://lwn.net/Articles/804743,linux-lts,2019-11-14
ASA-201911-10,https://lwn.net/Articles/804742,kernel,2019-11-14
ASA-201911-12,https://lwn.net/Articles/804744,linux-zen,2019-11-14
ASA-201911-8,https://lwn.net/Articles/804077,squid,2019-11-07
ASA-201911-9,https://lwn.net/Articles/804183,linux-hardened,2019-11-07
ASA-201911-4,https://lwn.net/Articles/803872,python2,2019-11-04
ASA-201911-3,https://lwn.net/Articles/803871,glibc,2019-11-04
ASA-201911-6,https://lwn.net/Articles/803873,samba,2019-11-04
ASA-201911-5,https://lwn.net/Articles/803870,ghostscript,2019-11-04
ASA-201911-7,https://lwn.net/Articles/803869,electron,2019-11-04
ASA-201911-2,https://lwn.net/Articles/803755,qt5-webengine,2019-11-02
ASA-201911-1,https://lwn.net/Articles/803754,chromium,2019-11-01
ASA-201910-15,https://lwn.net/Articles/803274,thunderbird,2019-10-28
ASA-201910-17,https://lwn.net/Articles/803271,chromium,2019-10-28
ASA-201910-16,https://lwn.net/Articles/803272,firefox,2019-10-28
ASA-201910-14,https://lwn.net/Articles/803273,php,2019-10-28
ASA-201910-10,https://lwn.net/Articles/802921,xpdf,2019-10-23
ASA-201910-11,https://lwn.net/Articles/802919,go-pie,2019-10-23
ASA-201910-12,https://lwn.net/Articles/802918,go,2019-10-23
ASA-201910-13,https://lwn.net/Articles/802920,pacman,2019-10-23
ASA-201910-9,https://lwn.net/Articles/802514,sudo,2019-10-16
ASA-201910-7,https://lwn.net/Articles/802237,chromium,2019-10-11
ASA-201910-8,https://lwn.net/Articles/802238,sdl,2019-10-11
ASA-201910-6,https://lwn.net/Articles/802239,unbound,2019-10-11
ASA-201910-3,https://lwn.net/Articles/801304,systemd,2019-10-03
ASA-201910-4,https://lwn.net/Articles/801302,ruby-rdoc,2019-10-03
ASA-201910-5,https://lwn.net/Articles/801303,ruby2.5,2019-10-03
ASA-201910-1,https://lwn.net/Articles/801300,exim,2019-10-03
ASA-201910-2,https://lwn.net/Articles/801301,ruby,2019-10-03
ASA-201909-1,https://lwn.net/Articles/799034,webkit2gtk,2019-09-11
ASA-201909-2,https://lwn.net/Articles/799033,firefox,2019-09-11
ASA-201909-3,https://lwn.net/Articles/799032,exim,2019-09-11
ASA-201908-22,https://lwn.net/Articles/798329,jenkins,2019-09-04
ASA-201908-21,https://lwn.net/Articles/798327,grafana,2019-09-04
ASA-201908-20,https://lwn.net/Articles/798328,irssi,2019-09-03
ASA-201908-19,https://lwn.net/Articles/797923,pigeonhole,2019-08-29
ASA-201908-16,https://lwn.net/Articles/797921,go-pie,2019-08-29
ASA-201908-15,https://lwn.net/Articles/797920,go,2019-08-29
ASA-201908-18,https://lwn.net/Articles/797918,dovecot,2019-08-29
ASA-201908-14,https://lwn.net/Articles/797919,gettext,2019-08-29
ASA-201908-17,https://lwn.net/Articles/797922,libnghttp2,2019-08-29
ASA-201908-12,https://lwn.net/Articles/797257,nginx-mainline,2019-08-24
ASA-201908-9,https://lwn.net/Articles/797255,libreoffice-still,2019-08-24
ASA-201908-11,https://lwn.net/Articles/797254,firefox,2019-08-24
ASA-201908-10,https://lwn.net/Articles/797258,subversion,2019-08-24
ASA-201908-13,https://lwn.net/Articles/797256,nginx,2019-08-24
ASA-201908-7,https://lwn.net/Articles/796047,postgresql-libs,2019-08-12
ASA-201908-8,https://lwn.net/Articles/796046,postgresql,2019-08-12
ASA-201908-6,https://lwn.net/Articles/796045,chromium,2019-08-12
ASA-201908-4,https://lwn.net/Articles/795709,exim,2019-08-07
ASA-201908-5,https://lwn.net/Articles/795712,sdl2,2019-08-07
ASA-201908-3,https://lwn.net/Articles/795711,python2-django,2019-08-07
ASA-201908-2,https://lwn.net/Articles/795710,python-django,2019-08-07
ASA-201908-1,https://lwn.net/Articles/795486,chromium,2019-08-05
ASA-201907-5,https://lwn.net/Articles/794090,squid,2019-07-17
ASA-201907-4,https://lwn.net/Articles/794089,firefox,2019-07-17
ASA-201907-6,https://lwn.net/Articles/794088,chromium,2019-07-17
ASA-201907-3,https://lwn.net/Articles/793213,python2-django,2019-07-09
ASA-201907-2,https://lwn.net/Articles/793212,python-django,2019-07-09
ASA-201907-1,https://lwn.net/Articles/793211,irssi,2019-07-09
ASA-201906-22,https://lwn.net/Articles/792561,vlc,2019-07-01
ASA-201906-21,https://lwn.net/Articles/792560,libarchive,2019-07-01
ASA-201906-19,https://lwn.net/Articles/792559,firefox-developer-edition,2019-07-01
ASA-201906-20,https://lwn.net/Articles/792558,firefox,2019-07-01
ASA-201906-17,https://lwn.net/Articles/791424,python,2019-06-19
ASA-201906-18,https://lwn.net/Articles/791420,firefox,2019-06-19
ASA-201906-16,https://lwn.net/Articles/791419,dbus,2019-06-19
ASA-201906-15,https://lwn.net/Articles/791423,linux-zen,2019-06-18
ASA-201906-14,https://lwn.net/Articles/791422,linux-lts,2019-06-18
ASA-201906-13,https://lwn.net/Articles/791421,kernel,2019-06-18
ASA-201906-12,https://lwn.net/Articles/791329,linux-hardened,2019-06-18
ASA-201906-10,https://lwn.net/Articles/791257,thunderbird,2019-06-14
ASA-201906-11,https://lwn.net/Articles/791256,chromium,2019-06-14
ASA-201906-6,https://lwn.net/Articles/791139,lib32-openssl,2019-06-13
ASA-201906-8,https://lwn.net/Articles/791141,vim,2019-06-13
ASA-201906-9,https://lwn.net/Articles/791138,gvim,2019-06-13
ASA-201906-7,https://lwn.net/Articles/791140,openssl,2019-06-13
ASA-201906-5,https://lwn.net/Articles/790786,pam-u2f,2019-06-08
ASA-201906-4,https://lwn.net/Articles/790785,chromium,2019-06-08
ASA-201906-3,https://lwn.net/Articles/790526,binutils,2019-06-05
ASA-201906-1,https://lwn.net/Articles/790251,python2-django,2019-06-04
ASA-201906-2,https://lwn.net/Articles/790250,python-django,2019-06-04
ASA-201905-14,https://lwn.net/Articles/790129,lib32-libcurl-compat,2019-05-31
ASA-201905-15,https://lwn.net/Articles/790128,lib32-curl,2019-05-31
ASA-201905-16,https://lwn.net/Articles/790127,curl,2019-05-31
ASA-201905-17,https://lwn.net/Articles/790133,live-media,2019-05-31
ASA-201905-12,https://lwn.net/Articles/790132,libcurl-gnutls,2019-05-31
ASA-201905-11,https://lwn.net/Articles/790131,libcurl-compat,2019-05-31
ASA-201905-13,https://lwn.net/Articles/790130,lib32-libcurl-gnutls,2019-05-31
ASA-201905-10,https://lwn.net/Articles/789692,webkit2gtk,2019-05-28
ASA-201905-8,https://lwn.net/Articles/789571,thunderbird,2019-05-28
ASA-201905-9,https://lwn.net/Articles/789570,firefox,2019-05-28
ASA-201905-5,https://lwn.net/Articles/787825,tcpreplay,2019-05-07
ASA-201905-7,https://lwn.net/Articles/787824,perl-email-address,2019-05-07
ASA-201905-3,https://lwn.net/Articles/787823,nautilus,2019-05-07
ASA-201905-1,https://lwn.net/Articles/787822,munin,2019-05-07
ASA-201905-4,https://lwn.net/Articles/787821,linux-zen,2019-05-07
ASA-201905-2,https://lwn.net/Articles/787820,kernel,2019-05-07
ASA-201905-6,https://lwn.net/Articles/787819,dovecot,2019-05-07
ASA-201904-11,https://lwn.net/Articles/787020,openssh,2019-04-26
ASA-201904-10,https://lwn.net/Articles/787019,libpng,2019-04-26
ASA-201904-12,https://lwn.net/Articles/787018,chromium,2019-04-26
ASA-201904-7,https://lwn.net/Articles/786611,jenkins,2019-04-24
ASA-201904-5,https://lwn.net/Articles/786610,ghostscript,2019-04-24
ASA-201904-8,https://lwn.net/Articles/786609,flashplugin,2019-04-24
ASA-201904-9,https://lwn.net/Articles/786608,dovecot,2019-04-24
ASA-201904-4,https://lwn.net/Articles/785649,thunderbird,2019-04-11
ASA-201904-3,https://lwn.net/Articles/785646,apache,2019-04-11
ASA-201904-2,https://lwn.net/Articles/785648,gnutls,2019-04-11
ASA-201904-1,https://lwn.net/Articles/785647,evolution,2019-04-11
ASA-201903-15,https://lwn.net/Articles/784339,imagemagick,2019-03-28
ASA-201903-16,https://lwn.net/Articles/784338,dovecot,2019-03-28
ASA-201903-14,https://lwn.net/Articles/783917,firefox,2019-03-24
ASA-201903-13,https://lwn.net/Articles/783919,powerdns,2019-03-22
ASA-201903-12,https://lwn.net/Articles/783918,libssh2,2019-03-22
ASA-201903-11,https://lwn.net/Articles/783916,firefox,2019-03-22
ASA-201903-10,https://lwn.net/Articles/783549,wordpress,2019-03-20
ASA-201903-9,https://lwn.net/Articles/783548,libelf,2019-03-20
ASA-201903-8,https://lwn.net/Articles/783026,chromium,2019-03-13
ASA-201903-7,https://lwn.net/Articles/782828,pacman,2019-03-11
ASA-201903-4,https://lwn.net/Articles/781214,pcre,2019-03-04
ASA-201903-3,https://lwn.net/Articles/781211,gdm,2019-03-04
ASA-201903-6,https://lwn.net/Articles/781212,lib32-openssl-1.0,2019-03-04
ASA-201903-5,https://lwn.net/Articles/781210,file,2019-03-04
ASA-201903-2,https://lwn.net/Articles/781213,openssl-1.0,2019-03-04
ASA-201903-1,https://lwn.net/Articles/781209,chromium,2019-03-03
ASA-201902-23,https://lwn.net/Articles/780743,thunderbird,2019-02-26
ASA-201902-25,https://lwn.net/Articles/780740,bind,2019-02-26
ASA-201902-28,https://lwn.net/Articles/780827,logstash,2019-02-26
ASA-201902-24,https://lwn.net/Articles/780742,systemd,2019-02-26
ASA-201902-27,https://lwn.net/Articles/780826,elasticsearch,2019-02-26
ASA-201902-26,https://lwn.net/Articles/780741,kibana,2019-02-26
ASA-201902-22,https://lwn.net/Articles/780669,msmtp,2019-02-25
ASA-201902-21,https://lwn.net/Articles/780670,python-mysql-connector,2019-02-25
ASA-201902-18,https://lwn.net/Articles/780037,hiawatha,2019-02-18
ASA-201902-16,https://lwn.net/Articles/780035,firefox,2019-02-18
ASA-201902-20,https://lwn.net/Articles/780036,flatpak,2019-02-18
ASA-201902-19,https://lwn.net/Articles/780034,cairo,2019-02-18
ASA-201902-17,https://lwn.net/Articles/780038,webkit2gtk,2019-02-18
ASA-201902-15,https://lwn.net/Articles/779676,python2-django,2019-02-13
ASA-201902-14,https://lwn.net/Articles/779675,python-django,2019-02-13
ASA-201902-8,https://lwn.net/Articles/779668,aubio,2019-02-12
ASA-201902-7,https://lwn.net/Articles/779674,libu2f-host,2019-02-12
ASA-201902-5,https://lwn.net/Articles/779677,rdesktop,2019-02-12
ASA-201902-6,https://lwn.net/Articles/779678,runc,2019-02-12
ASA-201902-12,https://lwn.net/Articles/779671,lib32-libcurl-compat,2019-02-12
ASA-201902-11,https://lwn.net/Articles/779672,lib32-libcurl-gnutls,2019-02-12
ASA-201902-13,https://lwn.net/Articles/779670,lib32-curl,2019-02-12
ASA-201902-10,https://lwn.net/Articles/779673,libcurl-gnutls,2019-02-12
ASA-201902-9,https://lwn.net/Articles/779669,curl,2019-02-12
ASA-201902-4,https://lwn.net/Articles/779528,spice,2019-02-11
ASA-201902-3,https://lwn.net/Articles/779525,chromium,2019-02-11
ASA-201902-2,https://lwn.net/Articles/779527,firefox,2019-02-11
ASA-201902-1,https://lwn.net/Articles/779526,dovecot,2019-02-11
ASA-201901-18,https://lwn.net/Articles/778077,ghostscript,2019-01-31
ASA-201901-17,https://lwn.net/Articles/777903,subversion,2019-01-29
ASA-201901-10,https://lwn.net/Articles/777794,go-pie,2019-01-28
ASA-201901-15,https://lwn.net/Articles/777666,haproxy,2019-01-27
ASA-201901-16,https://lwn.net/Articles/777668,nasm,2019-01-27
ASA-201901-13,https://lwn.net/Articles/777669,powerdns-recursor,2019-01-27
ASA-201901-11,https://lwn.net/Articles/777665,go,2019-01-27
ASA-201901-15,https://lwn.net/Articles/777666,haproxy,2019-01-27
ASA-201901-14,https://lwn.net/Articles/777663,apache,2019-01-27
ASA-201901-11,https://lwn.net/Articles/777664,go,2019-01-27
ASA-201901-8,https://lwn.net/Articles/776754,irssi,2019-01-14
ASA-201901-9,https://lwn.net/Articles/776755,systemd,2019-01-14
ASA-201901-7,https://lwn.net/Articles/776654,python2-django,2019-01-13
ASA-201901-6,https://lwn.net/Articles/776653,python-django,2019-01-13
ASA-201901-5,https://lwn.net/Articles/776490,wireshark-cli,2019-01-11
ASA-201901-4,https://lwn.net/Articles/776489,systemd,2019-01-11
ASA-201901-1,https://lwn.net/Articles/776299,tar,2019-01-08
ASA-201901-3,https://lwn.net/Articles/776297,elfutils,2019-01-08
ASA-201901-2,https://lwn.net/Articles/776298,polkit,2019-01-08
ASA-201812-11,https://lwn.net/Articles/775749,go,2018-12-29
ASA-201812-12,https://lwn.net/Articles/775750,go-pie,2018-12-29
ASA-201812-10,https://lwn.net/Articles/775751,webkit2gtk,2018-12-29
ASA-201812-9,https://lwn.net/Articles/774708,firefox,2018-12-12
ASA-201812-8,https://lwn.net/Articles/774712,openssl-1.0,2018-12-11
ASA-201812-4,https://lwn.net/Articles/774713,texlive-bin,2018-12-11
ASA-201812-6,https://lwn.net/Articles/774709,lib32-openssl,2018-12-11
ASA-201812-5,https://lwn.net/Articles/774711,openssl,2018-12-11
ASA-201812-2,https://lwn.net/Articles/774707,chromium,2018-12-11
ASA-201812-7,https://lwn.net/Articles/774710,lib32-openssl-1.0,2018-12-11
ASA-201812-3,https://lwn.net/Articles/774714,wireshark-cli,2018-12-11
ASA-201812-1,https://lwn.net/Articles/774239,jupyter-notebook,2018-12-06
ASA-201811-22,https://lwn.net/Articles/773142,samba,2018-11-28
ASA-201811-21,https://lwn.net/Articles/773141,powerdns-recursor,2018-11-28
ASA-201811-20,https://lwn.net/Articles/772833,webkit2gtk,2018-11-23
ASA-201811-18,https://lwn.net/Articles/772832,lib32-libtiff,2018-11-23
ASA-201811-19,https://lwn.net/Articles/772831,flashplugin,2018-11-23
ASA-201811-17,https://lwn.net/Articles/772691,libtiff,2018-11-20
ASA-201811-16,https://lwn.net/Articles/772607,chromium,2018-11-20
ASA-201811-15,https://lwn.net/Articles/772480,grafana,2018-11-19
ASA-201811-14,https://lwn.net/Articles/772481,patch,2018-11-17
ASA-201811-12,https://lwn.net/Articles/771869,powerdns,2018-11-13
ASA-201811-13,https://lwn.net/Articles/771870,powerdns-recursor,2018-11-13
ASA-201811-10,https://lwn.net/Articles/771514,thunderbird,2018-11-11
ASA-201811-11,https://lwn.net/Articles/771513,systemd,2018-11-11
ASA-201811-7,https://lwn.net/Articles/771510,lib32-libcurl-gnutls,2018-11-10
ASA-201811-5,https://lwn.net/Articles/771511,libcurl-compat,2018-11-10
ASA-201811-6,https://lwn.net/Articles/771512,libcurl-gnutls,2018-11-10
ASA-201811-4,https://lwn.net/Articles/771507,curl,2018-11-10
ASA-201811-9,https://lwn.net/Articles/771508,lib32-curl,2018-11-10
ASA-201811-8,https://lwn.net/Articles/771509,lib32-libcurl-compat,2018-11-10
ASA-201811-3,https://lwn.net/Articles/770929,ghostscript,2018-11-07
ASA-201811-2,https://lwn.net/Articles/770468,linux-lts,2018-11-01
ASA-201811-1,https://lwn.net/Articles/770467,kernel,2018-11-01
ASA-201810-16,https://lwn.net/Articles/770164,gitlab,2018-10-31
ASA-201810-15,https://lwn.net/Articles/769852,xorg-server,2018-10-29
ASA-201810-14,https://lwn.net/Articles/769582,firefox,2018-10-26
ASA-201810-13,https://lwn.net/Articles/769130,thunderbird,2018-10-19
ASA-201810-12,https://lwn.net/Articles/768757,chromium,2018-10-18
ASA-201810-10,https://lwn.net/Articles/768758,libssh,2018-10-17
ASA-201810-11,https://lwn.net/Articles/768759,net-snmp,2018-10-17
ASA-201810-9,https://lwn.net/Articles/768375,wireshark-cli,2018-10-12
ASA-201810-8,https://lwn.net/Articles/768025,patch,2018-10-10
ASA-201810-7,https://lwn.net/Articles/767934,git,2018-10-09
ASA-201810-6,https://lwn.net/Articles/767596,firefox,2018-10-04
ASA-201810-5,https://lwn.net/Articles/767597,python-django,2018-10-03
ASA-201810-3,https://lwn.net/Articles/767449,libxml2,2018-10-01
ASA-201810-2,https://lwn.net/Articles/767451,ntp,2018-10-01
ASA-201810-1,https://lwn.net/Articles/767450,mosquitto,2018-10-01
ASA-201810-3,https://lwn.net/Articles/767448,libxml2,2018-10-01
ASA-201810-4,https://lwn.net/Articles/767447,lib32-libxml2,2018-10-01
ASA-201809-5,https://lwn.net/Articles/767326,mediawiki,2018-09-28
ASA-201809-3,https://lwn.net/Articles/766637,zsh,2018-09-25
ASA-201809-4,https://lwn.net/Articles/766636,strongswan,2018-09-25
ASA-201809-1,https://lwn.net/Articles/766489,bitcoin-daemon,2018-09-22
ASA-201809-2,https://lwn.net/Articles/766490,bitcoin-qt,2018-09-22
ASA-201808-8,https://lwn.net/Articles/762546,thunderbird,2018-08-13
ASA-201808-5,https://lwn.net/Articles/762187,linux-lts,2018-08-08
ASA-201808-7,https://lwn.net/Articles/762186,linux-hardened,2018-08-08
ASA-201808-6,https://lwn.net/Articles/762188,linux-zen,2018-08-08
ASA-201808-4,https://lwn.net/Articles/762185,kernel,2018-08-08
ASA-201808-1,https://lwn.net/Articles/761882,python-django,2018-08-04
ASA-201808-2,https://lwn.net/Articles/761881,cgit,2018-08-04
ASA-201808-3,https://lwn.net/Articles/761883,python2-django,2018-08-04
ASA-201807-15,https://lwn.net/Articles/761274,wesnoth,2018-07-28
ASA-201807-16,https://lwn.net/Articles/761273,libextractor,2018-07-28
ASA-201807-14,https://lwn.net/Articles/760943,jenkins,2018-07-26
ASA-201807-13,https://lwn.net/Articles/760559,networkmanager-vpnc,2018-07-21
ASA-201807-12,https://lwn.net/Articles/760558,apache,2018-07-21
ASA-201807-11,https://lwn.net/Articles/760560,znc,2018-07-20
ASA-201807-8,https://lwn.net/Articles/760148,libcurl-compat,2018-07-17
ASA-201807-9,https://lwn.net/Articles/760149,libcurl-gnutls,2018-07-17
ASA-201807-5,https://lwn.net/Articles/760145,lib32-curl,2018-07-17
ASA-201807-7,https://lwn.net/Articles/760147,lib32-libcurl-gnutls,2018-07-17
ASA-201807-4,https://lwn.net/Articles/760052,thunderbird,2018-07-17
ASA-201807-6,https://lwn.net/Articles/760146,lib32-libcurl-compat,2018-07-17
ASA-201807-10,https://lwn.net/Articles/760144,curl,2018-07-17
ASA-201807-3,https://lwn.net/Articles/759600,qutebrowser,2018-07-11
ASA-201807-1,https://lwn.net/Articles/759008,gitlab,2018-07-04
ASA-201807-2,https://lwn.net/Articles/759007,git-annex,2018-07-04
ASA-201806-14,https://lwn.net/Articles/758637,firefox,2018-06-29
ASA-201806-12,https://lwn.net/Articles/758418,cantata,2018-06-26
ASA-201806-13,https://lwn.net/Articles/758419,qutebrowser,2018-06-26
ASA-201806-11,https://lwn.net/Articles/757839,pass,2018-06-19
ASA-201806-10,https://lwn.net/Articles/757803,libgcrypt,2018-06-18
ASA-201806-8,https://lwn.net/Articles/757512,gnupg,2018-06-14
ASA-201806-9,https://lwn.net/Articles/757511,chromium,2018-06-14
ASA-201806-6,https://lwn.net/Articles/757149,p7zip,2018-06-10
ASA-201806-7,https://lwn.net/Articles/757147,flashplugin,2018-06-10
ASA-201806-5,https://lwn.net/Articles/757146,firefox,2018-06-10
ASA-201806-3,https://lwn.net/Articles/757148,krb5,2018-06-09
ASA-201806-4,https://lwn.net/Articles/757145,chromium,2018-06-09
ASA-201806-2,https://lwn.net/Articles/756932,radare2,2018-06-07
ASA-201806-1,https://lwn.net/Articles/756745,git,2018-06-05
ASA-201805-26,https://lwn.net/Articles/755992,strongswan,2018-05-30
ASA-201805-22,https://lwn.net/Articles/755995,wireshark-gtk,2018-05-29
ASA-201805-25,https://lwn.net/Articles/755993,wireshark-cli,2018-05-29
ASA-201805-24,https://lwn.net/Articles/755994,wireshark-common,2018-05-29
ASA-201805-23,https://lwn.net/Articles/755996,wireshark-qt,2018-05-29
ASA-201805-21,https://lwn.net/Articles/755646,thunderbird,2018-05-25
ASA-201805-20,https://lwn.net/Articles/755644,bind,2018-05-24
ASA-201805-19,https://lwn.net/Articles/755645,libofx,2018-05-24
ASA-201805-16,https://lwn.net/Articles/755048,lib32-libcurl-gnutls,2018-05-20
ASA-201805-17,https://lwn.net/Articles/755049,libcurl-compat,2018-05-20
ASA-201805-18,https://lwn.net/Articles/755050,libcurl-gnutls,2018-05-20
ASA-201805-15,https://lwn.net/Articles/755047,lib32-libcurl-compat,2018-05-20
ASA-201805-14,https://lwn.net/Articles/755046,lib32-curl,2018-05-20
ASA-201805-13,https://lwn.net/Articles/754845,curl,2018-05-18
ASA-201805-12,https://lwn.net/Articles/754846,zathura-pdf-mupdf,2018-05-17
ASA-201805-11,https://lwn.net/Articles/754749,runc,2018-05-16
ASA-201805-9,https://lwn.net/Articles/754481,webkit2gtk,2018-05-14
ASA-201805-10,https://lwn.net/Articles/754479,firefox,2018-05-14
ASA-201805-8,https://lwn.net/Articles/754480,llpp,2018-05-14
ASA-201805-4,https://lwn.net/Articles/754227,mupdf,2018-05-10
ASA-201805-6,https://lwn.net/Articles/754226,libmupdf,2018-05-10
ASA-201805-7,https://lwn.net/Articles/754229,mupdf-tools,2018-05-10
ASA-201805-5,https://lwn.net/Articles/754228,mupdf-gl,2018-05-10
ASA-201805-1,https://lwn.net/Articles/754115,powerdns,2018-05-09
ASA-201805-2,https://lwn.net/Articles/754114,libraw,2018-05-09
ASA-201805-3,https://lwn.net/Articles/754113,freetype2,2018-05-09
ASA-201804-10,https://lwn.net/Articles/753118,drupal,2018-04-29
ASA-201804-8,https://lwn.net/Articles/752648,roundcubemail,2018-04-23
ASA-201804-7,https://lwn.net/Articles/752650,zsh,2018-04-23
ASA-201804-9,https://lwn.net/Articles/752649,xfig,2018-04-23
ASA-201804-6,https://lwn.net/Articles/751925,lib32-openssl,2018-04-15
ASA-201804-5,https://lwn.net/Articles/751926,zsh,2018-04-15
ASA-201804-4,https://lwn.net/Articles/751773,apache,2018-04-12
ASA-201804-2,https://lwn.net/Articles/751308,openssl,2018-04-09
ASA-201804-3,https://lwn.net/Articles/751309,zziplib,2018-04-09
ASA-201804-1,https://lwn.net/Articles/751014,drupal,2018-04-04
ASA-201803-24,https://lwn.net/Articles/750116,bchunk,2018-03-26
ASA-201803-23,https://lwn.net/Articles/750118,xerces-c,2018-03-26
ASA-201803-22,https://lwn.net/Articles/750117,thunderbird,2018-03-25
ASA-201803-21,https://lwn.net/Articles/749950,lib32-libvorbis,2018-03-22
ASA-201803-20,https://lwn.net/Articles/749748,lib32-libcurl-gnutls,2018-03-20
ASA-201803-14,https://lwn.net/Articles/749744,clamav,2018-03-20
ASA-201803-15,https://lwn.net/Articles/749745,curl,2018-03-20
ASA-201803-16,https://lwn.net/Articles/749746,lib32-curl,2018-03-20
ASA-201803-18,https://lwn.net/Articles/749747,lib32-libcurl-compat,2018-03-20
ASA-201803-17,https://lwn.net/Articles/749749,libcurl-compat,2018-03-20
ASA-201803-19,https://lwn.net/Articles/749750,libcurl-gnutls,2018-03-20
ASA-201803-12,https://lwn.net/Articles/749615,libvorbis,2018-03-19
ASA-201803-13,https://lwn.net/Articles/749614,firefox,2018-03-19
ASA-201803-11,https://lwn.net/Articles/749616,ntp,2018-03-18
ASA-201803-10,https://lwn.net/Articles/749384,samba,2018-03-14
ASA-201803-9,https://lwn.net/Articles/749262,postgresql,2018-03-14
ASA-201803-7,https://lwn.net/Articles/749261,dovecot,2018-03-13
ASA-201803-8,https://lwn.net/Articles/749260,calibre,2018-03-13
ASA-201803-3,https://lwn.net/Articles/748613,dhclient,2018-03-06
ASA-201803-6,https://lwn.net/Articles/748696,python2-django,2018-03-06
ASA-201803-5,https://lwn.net/Articles/748695,python-django,2018-03-06
ASA-201803-4,https://lwn.net/Articles/748614,dhcp,2018-03-06
ASA-201803-1,https://lwn.net/Articles/748541,busybox,2018-03-04
ASA-201803-2,https://lwn.net/Articles/748542,mkinitcpio-busybox,2018-03-04
ASA-201802-15,https://lwn.net/Articles/748242,mbedtls,2018-02-28
ASA-201802-11,https://lwn.net/Articles/748036,phpmyadmin,2018-02-24
ASA-201802-13,https://lwn.net/Articles/748035,lib32-wavpack,2018-02-24
ASA-201802-12,https://lwn.net/Articles/748038,wavpack,2018-02-24
ASA-201802-14,https://lwn.net/Articles/748037,unixodbc,2018-02-24
ASA-201802-10,https://lwn.net/Articles/747792,strongswan,2018-02-22
ASA-201802-9,https://lwn.net/Articles/747681,libmspack,2018-02-21
ASA-201802-8,https://lwn.net/Articles/747528,irssi,2018-02-16
ASA-201802-7,https://lwn.net/Articles/747238,mpv,2018-02-13
ASA-201802-6,https://lwn.net/Articles/747237,exim,2018-02-13
ASA-201802-5,https://lwn.net/Articles/747153,sthttpd,2018-02-12
ASA-201802-3,https://lwn.net/Articles/747100,go-pie,2018-02-09
ASA-201802-2,https://lwn.net/Articles/747099,go,2018-02-09
ASA-201802-4,https://lwn.net/Articles/747102,plasma-workspace,2018-02-09
ASA-201802-1,https://lwn.net/Articles/746976,clamav,2018-02-09
ASA-201801-31,https://lwn.net/Articles/745886,zathura-pdf-mupdf,2018-01-31
ASA-201801-32,https://lwn.net/Articles/745881,dnsmasq,2018-01-31
ASA-201801-29,https://lwn.net/Articles/745882,libmupdf,2018-01-31
ASA-201801-27,https://lwn.net/Articles/745883,mupdf,2018-01-31
ASA-201801-30,https://lwn.net/Articles/745885,mupdf-tools,2018-01-31
ASA-201801-28,https://lwn.net/Articles/745884,mupdf-gl,2018-01-31
ASA-201801-25,https://lwn.net/Articles/745758,lib32-libcurl-gnutls,2018-01-29
ASA-201801-22,https://lwn.net/Articles/745756,lib32-curl,2018-01-29
ASA-201801-19,https://lwn.net/Articles/745648,lib32-glibc,2018-01-29
ASA-201801-26,https://lwn.net/Articles/745757,lib32-libcurl-compat,2018-01-29
ASA-201801-18,https://lwn.net/Articles/745647,glibc,2018-01-29
ASA-201801-23,https://lwn.net/Articles/745759,libcurl-compat,2018-01-29
ASA-201801-24,https://lwn.net/Articles/745760,libcurl-gnutls,2018-01-29
ASA-201801-21,https://lwn.net/Articles/745761,rsync,2018-01-29
ASA-201801-20,https://lwn.net/Articles/745755,curl,2018-01-29
ASA-201801-17,https://lwn.net/Articles/745649,zziplib,2018-01-28
ASA-201801-13,https://lwn.net/Articles/744779,transmission-cli,2018-01-18
ASA-201801-12,https://lwn.net/Articles/744776,irssi,2018-01-18
ASA-201801-14,https://lwn.net/Articles/744777,nrpe,2018-01-18
ASA-201801-16,https://lwn.net/Articles/744775,bind,2018-01-18
ASA-201801-15,https://lwn.net/Articles/744778,perl-xml-libxml,2018-01-18
ASA-201801-11,https://lwn.net/Articles/744356,qtpass,2018-01-14
ASA-201801-10,https://lwn.net/Articles/744152,intel-ucode,2018-01-11
ASA-201801-8,https://lwn.net/Articles/744060,lib32-glibc,2018-01-10
ASA-201801-9,https://lwn.net/Articles/744059,glibc,2018-01-10
ASA-201801-7,https://lwn.net/Articles/743677,graphicsmagick,2018-01-09
ASA-201801-6,https://lwn.net/Articles/743678,linux-lts,2018-01-08
ASA-201801-5,https://lwn.net/Articles/743541,mongodb,2018-01-07
ASA-201801-3,https://lwn.net/Articles/743540,linux-zen,2018-01-05
ASA-201801-1,https://lwn.net/Articles/743211,kernel,2018-01-05
ASA-201801-4,https://lwn.net/Articles/743538,linux-hardened,2018-01-05
ASA-201801-2,https://lwn.net/Articles/743539,linux-lts,2018-01-05
ASA-201712-11,https://lwn.net/Articles/741735,lib32-openssl-1.0,2017-12-17
ASA-201712-9,https://lwn.net/Articles/741736,openssl-1.0,2017-12-16
ASA-201712-8,https://lwn.net/Articles/741734,chromium,2017-12-16
ASA-201712-10,https://lwn.net/Articles/741737,tor,2017-12-16
ASA-201712-7,https://lwn.net/Articles/741435,quagga,2017-12-14
ASA-201712-6,https://lwn.net/Articles/741434,qt5-webengine,2017-12-13
ASA-201712-5,https://lwn.net/Articles/740962,chromium,2017-12-07
ASA-201712-4,https://lwn.net/Articles/740963,vlc,2017-12-07
ASA-201712-1,https://lwn.net/Articles/740562,samba,2017-12-03
ASA-201712-3,https://lwn.net/Articles/740559,libofx,2017-12-03
ASA-201712-2,https://lwn.net/Articles/740550,cacti,2017-12-03
ASA-201711-36,https://lwn.net/Articles/740553,lib32-curl,2017-12-01
ASA-201711-35,https://lwn.net/Articles/740557,libcurl-compat,2017-12-01
ASA-201711-40,https://lwn.net/Articles/740563,shadowsocks-libev,2017-12-01
ASA-201711-33,https://lwn.net/Articles/740551,curl,2017-12-01
ASA-201711-43,https://lwn.net/Articles/740564,thunderbird,2017-12-01
ASA-201711-42,https://lwn.net/Articles/740556,lib32-libxcursor,2017-12-01
ASA-201711-34,https://lwn.net/Articles/740558,libcurl-gnutls,2017-12-01
ASA-201711-37,https://lwn.net/Articles/740555,lib32-libcurl-gnutls,2017-12-01
ASA-201711-41,https://lwn.net/Articles/740560,libxcursor,2017-12-01
ASA-201711-39,https://lwn.net/Articles/740561,procmail,2017-12-01
ASA-201711-32,https://lwn.net/Articles/740552,exim,2017-12-01
ASA-201711-38,https://lwn.net/Articles/740554,lib32-libcurl-compat,2017-12-01
ASA-201711-30,https://lwn.net/Articles/740111,powerdns,2017-11-28
ASA-201711-31,https://lwn.net/Articles/740112,powerdns-recursor,2017-11-28
ASA-201711-29,https://lwn.net/Articles/740022,varnish,2017-11-27
ASA-201711-28,https://lwn.net/Articles/739894,jbig2dec,2017-11-22
ASA-201711-27,https://lwn.net/Articles/739826,roundcubemail,2017-11-21
ASA-201711-26,https://lwn.net/Articles/739608,lib32-icu,2017-11-20
ASA-201711-25,https://lwn.net/Articles/739607,icu,2017-11-20
ASA-201711-24,https://lwn.net/Articles/739423,couchdb,2017-11-16
ASA-201711-23,https://lwn.net/Articles/739255,firefox,2017-11-16
ASA-201711-21,https://lwn.net/Articles/739256,flashplugin,2017-11-15
ASA-201711-22,https://lwn.net/Articles/739257,lib32-flashplugin,2017-11-15
ASA-201711-20,https://lwn.net/Articles/739258,mediawiki,2017-11-15
ASA-201711-19,https://lwn.net/Articles/738981,konversation,2017-11-14
ASA-201711-16,https://lwn.net/Articles/738704,libextractor,2017-11-10
ASA-201711-15,https://lwn.net/Articles/738703,lib32-openssl,2017-11-10
ASA-201711-18,https://lwn.net/Articles/738706,postgresql-old-upgrade,2017-11-10
ASA-201711-17,https://lwn.net/Articles/738705,postgresql,2017-11-10
ASA-201711-13,https://lwn.net/Articles/738453,libzip,2017-11-08
ASA-201711-14,https://lwn.net/Articles/738454,openssl,2017-11-08
ASA-201711-12,https://lwn.net/Articles/738452,chromium,2017-11-07
ASA-201711-6,https://lwn.net/Articles/738239,curl,2017-11-06
ASA-201711-9,https://lwn.net/Articles/738242,lib32-libcurl-gnutls,2017-11-06
ASA-201711-5,https://lwn.net/Articles/738249,zathura-pdf-mupdf,2017-11-06
ASA-201711-3,https://lwn.net/Articles/738248,mupdf-tools,2017-11-06
ASA-201711-1,https://lwn.net/Articles/738247,mupdf-gl,2017-11-06
ASA-201711-4,https://lwn.net/Articles/738246,mupdf,2017-11-06
ASA-201711-2,https://lwn.net/Articles/738245,libmupdf,2017-11-06
ASA-201711-11,https://lwn.net/Articles/738244,libcurl-gnutls,2017-11-06
ASA-201711-10,https://lwn.net/Articles/738243,libcurl-compat,2017-11-06
ASA-201711-7,https://lwn.net/Articles/738240,lib32-curl,2017-11-06
ASA-201711-8,https://lwn.net/Articles/738241,lib32-libcurl-compat,2017-11-06
ASA-201710-34,https://lwn.net/Articles/737718,wget,2017-10-30
ASA-201710-33,https://lwn.net/Articles/737716,apr-util,2017-10-27
ASA-201710-32,https://lwn.net/Articles/737715,apr,2017-10-27
ASA-201710-31,https://lwn.net/Articles/737717,chromium,2017-10-27
ASA-201710-30,https://lwn.net/Articles/737172,irssi,2017-10-22
ASA-201710-29,https://lwn.net/Articles/737174,xorg-server,2017-10-21
ASA-201710-28,https://lwn.net/Articles/737173,musl,2017-10-21
ASA-201710-27,https://lwn.net/Articles/736999,chromium,2017-10-19
ASA-201710-22,https://lwn.net/Articles/736632,wpa_supplicant,2017-10-17
ASA-201710-26,https://lwn.net/Articles/736748,kernel,2017-10-17
ASA-201710-25,https://lwn.net/Articles/736749,linux-hardened,2017-10-17
ASA-201710-23,https://lwn.net/Articles/736630,hostapd,2017-10-17
ASA-201710-24,https://lwn.net/Articles/736750,linux-zen,2017-10-17
ASA-201710-20,https://lwn.net/Articles/736629,flashplugin,2017-10-16
ASA-201710-21,https://lwn.net/Articles/736631,lib32-flashplugin,2017-10-16
ASA-201710-16,https://lwn.net/Articles/736305,go-pie,2017-10-13
ASA-201710-17,https://lwn.net/Articles/736301,botan,2017-10-13
ASA-201710-18,https://lwn.net/Articles/736306,pcre2,2017-10-13
ASA-201710-15,https://lwn.net/Articles/736304,go,2017-10-13
ASA-201710-19,https://lwn.net/Articles/736307,thunderbird,2017-10-13
ASA-201710-13,https://lwn.net/Articles/736302,flyspray,2017-10-12
ASA-201710-14,https://lwn.net/Articles/736308,wireshark-cli,2017-10-12
ASA-201710-12,https://lwn.net/Articles/736028,salt,2017-10-10
ASA-201710-10,https://lwn.net/Articles/736029,xorg-server,2017-10-10
ASA-201710-11,https://lwn.net/Articles/736027,lame,2017-10-10
ASA-201710-7,https://lwn.net/Articles/735643,libcurl-compat,2017-10-06
ASA-201710-5,https://lwn.net/Articles/735644,libcurl-gnutls,2017-10-06
ASA-201710-3,https://lwn.net/Articles/735639,lib32-curl,2017-10-06
ASA-201710-2,https://lwn.net/Articles/735637,curl,2017-10-06
ASA-201710-9,https://lwn.net/Articles/735640,lib32-krb5,2017-10-06
ASA-201710-6,https://lwn.net/Articles/735641,lib32-libcurl-compat,2017-10-06
ASA-201710-4,https://lwn.net/Articles/735642,lib32-libcurl-gnutls,2017-10-06
ASA-201710-8,https://lwn.net/Articles/735638,krb5,2017-10-06
ASA-201710-1,https://lwn.net/Articles/735240,dnsmasq,2017-10-02
ASA-201709-21,https://lwn.net/Articles/735102,openvpn,2017-09-28
ASA-201709-23,https://lwn.net/Articles/735100,ffmpeg2.8,2017-09-28
ASA-201709-22,https://lwn.net/Articles/735101,nvidia,2017-09-28
ASA-201709-20,https://lwn.net/Articles/734893,weechat,2017-09-27
ASA-201709-20,https://lwn.net/Articles/734894,weechat,2017-09-26
ASA-201709-19,https://lwn.net/Articles/734812,chromium,2017-09-26
ASA-201709-18,https://lwn.net/Articles/734813,libraw,2017-09-25
ASA-201709-17,https://lwn.net/Articles/734473,tomcat7,2017-09-21
ASA-201709-14,https://lwn.net/Articles/733967,lib32-libgcrypt,2017-09-18
ASA-201709-12,https://lwn.net/Articles/733969,linux-zen,2017-09-18
ASA-201709-10,https://lwn.net/Articles/733966,ffmpeg,2017-09-18
ASA-201709-11,https://lwn.net/Articles/733970,newsbeuter,2017-09-18
ASA-201709-13,https://lwn.net/Articles/733968,libgcrypt,2017-09-18
ASA-201709-15,https://lwn.net/Articles/734122,apache,2017-09-18
ASA-201709-16,https://lwn.net/Articles/734123,ettercap,2017-09-18
ASA-201709-9,https://lwn.net/Articles/733807,kernel,2017-09-15
ASA-201709-7,https://lwn.net/Articles/733808,lib32-flashplugin,2017-09-14
ASA-201709-6,https://lwn.net/Articles/733806,flashplugin,2017-09-14
ASA-201709-8,https://lwn.net/Articles/733809,linux-lts,2017-09-14
ASA-201709-5,https://lwn.net/Articles/733685,tcpdump,2017-09-13
ASA-201709-3,https://lwn.net/Articles/733560,bluez,2017-09-13
ASA-201709-4,https://lwn.net/Articles/733561,linux-hardened,2017-09-13
ASA-201709-1,https://lwn.net/Articles/733136,chromium,2017-09-06
ASA-201709-2,https://lwn.net/Articles/733137,postgresql,2017-09-06
ASA-201708-18,https://lwn.net/Articles/731856,thunderbird,2017-08-24
ASA-201708-17,https://lwn.net/Articles/731855,salt,2017-08-24
ASA-201708-16,https://lwn.net/Articles/731745,curl,2017-08-22
ASA-201708-15,https://lwn.net/Articles/731518,newsbeuter,2017-08-21
ASA-201708-9,https://lwn.net/Articles/731011,audiofile,2017-08-15
ASA-201708-11,https://lwn.net/Articles/731019,xorg-server,2017-08-15
ASA-201708-12,https://lwn.net/Articles/731016,spice,2017-08-15
ASA-201708-10,https://lwn.net/Articles/731014,libytnef,2017-08-15
ASA-201708-13,https://lwn.net/Articles/731017,strongswan,2017-08-15
ASA-201708-14,https://lwn.net/Articles/731018,subversion,2017-08-15
ASA-201708-6,https://lwn.net/Articles/731012,git,2017-08-14
ASA-201708-8,https://lwn.net/Articles/731013,jdk7-openjdk,2017-08-14
ASA-201708-7,https://lwn.net/Articles/731015,mercurial,2017-08-14
ASA-201708-1,https://lwn.net/Articles/730582,lib32-flashplugin,2017-08-10
ASA-201708-3,https://lwn.net/Articles/730580,firefox,2017-08-10
ASA-201708-5,https://lwn.net/Articles/730583,libsoup,2017-08-10
ASA-201708-4,https://lwn.net/Articles/730584,varnish,2017-08-10
ASA-201708-2,https://lwn.net/Articles/730581,flashplugin,2017-08-10
ASA-201707-29,https://lwn.net/Articles/729113,chromium,2017-07-28
ASA-201707-30,https://lwn.net/Articles/729112,cacti,2017-07-28
ASA-201707-27,https://lwn.net/Articles/729026,lib32-expat,2017-07-27
ASA-201707-28,https://lwn.net/Articles/729028,wireshark-cli,2017-07-27
ASA-201707-25,https://lwn.net/Articles/729027,webkit2gtk,2017-07-26
ASA-201707-21,https://lwn.net/Articles/728257,c-ares,2017-07-18
ASA-201707-19,https://lwn.net/Articles/728259,gvim,2017-07-18
ASA-201707-23,https://lwn.net/Articles/728258,freeradius,2017-07-18
ASA-201707-18,https://lwn.net/Articles/728260,lib32-libtiff,2017-07-18
ASA-201707-17,https://lwn.net/Articles/728261,libtiff,2017-07-18
ASA-201707-20,https://lwn.net/Articles/728262,pcre,2017-07-18
ASA-201707-24,https://lwn.net/Articles/728263,rkhunter,2017-07-18
ASA-201707-22,https://lwn.net/Articles/728264,vim,2017-07-18
ASA-201707-16,https://lwn.net/Articles/728101,mosquitto,2017-07-16
ASA-201707-14,https://lwn.net/Articles/728100,evince,2017-07-14
ASA-201707-15,https://lwn.net/Articles/728099,apache,2017-07-14
ASA-201707-13,https://lwn.net/Articles/727798,irssi,2017-07-13
ASA-201707-12,https://lwn.net/Articles/727630,nginx-mainline,2017-07-12
ASA-201707-11,https://lwn.net/Articles/727629,nginx,2017-07-12
ASA-201707-7,https://lwn.net/Articles/727628,libdwarf,2017-07-11
ASA-201707-10,https://lwn.net/Articles/727625,flashplugin,2017-07-11
ASA-201707-9,https://lwn.net/Articles/727626,lib32-flashplugin,2017-07-11
ASA-201707-6,https://lwn.net/Articles/727627,lib32-gnutls,2017-07-11
ASA-201707-8,https://lwn.net/Articles/727631,tor,2017-07-11
ASA-201707-3,https://lwn.net/Articles/727070,bind,2017-07-04
ASA-201707-4,https://lwn.net/Articles/727071,qt5-webengine,2017-07-04
ASA-201707-5,https://lwn.net/Articles/727072,systemd,2017-07-04
ASA-201707-2,https://lwn.net/Articles/727009,systemd,2017-07-03
ASA-201707-1,https://lwn.net/Articles/727008,libgcrypt,2017-07-03
ASA-201706-34,https://lwn.net/Articles/726754,apache,2017-06-28
ASA-201706-35,https://lwn.net/Articles/726755,libnl,2017-06-28
ASA-201706-33,https://lwn.net/Articles/726543,poppler,2017-06-26
ASA-201706-32,https://lwn.net/Articles/726542,expat,2017-06-26
ASA-201706-30,https://lwn.net/Articles/726448,linux-zen,2017-06-24
ASA-201706-31,https://lwn.net/Articles/726447,kernel,2017-06-24
ASA-201706-29,https://lwn.net/Articles/726449,tcpreplay,2017-06-23
ASA-201706-25,https://lwn.net/Articles/726214,lxterminal,2017-06-22
ASA-201706-28,https://lwn.net/Articles/726306,linux-hardened,2017-06-22
ASA-201706-24,https://lwn.net/Articles/726215,lxterminal-gtk3,2017-06-22
ASA-201706-26,https://lwn.net/Articles/726217,pcmanfm,2017-06-22
ASA-201706-27,https://lwn.net/Articles/726216,openvpn,2017-06-22
ASA-201706-22,https://lwn.net/Articles/725946,lib32-glibc,2017-06-20
ASA-201706-23,https://lwn.net/Articles/725945,glibc,2017-06-20
ASA-201706-21,https://lwn.net/Articles/725792,chromium,2017-06-18
ASA-201706-19,https://lwn.net/Articles/725793,firefox,2017-06-17
ASA-201706-20,https://lwn.net/Articles/725794,thunderbird,2017-06-17
ASA-201706-15,https://lwn.net/Articles/725478,lib32-flashplugin,2017-06-15
ASA-201706-14,https://lwn.net/Articles/725476,flashplugin,2017-06-15
ASA-201706-17,https://lwn.net/Articles/725479,messagelib,2017-06-15
ASA-201706-16,https://lwn.net/Articles/725477,kmail,2017-06-15
ASA-201706-18,https://lwn.net/Articles/725567,bind,2017-06-15
ASA-201706-13,https://lwn.net/Articles/725356,tor,2017-06-14
ASA-201706-12,https://lwn.net/Articles/725355,gnutls,2017-06-13
ASA-201706-9,https://lwn.net/Articles/725053,wireshark-cli,2017-06-12
ASA-201706-10,https://lwn.net/Articles/725052,lib32-libtasn1,2017-06-12
ASA-201706-11,https://lwn.net/Articles/725051,irssi,2017-06-12
ASA-201706-8,https://lwn.net/Articles/724777,chromium,2017-06-07
ASA-201706-6,https://lwn.net/Articles/724681,tomcat7,2017-06-06
ASA-201706-7,https://lwn.net/Articles/724682,tomcat8,2017-06-06
ASA-201706-4,https://lwn.net/Articles/724611,gajim,2017-06-05
ASA-201706-5,https://lwn.net/Articles/724612,libusbmuxd,2017-06-05
ASA-201706-3,https://lwn.net/Articles/724471,libtasn1,2017-06-02
ASA-201706-2,https://lwn.net/Articles/724470,freeradius,2017-06-02
ASA-201706-1,https://lwn.net/Articles/724340,vlc,2017-06-01
ASA-201705-24,https://lwn.net/Articles/724261,postgresql-libs,2017-05-30
ASA-201705-22,https://lwn.net/Articles/724262,samba,2017-05-30
ASA-201705-23,https://lwn.net/Articles/724260,postgresql,2017-05-30
ASA-201705-25,https://lwn.net/Articles/724263,sudo,2017-05-30
ASA-201705-21,https://lwn.net/Articles/724108,lib32-nss,2017-05-30
ASA-201705-20,https://lwn.net/Articles/723534,lynis,2017-05-22
ASA-201705-19,https://lwn.net/Articles/723452,fop,2017-05-21
ASA-201705-18,https://lwn.net/Articles/723022,libplist,2017-05-17
ASA-201705-16,https://lwn.net/Articles/722749,openvpn,2017-05-13
ASA-201705-17,https://lwn.net/Articles/722748,lxc,2017-05-13
ASA-201705-15,https://lwn.net/Articles/722750,zziplib,2017-05-12
ASA-201705-14,https://lwn.net/Articles/722747,git,2017-05-12
ASA-201705-13,https://lwn.net/Articles/722446,kdelibs,2017-05-10
ASA-201705-6,https://lwn.net/Articles/722449,lib32-libtirpc,2017-05-10
ASA-201705-10,https://lwn.net/Articles/722448,lib32-freetype2,2017-05-10
ASA-201705-5,https://lwn.net/Articles/722450,libtirpc,2017-05-10
ASA-201705-9,https://lwn.net/Articles/722447,lib32-flashplugin,2017-05-10
ASA-201705-8,https://lwn.net/Articles/722442,flashplugin,2017-05-10
ASA-201705-12,https://lwn.net/Articles/722445,kauth,2017-05-10
ASA-201705-3,https://lwn.net/Articles/722444,ghostscript,2017-05-10
ASA-201705-7,https://lwn.net/Articles/722443,freetype2,2017-05-10
ASA-201705-11,https://lwn.net/Articles/722452,smb4k,2017-05-10
ASA-201705-4,https://lwn.net/Articles/722451,rpcbind,2017-05-10
ASA-201705-2,https://lwn.net/Articles/721829,chromium,2017-05-03
ASA-201705-1,https://lwn.net/Articles/721477,dovecot,2017-05-01
ASA-201704-12,https://lwn.net/Articles/721476,curl,2017-04-30
ASA-201704-11,https://lwn.net/Articles/721475,bind,2017-04-30
ASA-201704-9,https://lwn.net/Articles/721287,webkit2gtk,2017-04-28
ASA-201704-10,https://lwn.net/Articles/721286,libtiff,2017-04-28
ASA-201704-8,https://lwn.net/Articles/721285,jenkins,2017-04-27
ASA-201704-7,https://lwn.net/Articles/720758,weechat,2017-04-24
ASA-201704-6,https://lwn.net/Articles/720757,firefox,2017-04-21
ASA-201704-5,https://lwn.net/Articles/720508,chromium,2017-04-20
ASA-201704-4,https://lwn.net/Articles/720509,nss,2017-04-20
ASA-201704-3,https://lwn.net/Articles/719587,mediawiki,2017-04-10
ASA-201704-1,https://lwn.net/Articles/719589,python2-django,2017-04-09
ASA-201704-2,https://lwn.net/Articles/719588,python-django,2017-04-09
ASA-201703-19,https://lwn.net/Articles/718603,chromium,2017-03-31
ASA-201703-18,https://lwn.net/Articles/718012,libpurple,2017-03-23
ASA-201703-17,https://lwn.net/Articles/717771,irssi,2017-03-21
ASA-201703-16,https://lwn.net/Articles/717560,mbedtls,2017-03-20
ASA-201703-15,https://lwn.net/Articles/717559,firefox,2017-03-20
ASA-201703-14,https://lwn.net/Articles/717561,wordpress,2017-03-18
ASA-201703-13,https://lwn.net/Articles/717468,linux-zen,2017-03-16
ASA-201703-12,https://lwn.net/Articles/717237,lib32-flashplugin,2017-03-15
ASA-201703-11,https://lwn.net/Articles/717234,flashplugin,2017-03-15
ASA-201703-10,https://lwn.net/Articles/717238,roundcubemail,2017-03-14
ASA-201703-8,https://lwn.net/Articles/717236,kernel,2017-03-14
ASA-201703-9,https://lwn.net/Articles/717235,jasper,2017-03-14
ASA-201703-6,https://lwn.net/Articles/717086,linux-lts,2017-03-13
ASA-201703-7,https://lwn.net/Articles/717085,linux-grsec,2017-03-13
ASA-201703-5,https://lwn.net/Articles/716924,libxslt,2017-03-12
ASA-201703-4,https://lwn.net/Articles/716922,chromium,2017-03-11
ASA-201703-3,https://lwn.net/Articles/716923,firefox,2017-03-10
ASA-201703-2,https://lwn.net/Articles/716925,thunderbird,2017-03-10
ASA-201703-1,https://lwn.net/Articles/716334,curl,2017-03-03
ASA-201702-18,https://lwn.net/Articles/715370,linux-zen,2017-02-22
ASA-201702-17,https://lwn.net/Articles/715369,kernel,2017-02-22
ASA-201702-19,https://lwn.net/Articles/715368,bzip2,2017-02-22
ASA-201702-16,https://lwn.net/Articles/714832,lib32-flashplugin,2017-02-17
ASA-201702-15,https://lwn.net/Articles/714831,flashplugin,2017-02-17
ASA-201702-14,https://lwn.net/Articles/714830,diffoscope,2017-02-17
ASA-201702-13,https://lwn.net/Articles/714731,vim,2017-02-15
ASA-201702-12,https://lwn.net/Articles/714730,gvim,2017-02-15
ASA-201702-10,https://lwn.net/Articles/714398,ffmpeg,2017-02-12
ASA-201702-11,https://lwn.net/Articles/714399,kdenetwork-kopete,2017-02-12
ASA-201702-9,https://lwn.net/Articles/714400,webkit2gtk,2017-02-11
ASA-201702-8,https://lwn.net/Articles/714228,bind,2017-02-10
ASA-201702-7,https://lwn.net/Articles/713735,gstreamer,2017-02-05
ASA-201702-6,https://lwn.net/Articles/713734,gst-plugins-ugly,2017-02-05
ASA-201702-3,https://lwn.net/Articles/713733,gst-plugins-good,2017-02-05
ASA-201702-4,https://lwn.net/Articles/713732,gst-plugins-base-libs,2017-02-05
ASA-201702-5,https://lwn.net/Articles/713731,gst-plugins-bad,2017-02-05
ASA-201702-1,https://lwn.net/Articles/713525,tcpdump,2017-02-02
ASA-201702-2,https://lwn.net/Articles/713524,qt5-webengine,2017-02-02
ASA-201701-41,https://lwn.net/Articles/713250,salt,2017-02-01
ASA-201701-40,https://lwn.net/Articles/712988,thunderbird,2017-01-30
ASA-201701-39,https://lwn.net/Articles/712981,firefox,2017-01-30
ASA-201701-38,https://lwn.net/Articles/712986,linux-zen,2017-01-29
ASA-201701-36,https://lwn.net/Articles/712983,lib32-openssl,2017-01-29
ASA-201701-37,https://lwn.net/Articles/712987,openssl,2017-01-29
ASA-201701-35,https://lwn.net/Articles/712985,linux-lts,2017-01-27
ASA-201701-33,https://lwn.net/Articles/712980,chromium,2017-01-27
ASA-201701-32,https://lwn.net/Articles/712982,kernel,2017-01-27
ASA-201701-34,https://lwn.net/Articles/712984,libimobiledevice,2017-01-27
ASA-201701-31,https://lwn.net/Articles/712625,ed,2017-01-25
ASA-201701-30,https://lwn.net/Articles/712143,powerdns-recursor,2017-01-20
ASA-201701-29,https://lwn.net/Articles/712142,powerdns,2017-01-20
ASA-201701-28,https://lwn.net/Articles/712141,php,2017-01-19
ASA-201701-27,https://lwn.net/Articles/711924,webkit2gtk,2017-01-18
ASA-201701-25,https://lwn.net/Articles/711812,python2-crypto,2017-01-16
ASA-201701-26,https://lwn.net/Articles/711811,python-crypto,2017-01-16
ASA-201701-21,https://lwn.net/Articles/711741,libgit2,2017-01-15
ASA-201701-23,https://lwn.net/Articles/711742,nginx,2017-01-15
ASA-201701-22,https://lwn.net/Articles/711744,wordpress,2017-01-15
ASA-201701-24,https://lwn.net/Articles/711743,nginx-mainline,2017-01-15
ASA-201701-19,https://lwn.net/Articles/711546,docker,2017-01-13
ASA-201701-18,https://lwn.net/Articles/711544,ark,2017-01-13
ASA-201701-16,https://lwn.net/Articles/711547,flashplugin,2017-01-13
ASA-201701-20,https://lwn.net/Articles/711550,libvncserver,2017-01-13
ASA-201701-17,https://lwn.net/Articles/711549,lib32-flashplugin,2017-01-13
ASA-201701-14,https://lwn.net/Articles/711548,irssi,2017-01-12
ASA-201701-15,https://lwn.net/Articles/711545,bind,2017-01-12
ASA-201701-13,https://lwn.net/Articles/711171,icoutils,2017-01-09
ASA-201701-9,https://lwn.net/Articles/710598,lib32-curl,2017-01-04
ASA-201701-12,https://lwn.net/Articles/710603,pcsclite,2017-01-04
ASA-201701-8,https://lwn.net/Articles/710602,libcurl-gnutls,2017-01-04
ASA-201701-11,https://lwn.net/Articles/710600,lib32-libcurl-gnutls,2017-01-04
ASA-201701-7,https://lwn.net/Articles/710601,libcurl-compat,2017-01-04
ASA-201701-10,https://lwn.net/Articles/710599,lib32-libcurl-compat,2017-01-04
ASA-201701-5,https://lwn.net/Articles/710518,lib32-libpng,2017-01-02
ASA-201701-3,https://lwn.net/Articles/710517,gst-plugins-bad,2017-01-02
ASA-201701-6,https://lwn.net/Articles/710519,lib32-libpng12,2017-01-02
ASA-201701-2,https://lwn.net/Articles/710520,libpng,2017-01-02
ASA-201701-4,https://lwn.net/Articles/710521,libpng12,2017-01-02
ASA-201701-1,https://lwn.net/Articles/710406,libwmf,2017-01-01
ASA-201612-22,https://lwn.net/Articles/710405,curl,2016-12-31
ASA-201612-21,https://lwn.net/Articles/710259,openfire,2016-12-27
ASA-201612-20,https://lwn.net/Articles/710061,openssh,2016-12-23
ASA-201612-19,https://lwn.net/Articles/710062,samba,2016-12-23
ASA-201612-18,https://lwn.net/Articles/709626,qt5-webengine,2016-12-17
ASA-201612-16,https://lwn.net/Articles/709440,flashplugin,2016-12-15
ASA-201612-17,https://lwn.net/Articles/709441,lib32-flashplugin,2016-12-15
ASA-201612-15,https://lwn.net/Articles/709115,firefox,2016-12-14
ASA-201612-14,https://lwn.net/Articles/709116,linux-zen,2016-12-13
ASA-201612-13,https://lwn.net/Articles/709117,python-html5lib,2016-12-13
ASA-201612-12,https://lwn.net/Articles/709118,python2-html5lib,2016-12-13
ASA-201612-11,https://lwn.net/Articles/708810,linux-grsec,2016-12-10
ASA-201612-10,https://lwn.net/Articles/708809,kernel,2016-12-10
ASA-201612-9,https://lwn.net/Articles/708640,jasper,2016-12-09
ASA-201612-8,https://lwn.net/Articles/708641,linux-zen,2016-12-09
ASA-201612-6,https://lwn.net/Articles/708332,kernel,2016-12-06
ASA-201612-5,https://lwn.net/Articles/708333,linux-grsec,2016-12-06
ASA-201612-7,https://lwn.net/Articles/708334,linux-lts,2016-12-06
ASA-201612-3,https://lwn.net/Articles/708091,chromium,2016-12-04
ASA-201612-4,https://lwn.net/Articles/708092,libdwarf,2016-12-04
ASA-201612-1,https://lwn.net/Articles/707967,firefox,2016-12-01
ASA-201612-2,https://lwn.net/Articles/707968,thunderbird,2016-12-01
ASA-201611-29,https://lwn.net/Articles/707676,neovim,2016-11-30
ASA-201611-28,https://lwn.net/Articles/707467,ntp,2016-11-26
ASA-201611-27,https://lwn.net/Articles/707465,lib32-libtiff,2016-11-25
ASA-201611-25,https://lwn.net/Articles/707327,wireshark-cli,2016-11-25
ASA-201611-23,https://lwn.net/Articles/707328,wireshark-gtk,2016-11-25
ASA-201611-24,https://lwn.net/Articles/707329,wireshark-qt,2016-11-25
ASA-201611-26,https://lwn.net/Articles/707466,libtiff,2016-11-25
ASA-201611-22,https://lwn.net/Articles/707326,tomcat6,2016-11-23
ASA-201611-21,https://lwn.net/Articles/706969,slock,2016-11-21
ASA-201611-20,https://lwn.net/Articles/706967,drupal,2016-11-19
ASA-201611-19,https://lwn.net/Articles/706968,php,2016-11-18
ASA-201611-18,https://lwn.net/Articles/706970,w3m,2016-11-18
ASA-201611-14,https://lwn.net/Articles/706716,python2-django,2016-11-16
ASA-201611-16,https://lwn.net/Articles/706713,firefox,2016-11-16
ASA-201611-15,https://lwn.net/Articles/706715,python-django,2016-11-16
ASA-201611-17,https://lwn.net/Articles/706714,libgit2,2016-11-16
ASA-201611-13,https://lwn.net/Articles/706455,shutter,2016-11-14
ASA-201611-11,https://lwn.net/Articles/705533,tar,2016-11-03
ASA-201611-7,https://lwn.net/Articles/705527,curl,2016-11-03
ASA-201611-8,https://lwn.net/Articles/705531,libcurl-compat,2016-11-03
ASA-201611-12,https://lwn.net/Articles/705640,lib32-gdk-pixbuf2,2016-11-03
ASA-201611-9,https://lwn.net/Articles/705532,libcurl-gnutls,2016-11-03
ASA-201611-10,https://lwn.net/Articles/705530,lib32-libcurl-gnutls,2016-11-03
ASA-201611-5,https://lwn.net/Articles/705529,lib32-libcurl-compat,2016-11-02
ASA-201611-6,https://lwn.net/Articles/705534,tomcat6,2016-11-02
ASA-201611-4,https://lwn.net/Articles/705528,lib32-curl,2016-11-02
ASA-201611-3,https://lwn.net/Articles/705325,bind,2016-11-01
ASA-201611-2,https://lwn.net/Articles/705197,libxml2,2016-11-01
ASA-201611-1,https://lwn.net/Articles/705198,memcached,2016-11-01
ASA-201610-18,https://lwn.net/Articles/704796,flashplugin,2016-10-26
ASA-201610-19,https://lwn.net/Articles/704797,lib32-flashplugin,2016-10-26
ASA-201610-16,https://lwn.net/Articles/704563,linux-grsec,2016-10-24
ASA-201610-17,https://lwn.net/Articles/704564,ocaml,2016-10-24
ASA-201610-15,https://lwn.net/Articles/704417,chromium,2016-10-23
ASA-201610-14,https://lwn.net/Articles/704418,kernel,2016-10-22
ASA-201610-11,https://lwn.net/Articles/704419,linux-lts,2016-10-21
ASA-201610-13,https://lwn.net/Articles/704420,python-django,2016-10-21
ASA-201610-12,https://lwn.net/Articles/704421,python2-django,2016-10-21
ASA-201610-10,https://lwn.net/Articles/703755,guile,2016-10-16
ASA-201610-9,https://lwn.net/Articles/703584,gdk-pixbuf2,2016-10-13
ASA-201610-8,https://lwn.net/Articles/703438,crypto++,2016-10-12
ASA-201610-7,https://lwn.net/Articles/703072,wpa_supplicant,2016-10-08
ASA-201610-6,https://lwn.net/Articles/703069,imagemagick,2016-10-08
ASA-201610-4,https://lwn.net/Articles/703070,kcoreaddons,2016-10-07
ASA-201610-5,https://lwn.net/Articles/703071,messagelib,2016-10-07
ASA-201610-2,https://lwn.net/Articles/702529,systemd,2016-10-04
ASA-201610-3,https://lwn.net/Articles/702528,hostapd,2016-10-04
ASA-201609-31,https://lwn.net/Articles/702291,c-ares,2016-09-30
ASA-201609-32,https://lwn.net/Articles/702292,wordpress,2016-09-30
ASA-201609-30,https://lwn.net/Articles/702087,openssl,2016-09-28
ASA-201609-28,https://lwn.net/Articles/702086,lib32-openssl,2016-09-27
ASA-201609-29,https://lwn.net/Articles/702085,bind,2016-09-27
ASA-201609-24,https://lwn.net/Articles/701982,lib32-openssl,2016-09-26
ASA-201609-26,https://lwn.net/Articles/701981,lib32-gnutls,2016-09-26
ASA-201609-25,https://lwn.net/Articles/701980,gnutls,2016-09-26
ASA-201609-27,https://lwn.net/Articles/701984,wireshark-cli,2016-09-26
ASA-201609-23,https://lwn.net/Articles/701983,openssl,2016-09-26
ASA-201609-21,https://lwn.net/Articles/701621,tomcat7,2016-09-22
ASA-201609-20,https://lwn.net/Articles/701612,irssi,2016-09-22
ASA-201609-22,https://lwn.net/Articles/701622,firefox,2016-09-22
ASA-201609-19,https://lwn.net/Articles/701340,curl,2016-09-20
ASA-201609-17,https://lwn.net/Articles/701342,lib32-jansson,2016-09-20
ASA-201609-18,https://lwn.net/Articles/701341,lib32-curl,2016-09-20
ASA-201609-16,https://lwn.net/Articles/701117,php,2016-09-18
ASA-201609-14,https://lwn.net/Articles/701116,lib32-libgcrypt,2016-09-17
ASA-201609-13,https://lwn.net/Articles/701114,chromium,2016-09-17
ASA-201609-15,https://lwn.net/Articles/701115,jansson,2016-09-17
ASA-201609-12,https://lwn.net/Articles/700802,lib32-flashplugin,2016-09-15
ASA-201609-11,https://lwn.net/Articles/700801,flashplugin,2016-09-15
ASA-201609-10,https://lwn.net/Articles/700803,mariadb,2016-09-14
ASA-201609-8,https://lwn.net/Articles/700633,libtorrent-rasterbar,2016-09-13
ASA-201609-9,https://lwn.net/Articles/700634,powerdns,2016-09-13
ASA-201609-7,https://lwn.net/Articles/700364,tomcat8,2016-09-10
ASA-201609-4,https://lwn.net/Articles/700089,wordpress,2016-09-09
ASA-201609-6,https://lwn.net/Articles/700363,graphicsmagick,2016-09-09
ASA-201609-5,https://lwn.net/Articles/700362,file-roller,2016-09-09
ASA-201609-3,https://lwn.net/Articles/699650,thunderbird,2016-09-04
ASA-201609-2,https://lwn.net/Articles/699145,webkit2gtk,2016-09-01
ASA-201609-1,https://lwn.net/Articles/699144,chromium,2016-09-01
ASA-201608-22,https://lwn.net/Articles/698768,mupdf,2016-08-31
ASA-201608-21,https://lwn.net/Articles/698632,mupdf,2016-08-30
ASA-201608-20,https://lwn.net/Articles/698461,wireshark-cli,2016-08-27
ASA-201608-19,https://lwn.net/Articles/698321,mediawiki,2016-08-26
ASA-201608-18,https://lwn.net/Articles/698047,libgcrypt,2016-08-22
ASA-201608-17,https://lwn.net/Articles/697919,linux-lts,2016-08-21
ASA-201608-16,https://lwn.net/Articles/697552,chromium,2016-08-17
ASA-201608-15,https://lwn.net/Articles/697553,linux-zen,2016-08-17
ASA-201608-14,https://lwn.net/Articles/697239,postgresql,2016-08-14
ASA-201608-13,https://lwn.net/Articles/697238,linux-grsec,2016-08-14
ASA-201608-12,https://lwn.net/Articles/697237,kernel,2016-08-14
ASA-201608-11,https://lwn.net/Articles/697009,websvn,2016-08-11
ASA-201608-10,https://lwn.net/Articles/697008,jq,2016-08-10
ASA-201608-9,https://lwn.net/Articles/696773,curl,2016-08-08
ASA-201608-7,https://lwn.net/Articles/696669,lib32-glibc,2016-08-08
ASA-201608-6,https://lwn.net/Articles/696668,glibc,2016-08-08
ASA-201608-8,https://lwn.net/Articles/696670,libupnp,2016-08-08
ASA-201608-5,https://lwn.net/Articles/696520,jre7-openjdk-headless,2016-08-05
ASA-201608-3,https://lwn.net/Articles/696518,jdk7-openjdk,2016-08-05
ASA-201608-2,https://lwn.net/Articles/696517,firefox,2016-08-05
ASA-201608-4,https://lwn.net/Articles/696519,jre7-openjdk,2016-08-05
ASA-201608-1,https://lwn.net/Articles/696060,openssh,2016-08-02
ASA-201607-14,https://lwn.net/Articles/695916,libidn,2016-07-30
ASA-201607-13,https://lwn.net/Articles/695915,imagemagick,2016-07-29
ASA-201607-12,https://lwn.net/Articles/695297,chromium,2016-07-24
ASA-201607-11,https://lwn.net/Articles/695299,python2-django,2016-07-22
ASA-201607-9,https://lwn.net/Articles/695158,drupal,2016-07-22
ASA-201607-10,https://lwn.net/Articles/695298,python-django,2016-07-22
ASA-201607-8,https://lwn.net/Articles/695077,bind,2016-07-20
ASA-201607-7,https://lwn.net/Articles/694761,lib32-flashplugin,2016-07-18
ASA-201607-6,https://lwn.net/Articles/694759,flashplugin,2016-07-18
ASA-201607-5,https://lwn.net/Articles/694760,gimp,2016-07-18
ASA-201607-4,https://lwn.net/Articles/694074,thunderbird,2016-07-10
ASA-201607-2,https://lwn.net/Articles/693548,xerces-c,2016-07-05
ASA-201607-1,https://lwn.net/Articles/693546,libarchive,2016-07-05
ASA-201607-3,https://lwn.net/Articles/693547,libreoffice-fresh,2016-07-05
ASA-201606-21,https://lwn.net/Articles/692813,vlc,2016-06-25
ASA-201606-22,https://lwn.net/Articles/692814,xerces-c,2016-06-25
ASA-201606-20,https://lwn.net/Articles/692809,chromium,2016-06-25
ASA-201606-23,https://lwn.net/Articles/692810,libdwarf,2016-06-25
ASA-201606-24,https://lwn.net/Articles/692811,libpurple,2016-06-25
ASA-201606-25,https://lwn.net/Articles/692812,phpmyadmin,2016-06-25
ASA-201606-19,https://lwn.net/Articles/691999,wget,2016-06-20
ASA-201606-18,https://lwn.net/Articles/691997,lib32-flashplugin,2016-06-20
ASA-201606-16,https://lwn.net/Articles/691996,glibc,2016-06-19
ASA-201606-17,https://lwn.net/Articles/691998,lib32-glibc,2016-06-19
ASA-201606-15,https://lwn.net/Articles/691995,flashplugin,2016-06-19
ASA-201606-14,https://lwn.net/Articles/691073,lib32-expat,2016-06-13
ASA-201606-13,https://lwn.net/Articles/691072,expat,2016-06-13
ASA-201606-11,https://lwn.net/Articles/690763,haproxy,2016-06-10
ASA-201606-12,https://lwn.net/Articles/690764,lib32-gnutls,2016-06-10
ASA-201606-10,https://lwn.net/Articles/690762,gnutls,2016-06-10
ASA-201606-6,https://lwn.net/Articles/690375,subversion,2016-06-08
ASA-201606-8,https://lwn.net/Articles/690373,qemu,2016-06-08
ASA-201606-8,https://lwn.net/Articles/690374,qemu-arch-extra,2016-06-08
ASA-201606-7,https://lwn.net/Articles/690372,firefox,2016-06-08
ASA-201606-5,https://lwn.net/Articles/689987,chromium,2016-06-05
ASA-201606-4,https://lwn.net/Articles/689988,ntp,2016-06-04
ASA-201606-3,https://lwn.net/Articles/689989,webkit2gtk,2016-06-04
ASA-201606-1,https://lwn.net/Articles/689558,nginx,2016-06-01
ASA-201606-2,https://lwn.net/Articles/689559,nginx-mainline,2016-06-01
ASA-201605-28,https://lwn.net/Articles/689188,chromium,2016-05-28
ASA-201605-27,https://lwn.net/Articles/688812,libxml2,2016-05-26
ASA-201605-26,https://lwn.net/Articles/688591,libndp,2016-05-24
ASA-201605-25,https://lwn.net/Articles/688189,bugzilla,2016-05-19
ASA-201605-23,https://lwn.net/Articles/687827,lib32-expat,2016-05-18
ASA-201605-22,https://lwn.net/Articles/687826,expat,2016-05-18
ASA-201605-24,https://lwn.net/Articles/688026,p7zip,2016-05-18
ASA-201605-21,https://lwn.net/Articles/687558,thunderbird,2016-05-15
ASA-201605-20,https://lwn.net/Articles/687557,lib32-glibc,2016-05-13
ASA-201605-16,https://lwn.net/Articles/687373,flashplugin,2016-05-13
ASA-201605-17,https://lwn.net/Articles/687375,libksba,2016-05-13
ASA-201605-15,https://lwn.net/Articles/687372,chromium,2016-05-13
ASA-201605-18,https://lwn.net/Articles/687374,lib32-flashplugin,2016-05-13
ASA-201605-19,https://lwn.net/Articles/687556,glibc,2016-05-13
ASA-201605-13,https://lwn.net/Articles/687020,squid,2016-05-10
ASA-201605-14,https://lwn.net/Articles/687019,cacti,2016-05-10
ASA-201605-11,https://lwn.net/Articles/686710,mplayer,2016-05-07
ASA-201605-12,https://lwn.net/Articles/686708,mencoder,2016-05-07
ASA-201605-10,https://lwn.net/Articles/686709,mercurial,2016-05-06
ASA-201605-9,https://lwn.net/Articles/686707,latex2rtf,2016-05-06
ASA-201605-8,https://lwn.net/Articles/686706,gd,2016-05-06
ASA-201605-6,https://lwn.net/Articles/686546,imagemagick,2016-05-06
ASA-201605-7,https://lwn.net/Articles/686545,chromium,2016-05-06
ASA-201605-5,https://lwn.net/Articles/686547,quassel-core,2016-05-05
ASA-201605-1,https://lwn.net/Articles/686253,imlib2,2016-05-04
ASA-201605-4,https://lwn.net/Articles/686255,lib32-openssl,2016-05-04
ASA-201605-3,https://lwn.net/Articles/686256,openssl,2016-05-04
ASA-201605-2,https://lwn.net/Articles/686254,jasper,2016-05-04
ASA-201604-15,https://lwn.net/Articles/685832,firefox,2016-04-30
ASA-201604-14,https://lwn.net/Articles/684975,squid,2016-04-24
ASA-201604-12,https://lwn.net/Articles/684976,thunderbird,2016-04-23
ASA-201604-11,https://lwn.net/Articles/684973,pgpdump,2016-04-23
ASA-201604-13,https://lwn.net/Articles/684974,samba,2016-04-23
ASA-201604-9,https://lwn.net/Articles/684211,libtasn1,2016-04-17
ASA-201604-10,https://lwn.net/Articles/684210,chromium,2016-04-17
ASA-201604-8,https://lwn.net/Articles/683963,lhasa,2016-04-14
ASA-201604-7,https://lwn.net/Articles/683293,flashplugin,2016-04-10
ASA-201604-6,https://lwn.net/Articles/682726,mercurial,2016-04-06
ASA-201604-5,https://lwn.net/Articles/682554,optipng,2016-04-04
ASA-201604-4,https://lwn.net/Articles/682366,squid,2016-04-02
ASA-201604-1,https://lwn.net/Articles/682162,jdk7-openjdk,2016-04-01
ASA-201604-3,https://lwn.net/Articles/682164,jre7-openjdk-headless,2016-04-01
ASA-201604-2,https://lwn.net/Articles/682163,jre7-openjdk,2016-04-01
ASA-201603-25,https://lwn.net/Articles/681740,jdk8-openjdk,2016-03-29
ASA-201603-27,https://lwn.net/Articles/681742,jre8-openjdk-headless,2016-03-29
ASA-201603-26,https://lwn.net/Articles/681741,jre8-openjdk,2016-03-29
ASA-201603-24,https://lwn.net/Articles/681551,chromium,2016-03-26
ASA-201603-22,https://lwn.net/Articles/681355,botan,2016-03-24
ASA-201603-23,https://lwn.net/Articles/681356,expat,2016-03-24
ASA-201603-20,https://lwn.net/Articles/680753,git,2016-03-20
ASA-201603-21,https://lwn.net/Articles/680754,thunderbird,2016-03-20
ASA-201603-19,https://lwn.net/Articles/680149,dropbear,2016-03-14
ASA-201603-18,https://lwn.net/Articles/679989,pcre,2016-03-13
ASA-201603-15,https://lwn.net/Articles/679991,wireshark-cli,2016-03-12
ASA-201603-16,https://lwn.net/Articles/679993,wireshark-qt,2016-03-12
ASA-201603-13,https://lwn.net/Articles/679987,bind,2016-03-12
ASA-201603-17,https://lwn.net/Articles/679992,wireshark-gtk,2016-03-12
ASA-201603-14,https://lwn.net/Articles/679990,pidgin-otr,2016-03-12
ASA-201603-11,https://lwn.net/Articles/679732,lib32-flashplugin,2016-03-11
ASA-201603-10,https://lwn.net/Articles/679731,flashplugin,2016-03-11
ASA-201603-12,https://lwn.net/Articles/679988,openssh,2016-03-11
ASA-201603-8,https://lwn.net/Articles/679568,exim,2016-03-10
ASA-201603-9,https://lwn.net/Articles/679571,perl,2016-03-10
ASA-201603-7,https://lwn.net/Articles/679566,bind,2016-03-10
ASA-201603-5,https://lwn.net/Articles/679567,chromium,2016-03-09
ASA-201603-4,https://lwn.net/Articles/679569,firefox,2016-03-09
ASA-201603-6,https://lwn.net/Articles/679570,libotr,2016-03-09
ASA-201603-2,https://lwn.net/Articles/679088,openssl,2016-03-07
ASA-201603-3,https://lwn.net/Articles/679087,lib32-openssl,2016-03-07
ASA-201603-1,https://lwn.net/Articles/678792,chromium,2016-03-03
ASA-201602-24,https://lwn.net/Articles/677906,cacti,2016-02-28
ASA-201602-22,https://lwn.net/Articles/677907,glibc,2016-02-28
ASA-201602-22,https://lwn.net/Articles/677908,lib32-glibc,2016-02-28
ASA-201602-19,https://lwn.net/Articles/677308,libgcrypt,2016-02-25
ASA-201602-20,https://lwn.net/Articles/677309,libssh2,2016-02-25
ASA-201602-21,https://lwn.net/Articles/677600,lib32-libssh2,2016-02-25
ASA-201602-18,https://lwn.net/Articles/677074,libssh,2016-02-23
ASA-201602-17,https://lwn.net/Articles/676746,chromium,2016-02-21
ASA-201602-16,https://lwn.net/Articles/676747,thunderbird,2016-02-21
ASA-201602-14,https://lwn.net/Articles/676008,glibc,2016-02-17
ASA-201602-15,https://lwn.net/Articles/676243,lib32-glibc,2016-02-17
ASA-201602-12,https://lwn.net/Articles/675679,firefox,2016-02-13
ASA-201602-13,https://lwn.net/Articles/675680,nghttp2,2016-02-13
ASA-201602-11,https://lwn.net/Articles/675211,botan,2016-02-10
ASA-201602-10,https://lwn.net/Articles/675022,kscreenlocker,2016-02-10
ASA-201602-8,https://lwn.net/Articles/674796,lib32-libsndfile,2016-02-06
ASA-201602-8,https://lwn.net/Articles/674797,libsndfile,2016-02-06
ASA-201602-7,https://lwn.net/Articles/674691,libbsd,2016-02-04
ASA-201602-5,https://lwn.net/Articles/674480,nettle,2016-02-03
ASA-201602-6,https://lwn.net/Articles/674479,lib32-nettle,2016-02-03
ASA-201602-2,https://lwn.net/Articles/674354,python2-django,2016-02-02
ASA-201602-1,https://lwn.net/Articles/674352,python-django,2016-02-02
ASA-201602-4,https://lwn.net/Articles/674351,lib32-curl,2016-02-02
ASA-201602-3,https://lwn.net/Articles/674350,curl,2016-02-02
ASA-201601-32,https://lwn.net/Articles/674048,openssl,2016-01-29
ASA-201601-33,https://lwn.net/Articles/674047,lib32-openssl,2016-01-29
ASA-201601-31,https://lwn.net/Articles/673925,nginx,2016-01-27
ASA-201601-26,https://lwn.net/Articles/673408,linux-lts,2016-01-25
ASA-201601-25,https://lwn.net/Articles/673407,ecryptfs-utils,2016-01-25
ASA-201601-28,https://lwn.net/Articles/673560,chromium,2016-01-25
ASA-201601-30,https://lwn.net/Articles/673559,blueman,2016-01-25
ASA-201601-23,https://lwn.net/Articles/673410,python-rsa,2016-01-25
ASA-201601-29,https://lwn.net/Articles/673561,mbedtls,2016-01-25
ASA-201601-24,https://lwn.net/Articles/673411,python2-rsa,2016-01-25
ASA-201601-27,https://lwn.net/Articles/673409,privoxy,2016-01-25
ASA-201601-21,https://lwn.net/Articles/672771,bind,2016-01-21
ASA-201601-22,https://lwn.net/Articles/672772,libdwarf,2016-01-21
ASA-201601-20,https://lwn.net/Articles/672527,kernel,2016-01-20
ASA-201601-14,https://lwn.net/Articles/672284,hub,2016-01-17
ASA-201601-16,https://lwn.net/Articles/672288,syncthing,2016-01-17
ASA-201601-18,https://lwn.net/Articles/672287,roundcubemail,2016-01-17
ASA-201601-19,https://lwn.net/Articles/672286,ntp,2016-01-17
ASA-201601-15,https://lwn.net/Articles/672285,keybase,2016-01-17
ASA-201601-13,https://lwn.net/Articles/672283,go-ipfs,2016-01-17
ASA-201601-12,https://lwn.net/Articles/672280,docker,2016-01-17
ASA-201601-17,https://lwn.net/Articles/672281,ffmpeg,2016-01-17
ASA-201601-11,https://lwn.net/Articles/672282,go,2016-01-16
ASA-201601-10,https://lwn.net/Articles/672043,php,2016-01-14
ASA-201601-9,https://lwn.net/Articles/672042,openssh,2016-01-14
ASA-201601-8,https://lwn.net/Articles/671723,libxslt,2016-01-13
ASA-201601-7,https://lwn.net/Articles/671410,dhcpcd,2016-01-11
ASA-201601-3,https://lwn.net/Articles/671411,gajim,2016-01-09
ASA-201601-2,https://lwn.net/Articles/671415,wordpress,2016-01-09
ASA-201601-6,https://lwn.net/Articles/671414,wireshark-qt,2016-01-09
ASA-201601-5,https://lwn.net/Articles/671413,wireshark-gtk,2016-01-09
ASA-201601-4,https://lwn.net/Articles/671412,wireshark-cli,2016-01-09
ASA-201601-1,https://lwn.net/Articles/670042,rtmpdump,2016-01-02
ASA-201512-19,https://lwn.net/Articles/669496,openvpn,2015-12-28
ASA-201512-17,https://lwn.net/Articles/669494,"flashplugin, lib32-flashplugin",2015-12-28
ASA-201512-18,https://lwn.net/Articles/669495,libpng,2015-12-28
ASA-201512-15,https://lwn.net/Articles/669379,mediawiki,2015-12-25
ASA-201512-14,https://lwn.net/Articles/669381,thunderbird,2015-12-25
ASA-201512-16,https://lwn.net/Articles/669380,nghttp2,2015-12-25
ASA-201512-13,https://lwn.net/Articles/669027,claws-mail,2015-12-22
ASA-201512-11,https://lwn.net/Articles/668264,ruby,2015-12-17
ASA-201512-12,https://lwn.net/Articles/668495,python2-pyamf,2015-12-17
ASA-201512-10,https://lwn.net/Articles/668097,bind,2015-12-16
ASA-201512-9,https://lwn.net/Articles/668098,firefox,2015-12-16
ASA-201512-8,https://lwn.net/Articles/667549,keepassx,2015-12-10
ASA-201512-5,https://lwn.net/Articles/667297,chromium,2015-12-09
ASA-201512-7,https://lwn.net/Articles/667441,flashplugin,2015-12-09
ASA-201512-6,https://lwn.net/Articles/667442,libxml2,2015-12-09
ASA-201512-4,https://lwn.net/Articles/666959,nodejs,2015-12-05
ASA-201512-3,https://lwn.net/Articles/666958,"python-django, python2-django",2015-12-05
ASA-201512-2,https://lwn.net/Articles/666957,openssl lib32-openssl,2015-12-05
ASA-201512-1,https://lwn.net/Articles/666526,chromium,2015-12-02
ASA-201511-11,https://lwn.net/Articles/664844,jenkins,2015-11-18
ASA-201511-10,https://lwn.net/Articles/664733,lib32-libpng,2015-11-17
ASA-201511-9,https://lwn.net/Articles/664734,libpng,2015-11-17
ASA-201511-8,https://lwn.net/Articles/664348,chromium,2015-11-13
ASA-201511-6,https://lwn.net/Articles/664206,powerdns,2015-11-12
ASA-201511-7,https://lwn.net/Articles/664349,putty,2015-11-12
ASA-201511-5,https://lwn.net/Articles/664205,flashplugin,2015-11-11
ASA-201511-3,https://lwn.net/Articles/663483,nss,2015-11-06
ASA-201511-4,https://lwn.net/Articles/663482,nspr,2015-11-06
ASA-201511-2,https://lwn.net/Articles/663036,firefox,2015-11-04
ASA-201511-1,https://lwn.net/Articles/662883,unzip,2015-11-03
ASA-201510-23,https://lwn.net/Articles/662522,phpmyadmin,2015-10-30
ASA-201510-24,https://lwn.net/Articles/662523,wordpress,2015-10-30
ASA-201510-25,https://lwn.net/Articles/662521,lldpd,2015-10-30
ASA-201510-26,https://lwn.net/Articles/662733,mysql,2015-10-30
ASA-201510-22,https://lwn.net/Articles/662159,vorbis-tools,2015-10-27
ASA-201510-21,https://lwn.net/Articles/662017,drupal,2015-10-24
ASA-201510-18,https://lwn.net/Articles/661879,jdk8-openjdk,2015-10-23
ASA-201510-20,https://lwn.net/Articles/661883,jre8-openjdk-headless,2015-10-23
ASA-201510-19,https://lwn.net/Articles/661882,jre8-openjdk,2015-10-23
ASA-201510-16,https://lwn.net/Articles/661880,jre7-openjdk,2015-10-23
ASA-201510-17,https://lwn.net/Articles/661881,jre7-openjdk-headless,2015-10-23
ASA-201510-15,https://lwn.net/Articles/661878,jdk7-openjdk,2015-10-23
ASA-201510-14,https://lwn.net/Articles/661742,ntp,2015-10-22
ASA-201510-13,https://lwn.net/Articles/661334,spice,2015-10-19
ASA-201510-11,https://lwn.net/Articles/661333,miniupnpc,2015-10-18
ASA-201510-12,https://lwn.net/Articles/661332,flashplugin,2015-10-18
ASA-201510-10,https://lwn.net/Articles/661036,firefox,2015-10-16
ASA-201510-9,https://lwn.net/Articles/660877,mbedtls,2015-10-15
ASA-201510-7,https://lwn.net/Articles/660646,flashplugin,2015-10-14
ASA-201510-8,https://lwn.net/Articles/660645,chromium,2015-10-14
ASA-201510-6,https://lwn.net/Articles/660405,gdk-pixbuf2,2015-10-10
ASA-201510-4,https://lwn.net/Articles/659953,bugzilla,2015-10-08
ASA-201510-5,https://lwn.net/Articles/660113,opensmtpd,2015-10-08
ASA-201510-3,https://lwn.net/Articles/659540,nodejs,2015-10-06
ASA-201510-1,https://lwn.net/Articles/659251,libunwind,2015-10-05
ASA-201510-2,https://lwn.net/Articles/659250,hostapd,2015-10-05
ASA-201509-11,https://lwn.net/Articles/658574,chromium,2015-09-28
ASA-201509-10,https://lwn.net/Articles/658428,rpcbind,2015-09-25
ASA-201509-9,https://lwn.net/Articles/658176,firefox,2015-09-23
ASA-201509-8,https://lwn.net/Articles/658054,flashplugin,2015-09-22
ASA-201509-7,https://lwn.net/Articles/657971,wordpress,2015-09-21
ASA-201509-6,https://lwn.net/Articles/657297,icedtea-web,2015-09-14
ASA-201509-5,https://lwn.net/Articles/657298,libvdpau lib32-libvdpau,2015-09-13
ASA-201509-4,https://lwn.net/Articles/657299,openldap,2015-09-12
ASA-201509-3,https://lwn.net/Articles/656853,powerdns,2015-09-07
ASA-201509-2,https://lwn.net/Articles/656507,bind,2015-09-03
ASA-201509-1,https://lwn.net/Articles/656385,chromium,2015-09-02
ASA-201508-12,https://lwn.net/Articles/655959,firefox,2015-08-28
ASA-201508-10,https://lwn.net/Articles/655627,jasper,2015-08-26
ASA-201508-11,https://lwn.net/Articles/655628,pcre,2015-08-26
ASA-201508-8,https://lwn.net/Articles/655626,gnutls,2015-08-25
ASA-201508-9,https://lwn.net/Articles/655629,python-django,2015-08-25
ASA-201508-7,https://lwn.net/Articles/654720,glibc,2015-08-16
ASA-201508-6,https://lwn.net/Articles/654519,freeradius,2015-08-14
ASA-201508-5,https://lwn.net/Articles/654520,subversion,2015-08-14
ASA-201508-4,https://lwn.net/Articles/654245,firefox,2015-08-12
ASA-201508-3,https://lwn.net/Articles/654138,ppp,2015-08-11
ASA-201508-1,https://lwn.net/Articles/653842,firefox,2015-08-07
ASA-201508-2,https://lwn.net/Articles/653843,wordpress,2015-08-07
ASA-201507-21,https://lwn.net/Articles/652756,qemu,2015-07-29
ASA-201507-22,https://lwn.net/Articles/652754,bind,2015-07-29
ASA-201507-23,https://lwn.net/Articles/652755,pacman,2015-07-29
ASA-201507-20,https://lwn.net/Articles/652342,crypto++,2015-07-24
ASA-201507-19,https://lwn.net/Articles/652343,libuser,2015-07-24
ASA-201507-17,https://lwn.net/Articles/652344,openssh,2015-07-23
ASA-201507-18,https://lwn.net/Articles/652341,chromium,2015-07-23
ASA-201507-16,https://lwn.net/Articles/651994,jre7-openjdk,2015-07-22
ASA-201507-15,https://lwn.net/Articles/651716,apache,2015-07-17
ASA-201507-13,https://lwn.net/Articles/651466,flashplugin,2015-07-16
ASA-201507-14,https://lwn.net/Articles/651467,lib32-flashplugin,2015-07-16
ASA-201507-12,https://lwn.net/Articles/650872,lib32-openssl,2015-07-13
ASA-201507-11,https://lwn.net/Articles/650871,lib32-krb5,2015-07-12
ASA-201507-10,https://lwn.net/Articles/650870,krb5,2015-07-12
ASA-201507-9,https://lwn.net/Articles/650873,thunderbird,2015-07-11
ASA-201507-8,https://lwn.net/Articles/650707,openssl,2015-07-09
ASA-201507-7,https://lwn.net/Articles/650504,flashplugin,2015-07-08
ASA-201507-5,https://lwn.net/Articles/650381,ntp,2015-07-07
ASA-201507-6,https://lwn.net/Articles/650503,bind,2015-07-07
ASA-201507-3,https://lwn.net/Articles/650255,haproxy,2015-07-04
ASA-201507-4,https://lwn.net/Articles/650256,openssh,2015-07-04
ASA-201507-2,https://lwn.net/Articles/650105,firefox,2015-07-03
ASA-201507-1,https://lwn.net/Articles/650106,wesnoth,2015-07-03
ASA-201506-5,https://lwn.net/Articles/649202,flashplugin,2015-06-24
ASA-201506-4,https://lwn.net/Articles/649051,curl,2015-06-22
ASA-201506-3,https://lwn.net/Articles/648015,openssl,2015-06-12
ASA-201506-2,https://lwn.net/Articles/647737,cups,2015-06-10
ASA-201506-1,https://lwn.net/Articles/647287,pcre,2015-06-05
ASA-201505-20,https://lwn.net/Articles/646284,curl,2015-05-28
ASA-201505-16,https://lwn.net/Articles/645872,pgbouncer,2015-05-26
ASA-201505-15,https://lwn.net/Articles/645871,nbd,2015-05-26
ASA-201505-17,https://lwn.net/Articles/645873,postgresql,2015-05-26
ASA-201505-18,https://lwn.net/Articles/645874,webkitgtk,2015-05-26
ASA-201505-19,https://lwn.net/Articles/645875,webkitgtk2,2015-05-26
ASA-201505-14,https://lwn.net/Articles/645615,chromium,2015-05-21
ASA-201505-13,https://lwn.net/Articles/644849,thunderbird,2015-05-18
ASA-201505-12,https://lwn.net/Articles/644652,wireshark-gtk,2015-05-15
ASA-201505-11,https://lwn.net/Articles/644653,wireshark-qt,2015-05-15
ASA-201505-10,https://lwn.net/Articles/644651,wireshark-cli,2015-05-15
ASA-201505-9,https://lwn.net/Articles/644457,qemu,2015-05-14
ASA-201505-8,https://lwn.net/Articles/644214,tomcat6,2015-05-13
ASA-201505-7,https://lwn.net/Articles/644213,firefox,2015-05-13
ASA-201505-4,https://lwn.net/Articles/643672,mariadb-clients,2015-05-08
ASA-201505-5,https://lwn.net/Articles/643670,libtasn1,2015-05-08
ASA-201505-6,https://lwn.net/Articles/643894,docker,2015-05-08
ASA-201505-3,https://lwn.net/Articles/643671,mariadb,2015-05-08
ASA-201505-2,https://lwn.net/Articles/643098,clamav,2015-05-04
ASA-201505-1,https://lwn.net/Articles/643099,squid,2015-05-02
ASA-201504-32,https://lwn.net/Articles/642859,perl-xml-libxml,2015-04-30
ASA-201504-30,https://lwn.net/Articles/642362,chromium,2015-04-29
ASA-201504-31,https://lwn.net/Articles/642363,dovecot,2015-04-29
ASA-201504-26,https://lwn.net/Articles/641729,powerdns,2015-04-24
ASA-201504-27,https://lwn.net/Articles/641730,powerdns-recursor,2015-04-24
ASA-201504-28,https://lwn.net/Articles/641983,curl,2015-04-24
ASA-201504-29,https://lwn.net/Articles/641984,wpa_supplicant,2015-04-24
ASA-201504-25,https://lwn.net/Articles/641564,glibc,2015-04-23
ASA-201504-24,https://lwn.net/Articles/641373,firefox,2015-04-22
ASA-201504-23,https://lwn.net/Articles/641227,jre8-openjdk-headless,2015-04-20
ASA-201504-21,https://lwn.net/Articles/641225,jdk8-openjdk,2015-04-20
ASA-201504-22,https://lwn.net/Articles/641226,jre8-openjdk,2015-04-20
ASA-201504-20,https://lwn.net/Articles/641228,tcpdump,2015-04-20
ASA-201504-19,https://lwn.net/Articles/641034,chromium,2015-04-18
ASA-201504-14,https://lwn.net/Articles/640785,php,2015-04-17
ASA-201504-18,https://lwn.net/Articles/641035,flashplugin,2015-04-17
ASA-201504-16,https://lwn.net/Articles/641038,jre7-openjdk,2015-04-17
ASA-201504-15,https://lwn.net/Articles/641037,jdk7-openjdk,2015-04-17
ASA-201504-17,https://lwn.net/Articles/641039,jre7-openjdk-headless,2015-04-17
ASA-201504-13,https://lwn.net/Articles/640272,ruby,2015-04-14
ASA-201504-12,https://lwn.net/Articles/640129,icecast,2015-04-11
ASA-201504-11,https://lwn.net/Articles/639940,mediawiki,2015-04-10
ASA-201504-8,https://lwn.net/Articles/639555,ntp,2015-04-08
ASA-201504-9,https://lwn.net/Articles/639743,chrony,2015-04-08
ASA-201504-7,https://lwn.net/Articles/639370,tor,2015-04-07
ASA-201504-5,https://lwn.net/Articles/639172,java-batik,2015-04-04
ASA-201504-4,https://lwn.net/Articles/639171,firefox,2015-04-04
ASA-201504-6,https://lwn.net/Articles/639173,thunderbird,2015-04-04
ASA-201504-3,https://lwn.net/Articles/639017,libtasn1,2015-04-03
ASA-201504-2,https://lwn.net/Articles/638885,chromium,2015-04-02
ASA-201504-1,https://lwn.net/Articles/638680,firefox,2015-04-01
ASA-201503-26,https://lwn.net/Articles/638597,musl,2015-03-31
ASA-201503-25,https://lwn.net/Articles/638324,php,2015-03-28
ASA-201503-24,https://lwn.net/Articles/638323,vorbis-tools,2015-03-25
ASA-201503-23,https://lwn.net/Articles/638322,util-linux,2015-03-24
ASA-201503-22,https://lwn.net/Articles/638321,cpio,2015-03-23
ASA-201503-21,https://lwn.net/Articles/638320,firefox,2015-03-21
ASA-201503-18,https://lwn.net/Articles/638317,drupal,2015-03-20
ASA-201503-20,https://lwn.net/Articles/638319,tcpdump,2015-03-20
ASA-201503-19,https://lwn.net/Articles/638318,xerces-c,2015-03-20
ASA-201503-16,https://lwn.net/Articles/638315,openssl,2015-03-19
ASA-201503-17,https://lwn.net/Articles/638316,lib32-openssl,2015-03-19
ASA-201503-12,https://lwn.net/Articles/638311,ettercap,2015-03-17
ASA-201503-15,https://lwn.net/Articles/638314,libxfont,2015-03-17
ASA-201503-13,https://lwn.net/Articles/638312,ettercap-gtk,2015-03-17
ASA-201503-14,https://lwn.net/Articles/638313,ecryptfs-utils,2015-03-17
ASA-201503-10,https://lwn.net/Articles/638310,librsync,2015-03-16
ASA-201503-9,https://lwn.net/Articles/638308,unzip,2015-03-15
ASA-201503-8,https://lwn.net/Articles/638307,e2fsprogs,2015-03-12
ASA-201503-7,https://lwn.net/Articles/638306,python2-django python-django,2015-03-11
ASA-201503-6,https://lwn.net/Articles/638305,mutt,2015-03-09
ASA-201503-5,https://lwn.net/Articles/638304,chromium,2015-03-05
ASA-201503-4,https://lwn.net/Articles/638303,grep,2015-03-05
ASA-201503-2,https://lwn.net/Articles/638301,elfutils,2015-03-02
ASA-201503-1,https://lwn.net/Articles/638300,putty,2015-03-02
ASA-201503-3,https://lwn.net/Articles/638302,lib32-elfutils,2015-03-02
