Alert ID,URL,Package Name,Date
DSA-5858-1,https://lwn.net/Articles/1008034,firefox-esr,2025-02-05
DLA-4040-1,https://lwn.net/Articles/1007605,pam-u2f,2025-02-03
DLA-4041-1,https://lwn.net/Articles/1007606,python-aiohttp,2025-02-03
DSA-5857-1,https://lwn.net/Articles/1007860,openjdk-17,2025-02-03
DLA-4039-1,https://lwn.net/Articles/1007603,ffmpeg,2025-02-01
DLA-4038-1,https://lwn.net/Articles/1007602,dcmtk,2025-01-31
DLA-4037-1,https://lwn.net/Articles/1007604,openjdk-11,2025-01-31
DSA-5856-1,https://lwn.net/Articles/1007205,redis,2025-01-30
DSA-5855-1,https://lwn.net/Articles/1006953,chromium,2025-01-30
DLA-4036-1,https://lwn.net/Articles/1007204,debian-security-support,2025-01-30
DSA-5854-1,https://lwn.net/Articles/1006952,bind9,2025-01-29
DSA-5853-1,https://lwn.net/Articles/1006955,pam-u2f,2025-01-29
DLA-4035-1,https://lwn.net/Articles/1006954,flightgear,2025-01-29
DLA-4034-1,https://lwn.net/Articles/1006956,simgear,2025-01-29
DLA-4033-1,https://lwn.net/Articles/1006640,libtar,2025-01-28
DLA-4031-1,https://lwn.net/Articles/1006476,git,2025-01-28
DSA-5852-1,https://lwn.net/Articles/1006641,pdns-recursor,2025-01-28
DLA-4032-1,https://lwn.net/Articles/1006639,iperf3,2025-01-28
DSA-5851-1,https://lwn.net/Articles/1006477,openjpeg2,2025-01-27
DSA-5850-1,https://lwn.net/Articles/1006215,git,2025-01-26
DSA-5849-1,https://lwn.net/Articles/1006216,git-lfs,2025-01-24
DLA-4030-1,https://lwn.net/Articles/1006087,python-django,2025-01-23
DSA-5848-1,https://lwn.net/Articles/1006086,chromium,2025-01-23
DLA-4029-1,https://lwn.net/Articles/1005916,frr,2025-01-23
DLA-4028-1,https://lwn.net/Articles/1005917,git-lfs,2025-01-22
DLA-4027-1,https://lwn.net/Articles/1005693,sympa,2025-01-21
DSA-5847-1,https://lwn.net/Articles/1005782,snapcast,2025-01-21
DLA-4016-1,https://lwn.net/Articles/1005695,ucf,2025-01-21
DLA-4024-1,https://lwn.net/Articles/1005691,poco,2025-01-20
DLA-4023-1,https://lwn.net/Articles/1005690,libebml,2025-01-20
DLA-4021-1,https://lwn.net/Articles/1005596,389-ds-base,2025-01-20
DLA-4026-1,https://lwn.net/Articles/1005694,tiff,2025-01-20
DLA-4025-1,https://lwn.net/Articles/1005692,redis,2025-01-20
DSA-5846-1,https://lwn.net/Articles/1005599,libreoffice,2025-01-19
DLA-4022-1,https://lwn.net/Articles/1005603,tryton-server,2025-01-19
DLA-4019-1,https://lwn.net/Articles/1005597,busybox,2025-01-19
DLA-4020-1,https://lwn.net/Articles/1005598,libreoffice,2025-01-19
DLA-4018-1,https://lwn.net/Articles/1005601,ruby2.7,2025-01-18
DSA-5845-1,https://lwn.net/Articles/1005602,tomcat10,2025-01-17
DLA-4015-2,https://lwn.net/Articles/1005600,rsync,2025-01-17
DLA-4017-1,https://lwn.net/Articles/1005388,tomcat9,2025-01-17
DSA-5843-2,https://lwn.net/Articles/1005387,rsync,2025-01-16
DSA-5844-1,https://lwn.net/Articles/1005270,chromium,2025-01-15
DSA-5843-1,https://lwn.net/Articles/1005141,rsync,2025-01-14
DLA-4015-1,https://lwn.net/Articles/1005142,rsync,2025-01-14
DLA-4014-1,https://lwn.net/Articles/1004911,gnuchess,2025-01-12
DLA-4012-1,https://lwn.net/Articles/1004915,thunderbird,2025-01-11
DSA-5842-1,https://lwn.net/Articles/1004913,openafs,2025-01-11
DLA-4010-1,https://lwn.net/Articles/1004914,python-django,2025-01-11
DLA-4011-1,https://lwn.net/Articles/1004910,firefox-esr,2025-01-11
DLA-4013-1,https://lwn.net/Articles/1004912,node-mocha,2025-01-11
DSA-5841-1,https://lwn.net/Articles/1004916,thunderbird,2025-01-10
DSA-5840-1,https://lwn.net/Articles/1004515,chromium,2025-01-09
DLA-4009-1,https://lwn.net/Articles/1004517,webkit2gtk,2025-01-09
DSA-5839-1,https://lwn.net/Articles/1004516,firefox-esr,2025-01-08
DLA-4008-1,https://lwn.net/Articles/1004063,linux-6.1,2025-01-03
DLA-4007-1,https://lwn.net/Articles/1003911,python-tornado,2025-01-01
DLA-4005-1,https://lwn.net/Articles/1003851,debootstrap,2024-12-31
DLA-4006-1,https://lwn.net/Articles/1003910,python-django,2024-12-31
DSA-5838-1,https://lwn.net/Articles/1003761,gst-plugins-good1.0,2024-12-29
DLA-4004-1,https://lwn.net/Articles/1003762,opensc,2024-12-28
DLA-4003-1,https://lwn.net/Articles/1003589,node-postcss,2024-12-26
DSA-5836-1,https://lwn.net/Articles/1003539,xen,2024-12-26
DSA-5837-1,https://lwn.net/Articles/1003537,fastnetmon,2024-12-26
DSA-5835-1,https://lwn.net/Articles/1003538,webkit2gtk,2024-12-25
DLA-4002-1,https://lwn.net/Articles/1003370,intel-microcode,2024-12-23
DLA-4000-1,https://lwn.net/Articles/1003250,sqlparse,2024-12-21
DLA-4001-1,https://lwn.net/Articles/1003247,libxstream-java,2024-12-21
DLA-3997-1,https://lwn.net/Articles/1003248,php-laravel-framework,2024-12-21
DLA-3998-1,https://lwn.net/Articles/1003249,python-urllib3,2024-12-21
DLA-3999-1,https://lwn.net/Articles/1003246,gst-plugins-base1.0,2024-12-21
DSA-5834-1,https://lwn.net/Articles/1002981,chromium,2024-12-20
DLA-3996-1,https://lwn.net/Articles/1002982,gunicorn,2024-12-20
DSA-5833-1,https://lwn.net/Articles/1002667,dpdk,2024-12-17
DSA-5832-1,https://lwn.net/Articles/1002461,gstreamer1.0,2024-12-16
DLA-3995-1,https://lwn.net/Articles/1002293,libpgjava,2024-12-16
DLA-3994-1,https://lwn.net/Articles/1002292,gstreamer1.0,2024-12-15
DSA-5831-1,https://lwn.net/Articles/1002291,gst-plugins-base1.0,2024-12-14
DLA-3993-1,https://lwn.net/Articles/1002012,pgpool2,2024-12-13
DSA-5830-1,https://lwn.net/Articles/1002013,smarty4,2024-12-12
DLA-3992-1,https://lwn.net/Articles/1001844,libsoup2.4,2024-12-12
DSA-5829-1,https://lwn.net/Articles/1002011,chromium,2024-12-12
DLA-3991-1,https://lwn.net/Articles/1001846,upx-ucl,2024-12-11
DSA-5828-1,https://lwn.net/Articles/1001845,python-aiohttp,2024-12-11
DSA-5827-1,https://lwn.net/Articles/1001703,proftpd-dfsg,2024-12-10
DSA-5826-1,https://lwn.net/Articles/1001704,smarty3,2024-12-10
DLA-3988-1,https://lwn.net/Articles/1001394,jinja2,2024-12-09
DLA-3989-1,https://lwn.net/Articles/1001397,ruby-doorkeeper,2024-12-09
DLA-3990-1,https://lwn.net/Articles/1001390,avahi,2024-12-09
DLA-3988-2,https://lwn.net/Articles/1001565,jinja2,2024-12-09
DLA-3987-1,https://lwn.net/Articles/1001396,renderdoc,2024-12-08
DLA-3986-1,https://lwn.net/Articles/1001395,php7.4,2024-12-08
DLA-3984-1,https://lwn.net/Articles/1001398,zabbix,2024-12-07
DLA-3985-1,https://lwn.net/Articles/1001393,gsl,2024-12-07
DLA-3983-1,https://lwn.net/Articles/1001140,clamav,2024-12-06
DSA-5825-1,https://lwn.net/Articles/1001391,ceph,2024-12-06
DSA-5824-1,https://lwn.net/Articles/1001392,chromium,2024-12-06
DLA-3982-1,https://lwn.net/Articles/1000570,webkit2gtk,2024-12-03
DSA-5823-1,https://lwn.net/Articles/1000569,webkit2gtk,2024-12-02
DSA-5822-1,https://lwn.net/Articles/1000448,simplesamlphp,2024-12-02
DLA-3981-1,https://lwn.net/Articles/1000447,simplesamlphp,2024-12-02
DSA-5822-1,https://lwn.net/Articles/1000448,simplesamlphp,2024-12-02
DLA-3980-1,https://lwn.net/Articles/1000446,python3.9,2024-12-02
DSA-5823-1,https://lwn.net/Articles/1000569,webkit2gtk,2024-12-02
DLA-3974-1,https://lwn.net/Articles/1000442,dnsmasq,2024-11-30
DLA-3979-1,https://lwn.net/Articles/1000444,lemonldap-ng,2024-11-30
DLA-3977-1,https://lwn.net/Articles/1000450,xfpt,2024-11-30
DLA-3978-1,https://lwn.net/Articles/1000443,editorconfig-core,2024-11-30
DLA-3976-1,https://lwn.net/Articles/1000449,tgt,2024-11-30
DLA-3975-1,https://lwn.net/Articles/1000445,proftpd-dfsg,2024-11-29
DLA-3970-1,https://lwn.net/Articles/1000159,twisted,2024-11-28
DLA-3972-1,https://lwn.net/Articles/1000160,tzdata,2024-11-28
DLA-3971-1,https://lwn.net/Articles/1000157,firefox-esr,2024-11-28
DLA-3969-1,https://lwn.net/Articles/1000041,thunderbird,2024-11-28
DLA-3973-1,https://lwn.net/Articles/1000158,redis,2024-11-28
DSA-5820-1,https://lwn.net/Articles/1000039,firefox-esr,2024-11-27
DLA-3968-1,https://lwn.net/Articles/1000040,netatalk,2024-11-27
DSA-5821-1,https://lwn.net/Articles/1000042,thunderbird,2024-11-27
DLA-3967-1,https://lwn.net/Articles/999874,mpg123,2024-11-26
DSA-5819-1,https://lwn.net/Articles/999875,php8.2,2024-11-26
DLA-3966-1,https://lwn.net/Articles/999721,pypy3,2024-11-26
DLA-3964-1,https://lwn.net/Articles/999565,intel-microcode,2024-11-24
DLA-3965-1,https://lwn.net/Articles/999563,ghostscript,2024-11-24
DSA-5818-1,https://lwn.net/Articles/999566,kernel,2024-11-24
DLA-3963-1,https://lwn.net/Articles/999561,ansible,2024-11-24
DSA-5817-1,https://lwn.net/Articles/999562,chromium,2024-11-23
DLA-3962-1,https://lwn.net/Articles/999564,glib2.0,2024-11-23
DLA-3961-1,https://lwn.net/Articles/999058,webkit2gtk,2024-11-22
DSA-5812-2,https://lwn.net/Articles/999057,postgresql-15,2024-11-21
DLA-3954-2,https://lwn.net/Articles/999056,postgresql-13,2024-11-21
DLA-3960-1,https://lwn.net/Articles/998843,thunderbird,2024-11-20
DSA-5816-1,https://lwn.net/Articles/998839,libmodule-scandeps-perl,2024-11-19
DLA-3959-1,https://lwn.net/Articles/998838,guix,2024-11-19
DLA-3957-1,https://lwn.net/Articles/998841,needrestart,2024-11-19
DSA-5815-1,https://lwn.net/Articles/998842,needrestart,2024-11-19
DLA-3958-1,https://lwn.net/Articles/998840,libmodule-scandeps-perl,2024-11-19
DLA-3956-1,https://lwn.net/Articles/998528,smarty3,2024-11-17
DLA-3954-1,https://lwn.net/Articles/998526,postgresql-13,2024-11-16
DLA-3953-1,https://lwn.net/Articles/998525,icinga2,2024-11-16
DLA-3955-1,https://lwn.net/Articles/998531,waitress,2024-11-16
DSA-5814-1,https://lwn.net/Articles/998530,thunderbird,2024-11-15
DSA-5813-1,https://lwn.net/Articles/998529,symfony,2024-11-15
DSA-5812-1,https://lwn.net/Articles/998527,postgresql-15,2024-11-15
DLA-3951-1,https://lwn.net/Articles/998274,curl,2024-11-14
DLA-3952-1,https://lwn.net/Articles/998275,unbound,2024-11-14
DSA-5809-1,https://lwn.net/Articles/997896,symfony,2024-11-11
DLA-3949-1,https://lwn.net/Articles/997895,ruby-saml,2024-11-11
DSA-5808-1,https://lwn.net/Articles/997892,ghostscript,2024-11-11
DLA-3950-1,https://lwn.net/Articles/997893,libarchive,2024-11-11
DSA-5811-1,https://lwn.net/Articles/997894,mpg123,2024-11-11
DSA-5810-1,https://lwn.net/Articles/997891,chromium,2024-11-11
DSA-5807-1,https://lwn.net/Articles/997717,nss,2024-11-10
DSA-5806-1,https://lwn.net/Articles/997716,libarchive,2024-11-09
DSA-5805-1,https://lwn.net/Articles/997715,guix,2024-11-08
DSA-5804-1,https://lwn.net/Articles/997459,webkit2gtk,2024-11-07
DLA-3948-1,https://lwn.net/Articles/997356,pypy3,2024-11-07
DLA-3947-1,https://lwn.net/Articles/997355,puma,2024-11-06
DLA-3945-1,https://lwn.net/Articles/997140,libheif,2024-11-05
DLA-3946-1,https://lwn.net/Articles/997139,context,2024-11-05
DSA-5803-1,https://lwn.net/Articles/997141,thunderbird,2024-11-05
DLA-3944-1,https://lwn.net/Articles/996866,thunderbird,2024-11-04
DSA-5802-1,https://lwn.net/Articles/996864,chromium,2024-11-03
DLA-3942-2,https://lwn.net/Articles/996865,openssl,2024-11-03
DSA-5801-1,https://lwn.net/Articles/996496,firefox-esr,2024-10-31
DLA-3943-1,https://lwn.net/Articles/996660,firefox-esr,2024-10-31
DLA-3942-1,https://lwn.net/Articles/996497,openssl,2024-10-31
DLA-3941-1,https://lwn.net/Articles/996288,texlive-bin,2024-10-30
DLA-3939-1,https://lwn.net/Articles/996287,python-git,2024-10-29
DLA-3938-1,https://lwn.net/Articles/996192,exim4,2024-10-29
DSA-5800-1,https://lwn.net/Articles/996289,xorg-server,2024-10-29
DLA-3940-1,https://lwn.net/Articles/996290,xorg-server,2024-10-29
DLA-3937-1,https://lwn.net/Articles/996032,nss,2024-10-28
DSA-5799-1,https://lwn.net/Articles/996030,chromium,2024-10-28
DSA-5798-1,https://lwn.net/Articles/996029,activemq,2024-10-26
DLA-3936-1,https://lwn.net/Articles/996028,activemq,2024-10-25
DSA-5796-1,https://lwn.net/Articles/996031,libheif,2024-10-25
DSA-5797-1,https://lwn.net/Articles/996033,twisted,2024-10-25
DLA-3935-1,https://lwn.net/Articles/995763,distro-info-data,2024-10-24
DLA-3931-1,https://lwn.net/Articles/995058,ghostscript,2024-10-22
DLA-3934-1,https://lwn.net/Articles/995278,libheif,2024-10-22
DLA-3932-1,https://lwn.net/Articles/995279,python-sql,2024-10-22
DLA-3930-1,https://lwn.net/Articles/995059,libsepol,2024-10-22
DLA-3933-1,https://lwn.net/Articles/995277,dmitry,2024-10-22
DLA-3929-1,https://lwn.net/Articles/995060,openjdk-11,2024-10-21
DLA-3927-1,https://lwn.net/Articles/995061,openjdk-17,2024-10-21
DSA-5794-1,https://lwn.net/Articles/995062,openjdk-17,2024-10-21
DSA-5795-1,https://lwn.net/Articles/995064,python-sql,2024-10-21
DLA-3926-1,https://lwn.net/Articles/995063,perl,2024-10-21
DLA-3928-1,https://lwn.net/Articles/995057,ffmpeg,2024-10-21
DLA-3925-1,https://lwn.net/Articles/994886,asterisk,2024-10-20
DSA-5793-1,https://lwn.net/Articles/994887,chromium,2024-10-20
DLA-3924-1,https://lwn.net/Articles/994888,php-horde-mime-viewer,2024-10-19
DLA-3923-1,https://lwn.net/Articles/994889,php-horde-turba,2024-10-19
DLA-3921-1,https://lwn.net/Articles/994692,apache2,2024-10-17
DLA-3922-1,https://lwn.net/Articles/994614,python-cryptography,2024-10-17
DLA-3920-1,https://lwn.net/Articles/994216,php7.4,2024-10-15
DSA-5792-1,https://lwn.net/Articles/994217,webkit2gtk,2024-10-14
DLA-3919-1,https://lwn.net/Articles/994215,libapache-mod-jk,2024-10-14
DLA-3918-1,https://lwn.net/Articles/994006,docker.io,2024-10-13
DSA-5790-1,https://lwn.net/Articles/994008,node-dompurify,2024-10-13
DSA-5791-1,https://lwn.net/Articles/994010,python-reportlab,2024-10-13
DSA-5790-1,https://lwn.net/Articles/994008,node-dompurify,2024-10-13
DLA-3916-1,https://lwn.net/Articles/994011,thunderbird,2024-10-12
DLA-3915-1,https://lwn.net/Articles/994007,libreoffice,2024-10-12
DSA-5789-1,https://lwn.net/Articles/994012,thunderbird,2024-10-12
DLA-3914-1,https://lwn.net/Articles/993761,firefox-esr,2024-10-10
DSA-5788-1,https://lwn.net/Articles/993762,firefox-esr,2024-10-10
DSA-5787-1,https://lwn.net/Articles/993572,chromium,2024-10-09
DSA-5729-2,https://lwn.net/Articles/993391,apache2,2024-10-08
DLA-3913-1,https://lwn.net/Articles/993392,firefox-esr,2024-10-08
DLA-3911-1,https://lwn.net/Articles/993122,libgsf,2024-10-07
DLA-3912-1,https://lwn.net/Articles/993257,kernel,2024-10-07
DSA-5786-1,https://lwn.net/Articles/993121,libgsf,2024-10-05
DSA-5785-1,https://lwn.net/Articles/993123,mediawiki,2024-10-05
DSA-5783-1,https://lwn.net/Articles/993120,firefox-esr,2024-10-04
DSA-5784-1,https://lwn.net/Articles/993124,oath-toolkit,2024-10-04
DLA-3910-1,https://lwn.net/Articles/993119,e2fsprogs,2024-10-04
DSA-5782-1,https://lwn.net/Articles/992916,kernel,2024-10-03
DSA-5781-1,https://lwn.net/Articles/992784,chromium,2024-10-03
DLA-3909-1,https://lwn.net/Articles/992917,zabbix,2024-10-03
DSA-5780-1,https://lwn.net/Articles/992785,php8.2,2024-10-02
DLA-3908-1,https://lwn.net/Articles/992433,debian-security-support,2024-09-30
DLA-3906-1,https://lwn.net/Articles/992245,wireshark,2024-09-30
DLA-3907-1,https://lwn.net/Articles/992435,sqlite3,2024-09-30
DSA-5778-1,https://lwn.net/Articles/992238,cups-filters,2024-09-29
DSA-5779-1,https://lwn.net/Articles/992236,cups,2024-09-29
DLA-3903-1,https://lwn.net/Articles/992244,unbound,2024-09-29
DLA-3905-1,https://lwn.net/Articles/992237,cups-filters,2024-09-29
DLA-3904-1,https://lwn.net/Articles/992235,cups,2024-09-29
DLA-3902-1,https://lwn.net/Articles/992242,ruby-rails-html-sanitizer,2024-09-28
DLA-3901-1,https://lwn.net/Articles/992241,ruby-loofah,2024-09-28
DLA-3900-1,https://lwn.net/Articles/992240,ruby-httparty,2024-09-28
DLA-3899-1,https://lwn.net/Articles/992239,python-asyncssh,2024-09-27
DLA-3897-1,https://lwn.net/Articles/991995,trafficserver,2024-09-27
DSA-5777-1,https://lwn.net/Articles/992234,booth,2024-09-27
DLA-3898-1,https://lwn.net/Articles/992434,nghttp2,2024-09-27
DSA-5776-1,https://lwn.net/Articles/992243,tryton-server,2024-09-27
DSA-5775-1,https://lwn.net/Articles/991994,chromium,2024-09-26
DLA-3896-1,https://lwn.net/Articles/991866,mediawiki,2024-09-26
DLA-3895-1,https://lwn.net/Articles/991867,puredata,2024-09-25
DLA-3894-1,https://lwn.net/Articles/991668,booth,2024-09-24
DSA-5774-1,https://lwn.net/Articles/991333,ruby-saml,2024-09-20
DLA-3893-1,https://lwn.net/Articles/990817,expat,2024-09-19
DSA-5773-1,https://lwn.net/Articles/990997,chromium,2024-09-19
DLA-3892-1,https://lwn.net/Articles/990818,tinyproxy,2024-09-18
DLA-3891-1,https://lwn.net/Articles/990715,mariadb-10.5,2024-09-18
DSA-5771-1,https://lwn.net/Articles/990716,php-twig,2024-09-17
DLA-3890-1,https://lwn.net/Articles/990713,galera-4,2024-09-17
DSA-5770-1,https://lwn.net/Articles/990712,expat,2024-09-17
DSA-5772-1,https://lwn.net/Articles/990714,libreoffice,2024-09-17
DLA-3888-1,https://lwn.net/Articles/990551,php-twig,2024-09-16
DLA-3889-1,https://lwn.net/Articles/990552,pymongo,2024-09-16
DLA-3886-1,https://lwn.net/Articles/990436,nodejs,2024-09-14
DLA-3887-1,https://lwn.net/Articles/990437,ring,2024-09-14
DSA-5769-1,https://lwn.net/Articles/990435,git,2024-09-13
DSA-5768-1,https://lwn.net/Articles/989995,chromium,2024-09-11
DLA-3885-1,https://lwn.net/Articles/989996,redis,2024-09-10
DLA-3884-1,https://lwn.net/Articles/989576,cacti,2024-09-09
DLA-3882-1,https://lwn.net/Articles/989472,thunderbird,2024-09-09
DLA-3883-1,https://lwn.net/Articles/989471,python-jwcrypto,2024-09-09
DSA-5767-1,https://lwn.net/Articles/989473,thunderbird,2024-09-08
DLA-3880-1,https://lwn.net/Articles/989468,amanda,2024-09-07
DLA-3879-1,https://lwn.net/Articles/989470,bluez,2024-09-07
DLA-3881-1,https://lwn.net/Articles/989469,aom,2024-09-07
DLA-3870-1,https://lwn.net/Articles/989011,python-oslo.utils,2024-09-05
DLA-3876-1,https://lwn.net/Articles/989013,setuptools,2024-09-05
DLA-3877-1,https://lwn.net/Articles/989012,ruby-sinatra,2024-09-05
DLA-3875-1,https://lwn.net/Articles/989008,gnutls28,2024-09-05
DLA-3878-1,https://lwn.net/Articles/989163,libxml2,2024-09-05
DLA-3872-1,https://lwn.net/Articles/989007,glance,2024-09-05
DSA-5766-1,https://lwn.net/Articles/989005,chromium,2024-09-05
DLA-3873-1,https://lwn.net/Articles/989009,nova,2024-09-05
DLA-3874-1,https://lwn.net/Articles/989010,nsis,2024-09-05
DLA-3871-1,https://lwn.net/Articles/989006,cinder,2024-09-05
DLA-3869-1,https://lwn.net/Articles/988708,firefox-esr,2024-09-04
DSA-5765-1,https://lwn.net/Articles/988709,firefox-esr,2024-09-04
DLA-3867-1,https://lwn.net/Articles/988544,git,2024-09-03
DLA-3857-1,https://lwn.net/Articles/988545,libtommath,2024-09-03
DLA-3866-1,https://lwn.net/Articles/988548,ruby-tzinfo,2024-09-03
DSA-5764-1,https://lwn.net/Articles/988710,openssl,2024-09-03
DLA-3868-1,https://lwn.net/Articles/988547,ruby-nokogiri,2024-09-03
DLA-3865-1,https://lwn.net/Articles/988543,frr,2024-09-03
DLA-3860-1,https://lwn.net/Articles/988340,dovecot,2024-09-02
DLA-3862-1,https://lwn.net/Articles/988541,calibre,2024-09-02
DLA-3863-1,https://lwn.net/Articles/988546,nbconvert,2024-09-02
DLA-3861-1,https://lwn.net/Articles/988542,exfatprogs,2024-09-02
DLA-3864-1,https://lwn.net/Articles/988549,webkit2gtk,2024-09-02
DLA-3859-1,https://lwn.net/Articles/988343,systemd,2024-09-02
DLA-3858-1,https://lwn.net/Articles/988342,ruby2.7,2024-09-02
DSA-5762-1,https://lwn.net/Articles/988344,webkit2gtk,2024-08-30
DSA-5763-1,https://lwn.net/Articles/988341,pymatgen,2024-08-30
DSA-5761-1,https://lwn.net/Articles/987831,chromium,2024-08-30
DSA-5760-1,https://lwn.net/Articles/987832,ghostscript,2024-08-29
DSA-5759-1,https://lwn.net/Articles/987388,python3.11,2024-08-27
DLA-3856-1,https://lwn.net/Articles/987261,python-html-sanitizer,2024-08-26
DSA-5758-1,https://lwn.net/Articles/987262,trafficserver,2024-08-26
DSA-5757-1,https://lwn.net/Articles/987260,chromium,2024-08-23
DSA-5755-1,https://lwn.net/Articles/986613,glance,2024-08-21
DSA-5756-1,https://lwn.net/Articles/986614,nova,2024-08-21
DSA-5753-1,https://lwn.net/Articles/986610,aom,2024-08-21
DSA-5753-1,https://lwn.net/Articles/986610,aom,2024-08-21
DSA-5754-1,https://lwn.net/Articles/986611,cinder,2024-08-21
DSA-5751-1,https://lwn.net/Articles/986388,squid,2024-08-19
DSA-5750-1,https://lwn.net/Articles/986205,python-asyncssh,2024-08-18
DSA-5748-1,https://lwn.net/Articles/985600,ffmpeg,2024-08-14
DSA-5749-1,https://lwn.net/Articles/985824,flatpak,2024-08-14
DSA-5743-2,https://lwn.net/Articles/985443,roundcube,2024-08-13
DSA-5747-1,https://lwn.net/Articles/985442,kernel,2024-08-12
DSA-5746-1,https://lwn.net/Articles/984939,postgresql-13,2024-08-09
DSA-5745-1,https://lwn.net/Articles/984940,postgresql-15,2024-08-09
DSA-5742-1,https://lwn.net/Articles/984789,odoo,2024-08-08
DSA-5743-1,https://lwn.net/Articles/984790,roundcube,2024-08-08
DSA-5741-1,https://lwn.net/Articles/984788,chromium,2024-08-08
DSA-5744-1,https://lwn.net/Articles/984941,thunderbird,2024-08-08
DSA-5740-1,https://lwn.net/Articles/984667,firefox-esr,2024-08-07
DSA-5739-1,https://lwn.net/Articles/984669,wpa,2024-08-06
DSA-5738-1,https://lwn.net/Articles/984668,openjdk-17,2024-08-06
DSA-5737-1,https://lwn.net/Articles/984587,libreoffice,2024-08-05
DSA-5736-1,https://lwn.net/Articles/984540,openjdk-11,2024-08-05
DSA-5735-1,https://lwn.net/Articles/984175,chromium,2024-07-31
DSA-5734-2,https://lwn.net/Articles/983797,bind9,2024-07-27
DSA-5734-1,https://lwn.net/Articles/983492,bind9,2024-07-25
DSA-5733-1,https://lwn.net/Articles/982539,thunderbird,2024-07-18
DSA-5732-1,https://lwn.net/Articles/982365,chromium,2024-07-18
DSA-5731-1,https://lwn.net/Articles/982257,kernel,2024-07-16
DSA-5730-1,https://lwn.net/Articles/982145,kernel,2024-07-15
DSA-5729-1,https://lwn.net/Articles/981785,apache2,2024-07-11
DSA-5728-1,https://lwn.net/Articles/981693,exim4,2024-07-10
DSA-5727-1,https://lwn.net/Articles/981694,firefox-esr,2024-07-10
DSA-5726-1,https://lwn.net/Articles/981082,krb5,2024-07-05
DSA-5725-1,https://lwn.net/Articles/980720,znc,2024-07-03
DLA-3855-1,https://lwn.net/Articles/980222,pdns-recursor,2024-07-01
DSA-5724-1,https://lwn.net/Articles/980220,openssh,2024-07-01
DLA-3853-1,https://lwn.net/Articles/980225,tryton-server,2024-07-01
DLA-3855-1,https://lwn.net/Articles/980223,pdns-recursor,2024-07-01
DLA-3854-1,https://lwn.net/Articles/980224,tryton-client,2024-07-01
DLA-3851-1,https://lwn.net/Articles/980218,gunicorn,2024-07-01
DLA-3852-1,https://lwn.net/Articles/980215,edk2,2024-07-01
DLA-3850-1,https://lwn.net/Articles/980217,glibc,2024-06-30
DLA-3846-1,https://lwn.net/Articles/980219,libmojolicious-perl,2024-06-30
DLA-3849-1,https://lwn.net/Articles/980216,emacs,2024-06-29
DLA-3848-1,https://lwn.net/Articles/980221,org-mode,2024-06-29
DLA-3847-1,https://lwn.net/Articles/980214,dcmtk,2024-06-28
DLA-3843-1,https://lwn.net/Articles/979830,linux-5.10,2024-06-27
DSA-5723-1,https://lwn.net/Articles/979985,plasma-workspace,2024-06-27
DLA-3845-1,https://lwn.net/Articles/979984,dlt-daemon,2024-06-27
DLA-3840-1,https://lwn.net/Articles/979828,kernel,2024-06-27
DLA-3844-1,https://lwn.net/Articles/979718,git,2024-06-26
DSA-5721-1,https://lwn.net/Articles/979827,ffmpeg,2024-06-26
DSA-5720-1,https://lwn.net/Articles/979716,chromium,2024-06-26
DSA-5722-1,https://lwn.net/Articles/979829,libvpx,2024-06-26
DSA-5719-1,https://lwn.net/Articles/979717,emacs,2024-06-25
DLA-3841-1,https://lwn.net/Articles/979719,linux-5.10,2024-06-25
DSA-5718-1,https://lwn.net/Articles/979721,org-mode,2024-06-25
DLA-3842-1,https://lwn.net/Articles/979720,linux-5.10,2024-06-25
DSA-5715-2,https://lwn.net/Articles/979584,composer,2024-06-24
DLA-3834-1,https://lwn.net/Articles/979495,netty,2024-06-21
DSA-5717-1,https://lwn.net/Articles/979242,php8.2,2024-06-20
DLA-3829-2,https://lwn.net/Articles/979144,sendmail,2024-06-20
DLA-3839-1,https://lwn.net/Articles/979243,putty,2024-06-20
DLA-3837-1,https://lwn.net/Articles/979143,libndp,2024-06-19
DSA-5716-1,https://lwn.net/Articles/979141,chromium,2024-06-19
DLA-3838-1,https://lwn.net/Articles/979142,composer,2024-06-19
DLA-3836-1,https://lwn.net/Articles/978884,thunderbird,2024-06-19
DSA-5715-1,https://lwn.net/Articles/978882,composer,2024-06-18
DSA-5714-1,https://lwn.net/Articles/978883,roundcube,2024-06-18
DLA-3833-1,https://lwn.net/Articles/978771,php7.3,2024-06-18
DLA-3831-1,https://lwn.net/Articles/978680,nano,2024-06-17
DLA-3835-1,https://lwn.net/Articles/978683,roundcube,2024-06-17
DLA-3832-1,https://lwn.net/Articles/978682,pymongo,2024-06-17
DLA-3830-1,https://lwn.net/Articles/978679,libvpx,2024-06-16
DSA-5713-1,https://lwn.net/Articles/978678,libndp,2024-06-16
DSA-5711-1,https://lwn.net/Articles/978685,thunderbird,2024-06-15
DLA-3829-1,https://lwn.net/Articles/978684,sendmail,2024-06-15
DLA-3828-1,https://lwn.net/Articles/978675,atril,2024-06-15
DSA-5712-1,https://lwn.net/Articles/978677,ffmpeg,2024-06-15
DSA-5710-1,https://lwn.net/Articles/978676,chromium,2024-06-14
DLA-3827-1,https://lwn.net/Articles/978681,plasma-workspace,2024-06-14
DLA-3825-1,https://lwn.net/Articles/978253,firefox-esr,2024-06-13
DLA-3826-1,https://lwn.net/Articles/978398,cups,2024-06-13
DSA-5709-1,https://lwn.net/Articles/978254,firefox-esr,2024-06-12
DSA-5707-1,https://lwn.net/Articles/978112,vlc,2024-06-11
DSA-5708-1,https://lwn.net/Articles/978111,cyrus-imapd,2024-06-11
DSA-5705-1,https://lwn.net/Articles/977425,tinyproxy,2024-06-05
DSA-5706-1,https://lwn.net/Articles/977423,libarchive,2024-06-05
DSA-5704-1,https://lwn.net/Articles/977424,pillow,2024-06-05
DSA-5703-1,https://lwn.net/Articles/976557,kernel,2024-06-02
DSA-5702-1,https://lwn.net/Articles/976556,gst-plugins-base1.0,2024-06-01
DSA-5701-1,https://lwn.net/Articles/976555,chromium,2024-05-31
DLA-3824-1,https://lwn.net/Articles/976177,gst-plugins-base1.0,2024-05-30
DSA-5700-1,https://lwn.net/Articles/975978,python-pymysql,2024-05-29
DLA-3823-1,https://lwn.net/Articles/975519,less,2024-05-27
DLA-3822-1,https://lwn.net/Articles/975164,python-pymysql,2024-05-27
DLA-3821-1,https://lwn.net/Articles/975163,libreoffice,2024-05-26
DLA-3819-1,https://lwn.net/Articles/975162,fossil,2024-05-25
DLA-3820-1,https://lwn.net/Articles/975160,bluez,2024-05-25
DLA-3818-1,https://lwn.net/Articles/975159,apache2,2024-05-25
DSA-5698-1,https://lwn.net/Articles/975166,ruby-rack,2024-05-24
DSA-5699-1,https://lwn.net/Articles/975165,redmine,2024-05-24
DSA-5697-1,https://lwn.net/Articles/975161,chromium,2024-05-24
DSA-5695-1,https://lwn.net/Articles/974551,webkit2gtk,2024-05-22
DSA-5696-1,https://lwn.net/Articles/974810,chromium,2024-05-22
DLA-3817-1,https://lwn.net/Articles/974324,thunderbird,2024-05-20
DLA-3816-1,https://lwn.net/Articles/974321,bind9,2024-05-17
DSA-5694-1,https://lwn.net/Articles/974322,chromium,2024-05-17
DSA-5693-1,https://lwn.net/Articles/974323,thunderbird,2024-05-17
DLA-3815-1,https://lwn.net/Articles/973883,firefox-esr,2024-05-16
DSA-5691-1,https://lwn.net/Articles/973882,firefox-esr,2024-05-15
DSA-5692-1,https://lwn.net/Articles/973884,ghostscript,2024-05-15
DSA-5689-1,https://lwn.net/Articles/973881,chromium,2024-05-15
DSA-5690-1,https://lwn.net/Articles/973885,libreoffice,2024-05-15
DLA-3813-1,https://lwn.net/Articles/973631,shim,2024-05-14
DLA-3814-1,https://lwn.net/Articles/973630,glib2.0,2024-05-13
DSA-5688-1,https://lwn.net/Articles/973463,atril,2024-05-12
DLA-3812-1,https://lwn.net/Articles/973182,libpgjava,2024-05-10
DSA-5687-1,https://lwn.net/Articles/973464,chromium,2024-05-10
DSA-5686-1,https://lwn.net/Articles/973181,dav1d,2024-05-09
DSA-5684-1,https://lwn.net/Articles/973028,webkit2gtk,2024-05-09
DSA-5682-2,https://lwn.net/Articles/973026,glib2.0,2024-05-09
DSA-5685-1,https://lwn.net/Articles/973029,wordpress,2024-05-08
DLA-3810-1,https://lwn.net/Articles/972820,php7.3,2024-05-08
DSA-5683-1,https://lwn.net/Articles/973025,chromium,2024-05-08
DLA-3811-1,https://lwn.net/Articles/973027,python-idna,2024-05-08
DSA-5682-1,https://lwn.net/Articles/972819,glib2.0,2024-05-07
DSA-5680-1,https://lwn.net/Articles/972667,kernel,2024-05-06
DSA-5681-1,https://lwn.net/Articles/972668,kernel,2024-05-06
DLA-3809-1,https://lwn.net/Articles/972528,libkf5ksieve,2024-05-05
DLA-3808-1,https://lwn.net/Articles/972526,intel-microcode,2024-05-04
DLA-3807-1,https://lwn.net/Articles/972524,glibc,2024-05-04
DSA-5679-1,https://lwn.net/Articles/972527,less,2024-05-03
DSA-5678-1,https://lwn.net/Articles/972525,glibc,2024-05-03
DSA-5677-1,https://lwn.net/Articles/972529,ruby3.1,2024-05-03
DSA-5676-1,https://lwn.net/Articles/972172,chromium,2024-05-02
DLA-3806-1,https://lwn.net/Articles/972173,distro-info-data,2024-05-01
DLA-3805-1,https://lwn.net/Articles/972016,qtbase-opensource-src,2024-04-30
DLA-3802-1,https://lwn.net/Articles/971728,org-mode,2024-04-30
DLA-3804-1,https://lwn.net/Articles/972015,nghttp2,2024-04-30
DLA-3800-1,https://lwn.net/Articles/971459,ruby-rack,2024-04-29
DLA-3801-1,https://lwn.net/Articles/971456,emacs,2024-04-29
DLA-3797-1,https://lwn.net/Articles/971457,frr,2024-04-28
DLA-3799-1,https://lwn.net/Articles/971460,trafficserver,2024-04-28
DLA-3798-1,https://lwn.net/Articles/971461,zabbix,2024-04-28
DLA-3796-1,https://lwn.net/Articles/971458,mediawiki,2024-04-27
DSA-5675-1,https://lwn.net/Articles/971455,chromium,2024-04-26
DLA-3795-1,https://lwn.net/Articles/971265,knot-resolver,2024-04-26
DSA-5674-1,https://lwn.net/Articles/971266,pdns-recursor,2024-04-25
DLA-3794-1,https://lwn.net/Articles/971267,putty,2024-04-25
DSA-5673-1,https://lwn.net/Articles/970868,glibc,2024-04-23
DSA-5670-1,https://lwn.net/Articles/970763,thunderbird,2024-04-22
DSA-5669-1,https://lwn.net/Articles/970758,guix,2024-04-22
DLA-3793-1,https://lwn.net/Articles/970759,openjdk-11,2024-04-22
DLA-3792-1,https://lwn.net/Articles/970869,samba,2024-04-22
DSA-5671-1,https://lwn.net/Articles/970760,openjdk-11,2024-04-22
DLA-3791-1,https://lwn.net/Articles/970762,thunderbird,2024-04-22
DSA-5672-1,https://lwn.net/Articles/970761,openjdk-17,2024-04-22
DSA-5668-1,https://lwn.net/Articles/970756,chromium,2024-04-20
DSA-5667-1,https://lwn.net/Articles/970764,tomcat9,2024-04-19
DSA-5666-1,https://lwn.net/Articles/970757,flatpak,2024-04-19
DLA-3790-1,https://lwn.net/Articles/970487,firefox-esr,2024-04-19
DLA-3788-1,https://lwn.net/Articles/970315,tzdata,2024-04-18
DLA-3789-1,https://lwn.net/Articles/970313,libdatetime-timezone-perl,2024-04-18
DSA-5665-1,https://lwn.net/Articles/970314,tomcat10,2024-04-17
DSA-5664-1,https://lwn.net/Articles/970312,jetty9,2024-04-17
DSA-5663-1,https://lwn.net/Articles/970311,firefox-esr,2024-04-17
DSA-5662-1,https://lwn.net/Articles/970148,apache2,2024-04-16
DSA-5655-2,https://lwn.net/Articles/970149,cockpit,2024-04-16
DSA-5661-1,https://lwn.net/Articles/970004,php8.2,2024-04-15
DLA-3787-1,https://lwn.net/Articles/969828,xorg-server,2024-04-15
DSA-5660-1,https://lwn.net/Articles/970003,php7.4,2024-04-15
DSA-5659-1,https://lwn.net/Articles/969827,trafficserver,2024-04-14
DSA-5658-1,https://lwn.net/Articles/969826,kernel,2024-04-13
DSA-5657-1,https://lwn.net/Articles/969829,xorg-server,2024-04-12
DSA-5656-1,https://lwn.net/Articles/969579,chromium,2024-04-11
DLA-3786-1,https://lwn.net/Articles/969457,pillow,2024-04-10
DLA-3785-1,https://lwn.net/Articles/969280,gtkwave,2024-04-09
DLA-3783-1,https://lwn.net/Articles/969125,expat,2024-04-09
DLA-3782-1,https://lwn.net/Articles/968949,util-linux,2024-04-07
DLA-3784-1,https://lwn.net/Articles/968946,libcaca,2024-04-07
DLA-3779-1,https://lwn.net/Articles/968948,tomcat9,2024-04-06
DLA-3781-1,https://lwn.net/Articles/968947,libgd2,2024-04-06
DLA-3780-1,https://lwn.net/Articles/968945,jetty9,2024-04-06
DSA-5655-1,https://lwn.net/Articles/968551,cockpit,2024-04-04
DSA-5654-1,https://lwn.net/Articles/968387,chromium,2024-04-03
DSA-5653-1,https://lwn.net/Articles/968388,gtkwave,2024-04-03
DSA-5652-1,https://lwn.net/Articles/968200,py7zr,2024-04-02
DLA-3778-1,https://lwn.net/Articles/967813,libvirt,2024-04-01
DSA-5651-1,https://lwn.net/Articles/967814,mediawiki,2024-03-31
DSA-5650-1,https://lwn.net/Articles/967815,util-linux,2024-03-31
DSA-5649-1,https://lwn.net/Articles/967816,xz-utils,2024-03-29
DSA-5648-1,https://lwn.net/Articles/967111,chromium,2024-03-29
DLA-3777-1,https://lwn.net/Articles/966809,composer,2024-03-27
DLA-3776-1,https://lwn.net/Articles/966810,nodejs,2024-03-27
DLA-3775-1,https://lwn.net/Articles/966665,firefox-esr,2024-03-25
DLA-3774-1,https://lwn.net/Articles/966562,gross,2024-03-25
DLA-3773-1,https://lwn.net/Articles/966561,freeipa,2024-03-25
DLA-3772-1,https://lwn.net/Articles/966565,python3.7,2024-03-24
DSA-5647-1,https://lwn.net/Articles/966566,samba,2024-03-24
DSA-5646-1,https://lwn.net/Articles/966559,cacti,2024-03-24
DLA-3771-1,https://lwn.net/Articles/966564,python2.7,2024-03-24
DSA-5645-1,https://lwn.net/Articles/966560,firefox-esr,2024-03-23
DSA-5645-1,https://lwn.net/Articles/966560,firefox-esr,2024-03-23
DLA-3770-1,https://lwn.net/Articles/966563,libnet-cidr-lite-perl,2024-03-23
DLA-3768-1,https://lwn.net/Articles/966388,pillow,2024-03-22
DSA-5644-1,https://lwn.net/Articles/966389,thunderbird,2024-03-21
DSA-5643-1,https://lwn.net/Articles/966387,firefox-esr,2024-03-21
DSA-5626-2,https://lwn.net/Articles/966227,pdns-recursor,2024-03-20
DSA-5642-1,https://lwn.net/Articles/966228,php-dompdf-svg-lib,2024-03-20
DLA-3767-1,https://lwn.net/Articles/966038,imagemagick,2024-03-20
DLA-3766-1,https://lwn.net/Articles/965937,zfs-linux,2024-03-19
DSA-5641-1,https://lwn.net/Articles/966037,fontforge,2024-03-19
DLA-3765-1,https://lwn.net/Articles/965935,cacti,2024-03-18
DLA-3764-1,https://lwn.net/Articles/965936,postgresql-11,2024-03-18
DLA-3763-1,https://lwn.net/Articles/965797,curl,2024-03-17
DLA-3762-1,https://lwn.net/Articles/965799,unadf,2024-03-15
DSA-5632-1,https://lwn.net/Articles/965555,composer,2024-03-15
DLA-3761-1,https://lwn.net/Articles/965798,spip,2024-03-15
DSA-5640-1,https://lwn.net/Articles/965448,openvswitch,2024-03-14
DLA-3760-1,https://lwn.net/Articles/965556,node-xml2js,2024-03-14
DSA-5639-1,https://lwn.net/Articles/965447,chromium,2024-03-13
DLA-3757-1,https://lwn.net/Articles/965008,nss,2024-03-11
DLA-3759-1,https://lwn.net/Articles/965097,qemu,2024-03-11
DLA-3758-1,https://lwn.net/Articles/965011,tiff,2024-03-11
DLA-3756-1,https://lwn.net/Articles/965012,wordpress,2024-03-10
DSA-5638-1,https://lwn.net/Articles/965007,libuv1,2024-03-10
DLA-3755-1,https://lwn.net/Articles/965010,tar,2024-03-09
DSA-5637-1,https://lwn.net/Articles/965009,squid,2024-03-08
DLA-3754-1,https://lwn.net/Articles/964801,fontforge,2024-03-08
DSA-5636-1,https://lwn.net/Articles/964688,chromium,2024-03-06
DLA-3753-1,https://lwn.net/Articles/964689,yard,2024-03-06
DLA-3749-1,https://lwn.net/Articles/964542,phpseclib,2024-03-05
DLA-3752-1,https://lwn.net/Articles/964540,libuv1,2024-03-05
DLA-3750-1,https://lwn.net/Articles/964541,php-phpseclib,2024-03-05
DLA-3751-1,https://lwn.net/Articles/964539,libapache2-mod-auth-openidc,2024-03-05
DLA-3747-1,https://lwn.net/Articles/964360,firefox-esr,2024-03-04
DLA-3748-1,https://lwn.net/Articles/964361,thunderbird,2024-03-04
DSA-5635-1,https://lwn.net/Articles/964439,yard,2024-03-04
DLA-3746-1,https://lwn.net/Articles/964142,wireshark,2024-02-29
DLA-3745-1,https://lwn.net/Articles/964140,gsoap,2024-02-29
DLA-3744-1,https://lwn.net/Articles/964141,python-django,2024-02-29
DSA-5634-1,https://lwn.net/Articles/964027,chromium,2024-02-28
DSA-5633-1,https://lwn.net/Articles/963897,knot-resolver,2024-02-27
DLA-3743-1,https://lwn.net/Articles/963898,wpa,2024-02-27
DLA-3742-1,https://lwn.net/Articles/963778,libgit2,2024-02-27
DLA-3740-1,https://lwn.net/Articles/963651,gnutls28,2024-02-26
DLA-3741-1,https://lwn.net/Articles/963777,engrampa,2024-02-26
DLA-3739-1,https://lwn.net/Articles/963653,libjwt,2024-02-25
DSA-5631-1,https://lwn.net/Articles/963652,iwd,2024-02-25
DSA-5629-1,https://lwn.net/Articles/963332,chromium,2024-02-23
DSA-5630-1,https://lwn.net/Articles/963654,thunderbird,2024-02-23
DLA-3738-1,https://lwn.net/Articles/963334,iwd,2024-02-22
DSA-5628-1,https://lwn.net/Articles/963333,imagemagick,2024-02-22
DLA-3737-1,https://lwn.net/Articles/963176,imagemagick,2024-02-22
DLA-3736-1,https://lwn.net/Articles/962996,unbound,2024-02-21
DSA-5627-1,https://lwn.net/Articles/963175,firefox-esr,2024-02-21
DLA-3735-1,https://lwn.net/Articles/962701,runc,2024-02-19
DSA-5626-1,https://lwn.net/Articles/962700,pdns-recursor,2024-02-18
DLA-3734-1,https://lwn.net/Articles/962699,openvswitch,2024-02-18
DSA-5625-1,https://lwn.net/Articles/962698,engrampa,2024-02-16
DSA-5623-1,https://lwn.net/Articles/962252,postgresql-15,2024-02-14
DSA-5624-1,https://lwn.net/Articles/962250,edk2,2024-02-14
DSA-5622-1,https://lwn.net/Articles/962251,postgresql-13,2024-02-14
DSA-5621-1,https://lwn.net/Articles/962052,bind9,2024-02-14
DSA-5620-1,https://lwn.net/Articles/962053,unbound,2024-02-14
DSA-5619-1,https://lwn.net/Articles/961810,libgit2,2024-02-09
DSA-5617-1,https://lwn.net/Articles/961324,chromium,2024-02-08
DSA-5618-1,https://lwn.net/Articles/961560,webkit2gtk,2024-02-08
DSA-5616-1,https://lwn.net/Articles/961064,ruby-sanitize,2024-02-05
DSA-5615-1,https://lwn.net/Articles/960917,runc,2024-02-04
DSA-5614-1,https://lwn.net/Articles/960919,zbar,2024-02-03
DLA-3733-1,https://lwn.net/Articles/960916,rear,2024-02-03
DLA-3732-1,https://lwn.net/Articles/960918,sudo,2024-02-03
DLA-3730-1,https://lwn.net/Articles/960419,python-asyncssh,2024-02-01
DSA-5612-1,https://lwn.net/Articles/960567,chromium,2024-02-01
DSA-5613-1,https://lwn.net/Articles/960569,openjdk-17,2024-02-01
DLA-3731-1,https://lwn.net/Articles/960568,man-db,2024-02-01
DLA-3728-1,https://lwn.net/Articles/960418,openjdk-11,2024-01-31
DLA-3729-1,https://lwn.net/Articles/960416,debian-security-support,2024-01-31
DLA-3727-1,https://lwn.net/Articles/960417,firefox-esr,2024-01-31
DLA-3725-1,https://lwn.net/Articles/959999,postfix,2024-01-30
DSA-5611-1,https://lwn.net/Articles/960216,glibc,2024-01-30
DLA-3726-1,https://lwn.net/Articles/960215,bind9,2024-01-30
DLA-3724-1,https://lwn.net/Articles/959998,pillow,2024-01-29
DSA-5610-1,https://lwn.net/Articles/960000,redis,2024-01-29
DSA-5609-1,https://lwn.net/Articles/959855,slurm-wlm,2024-01-28
DLA-3722-1,https://lwn.net/Articles/959854,mariadb-10.3,2024-01-27
DSA-5608-1,https://lwn.net/Articles/959852,gst-plugins-bad1.0,2024-01-27
DLA-3723-1,https://lwn.net/Articles/959853,libspreadsheet-parsexlsx-perl,2024-01-27
DLA-3720-1,https://lwn.net/Articles/959419,thunderbird,2024-01-25
DLA-3718-1,https://lwn.net/Articles/959417,php-phpseclib,2024-01-25
DSA-5607-1,https://lwn.net/Articles/959415,chromium,2024-01-25
DLA-3721-1,https://lwn.net/Articles/959615,xorg-server,2024-01-25
DLA-3719-1,https://lwn.net/Articles/959418,phpseclib,2024-01-25
DLA-3717-1,https://lwn.net/Articles/959421,zabbix,2024-01-24
DSA-5606-1,https://lwn.net/Articles/959416,firefox-esr,2024-01-24
DSA-5605-1,https://lwn.net/Articles/959420,thunderbird,2024-01-24
DLA-3716-1,https://lwn.net/Articles/959298,ruby-httparty,2024-01-23
DSA-5604-1,https://lwn.net/Articles/959297,openjdk-11,2024-01-23
DSA-5603-1,https://lwn.net/Articles/959299,xorg-server,2024-01-23
DLA-3712-1,https://lwn.net/Articles/959111,kodi,2024-01-23
DLA-3715-1,https://lwn.net/Articles/959296,jinja2,2024-01-23
DLA-3709-2,https://lwn.net/Articles/959112,squid,2024-01-22
DLA-3713-1,https://lwn.net/Articles/958990,subunit,2024-01-21
DLA-3714-1,https://lwn.net/Articles/958989,keystone,2024-01-21
DSA-5602-1,https://lwn.net/Articles/958642,chromium,2024-01-17
DSA-5601-1,https://lwn.net/Articles/958112,php-phpseclib3,2024-01-12
DSA-5600-1,https://lwn.net/Articles/958111,php-phpseclib,2024-01-12
DSA-5599-1,https://lwn.net/Articles/958113,phpseclib,2024-01-12
DLA-3710-1,https://lwn.net/Articles/958109,kernel,2024-01-11
DLA-3711-1,https://lwn.net/Articles/958110,linux-5.10,2024-01-11
DSA-5598-1,https://lwn.net/Articles/958011,chromium,2024-01-10
DLA-3709-1,https://lwn.net/Articles/957223,squid,2024-01-09
DLA-3708-1,https://lwn.net/Articles/957127,exim4,2024-01-05
DLA-3707-1,https://lwn.net/Articles/956987,tomcat9,2024-01-05
DSA-5595-1,https://lwn.net/Articles/956984,chromium,2024-01-04
DSA-5596-1,https://lwn.net/Articles/956983,asterisk,2024-01-04
DLA-3706-1,https://lwn.net/Articles/956986,netatalk,2024-01-04
DSA-5597-1,https://lwn.net/Articles/956985,exim4,2024-01-04
DSA-5594-1,https://lwn.net/Articles/956682,kernel,2024-01-02
DSA-5593-1,https://lwn.net/Articles/956490,kernel,2024-01-01
DLA-3704-1,https://lwn.net/Articles/956498,xerces-c,2023-12-31
DLA-3705-1,https://lwn.net/Articles/956495,php-guzzlehttp-psr7,2023-12-31
DLA-3702-1,https://lwn.net/Articles/956493,libspreadsheet-parseexcel-perl,2023-12-31
DLA-3703-1,https://lwn.net/Articles/956492,libreoffice,2023-12-31
DLA-3701-1,https://lwn.net/Articles/956497,tinyxml,2023-12-31
DSA-5592-1,https://lwn.net/Articles/956494,libspreadsheet-parseexcel-perl,2023-12-30
DLA-3699-1,https://lwn.net/Articles/956491,libde265,2023-12-30
DLA-3700-1,https://lwn.net/Articles/956488,cjson,2023-12-30
DLA-3698-1,https://lwn.net/Articles/956496,thunderbird,2023-12-29
DLA-3696-1,https://lwn.net/Articles/956487,asterisk,2023-12-29
DLA-3697-1,https://lwn.net/Articles/956489,firefox-esr,2023-12-29
DLA-3695-1,https://lwn.net/Articles/956486,ansible,2023-12-28
DSA-5591-1,https://lwn.net/Articles/956243,libssh,2023-12-28
DSA-5590-1,https://lwn.net/Articles/956242,haproxy,2023-12-28
DSA-5589-1,https://lwn.net/Articles/956244,nodejs,2023-12-27
DLA-3694-1,https://lwn.net/Articles/956126,openssh,2023-12-25
DSA-5588-1,https://lwn.net/Articles/956128,putty,2023-12-24
DSA-5587-1,https://lwn.net/Articles/956125,curl,2023-12-23
DLA-3693-1,https://lwn.net/Articles/956127,osslsigncode,2023-12-23
DLA-3692-1,https://lwn.net/Articles/956124,curl,2023-12-22
DSA-5586-1,https://lwn.net/Articles/955985,openssh,2023-12-22
DSA-5584-1,https://lwn.net/Articles/955982,bluez,2023-12-21
DSA-5585-1,https://lwn.net/Articles/955983,chromium,2023-12-21
DSA-5582-1,https://lwn.net/Articles/955986,thunderbird,2023-12-21
DSA-5583-1,https://lwn.net/Articles/955984,gst-plugins-bad1.0,2023-12-21
DSA-5581-1,https://lwn.net/Articles/955885,firefox-esr,2023-12-20
DSA-5580-1,https://lwn.net/Articles/955666,webkit2gtk,2023-12-18
DLA-3691-1,https://lwn.net/Articles/955523,spip,2023-12-18
DLA-3686-2,https://lwn.net/Articles/955524,xorg-server,2023-12-17
DSA-5576-2,https://lwn.net/Articles/955525,xorg-server,2023-12-17
DSA-5579-1,https://lwn.net/Articles/955520,freeimage,2023-12-17
DLA-3690-1,https://lwn.net/Articles/955522,intel-microcode,2023-12-16
DSA-5578-1,https://lwn.net/Articles/955521,ghostscript,2023-12-15
DLA-3689-1,https://lwn.net/Articles/955298,bluez,2023-12-15
DSA-5577-1,https://lwn.net/Articles/955083,chromium,2023-12-14
DLA-3688-1,https://lwn.net/Articles/955299,haproxy,2023-12-14
DLA-3685-1,https://lwn.net/Articles/954900,debian-security-support,2023-12-13
DSA-5576-1,https://lwn.net/Articles/954901,xorg-server,2023-12-13
DLA-3686-1,https://lwn.net/Articles/954902,xorg-server,2023-12-13
DLA-3687-1,https://lwn.net/Articles/955084,rabbitmq-server,2023-12-13
DSA-5575-1,https://lwn.net/Articles/954679,webkit2gtk,2023-12-11
DSA-5574-1,https://lwn.net/Articles/954678,libreoffice,2023-12-11
DSA-5573-1,https://lwn.net/Articles/954439,chromium,2023-12-09
DLA-3684-1,https://lwn.net/Articles/953958,tzdata,2023-12-07
DLA-3683-1,https://lwn.net/Articles/953775,roundcube,2023-12-05
DSA-5572-1,https://lwn.net/Articles/953681,roundcube,2023-12-04
DLA-3680-1,https://lwn.net/Articles/953679,opendkim,2023-12-03
DLA-3682-1,https://lwn.net/Articles/953677,ncurses,2023-12-03
DLA-3681-1,https://lwn.net/Articles/953676,amanda,2023-12-03
DSA-5570-1,https://lwn.net/Articles/953678,nghttp2,2023-12-01
DLA-3678-1,https://lwn.net/Articles/953487,horizon,2023-12-01
DLA-3675-1,https://lwn.net/Articles/953491,zbar,2023-12-01
DSA-5571-1,https://lwn.net/Articles/953680,rabbitmq-server,2023-12-01
DLA-3676-1,https://lwn.net/Articles/953486,horizon,2023-11-30
DLA-3679-1,https://lwn.net/Articles/953490,vlc,2023-11-30
DSA-5569-1,https://lwn.net/Articles/953484,chromium,2023-11-30
DLA-3677-1,https://lwn.net/Articles/953485,gimp-dds,2023-11-30
DLA-3676-1,https://lwn.net/Articles/953488,libde265,2023-11-30
DLA-3674-1,https://lwn.net/Articles/953489,thunderbird,2023-11-30
DLA-3671-1,https://lwn.net/Articles/953075,mediawiki,2023-11-28
DLA-3673-1,https://lwn.net/Articles/953198,gst-plugins-bad1.0,2023-11-28
DLA-3672-1,https://lwn.net/Articles/953199,postgresql-multicorn,2023-11-28
DLA-3670-1,https://lwn.net/Articles/953076,minizip,2023-11-27
DLA-3668-1,https://lwn.net/Articles/952862,opensc,2023-11-27
DLA-3669-1,https://lwn.net/Articles/953073,cryptojs,2023-11-27
DSA-5567-1,https://lwn.net/Articles/952869,tiff,2023-11-27
DSA-5568-1,https://lwn.net/Articles/953074,fastdds,2023-11-27
DLA-3667-1,https://lwn.net/Articles/952863,python-requestbuilder,2023-11-26
DLA-3666-1,https://lwn.net/Articles/952864,reportbug,2023-11-26
DSA-5566-1,https://lwn.net/Articles/952868,thunderbird,2023-11-26
DLA-3662-1,https://lwn.net/Articles/952858,freeimage,2023-11-25
DLA-3665-1,https://lwn.net/Articles/952861,node-json5,2023-11-25
DSA-5565-1,https://lwn.net/Articles/952860,gst-plugins-bad1.0,2023-11-25
DLA-3664-1,https://lwn.net/Articles/952867,symfony,2023-11-24
DSA-5564-1,https://lwn.net/Articles/952859,gimp,2023-11-24
DLA-3663-1,https://lwn.net/Articles/952866,strongswan,2023-11-24
DSA-5563-1,https://lwn.net/Articles/952557,intel-microcode,2023-11-23
DLA-3661-1,https://lwn.net/Articles/952554,firefox-esr,2023-11-23
DSA-5562-1,https://lwn.net/Articles/952558,tor,2023-11-22
DLA-3660-1,https://lwn.net/Articles/952556,gnutls28,2023-11-22
DSA-5561-1,https://lwn.net/Articles/952555,firefox-esr,2023-11-22
DLA-3659-1,https://lwn.net/Articles/952269,gimp,2023-11-21
DLA-3657-1,https://lwn.net/Articles/952065,activemq,2023-11-20
DLA-3658-1,https://lwn.net/Articles/952067,wordpress,2023-11-20
DSA-5560-1,https://lwn.net/Articles/952066,strongswan,2023-11-20
DLA-3656-1,https://lwn.net/Articles/951952,netty,2023-11-19
DSA-5559-1,https://lwn.net/Articles/951954,wireshark,2023-11-19
DSA-5558-1,https://lwn.net/Articles/951953,netty,2023-11-18
DLA-3655-1,https://lwn.net/Articles/951951,lwip,2023-11-18
DSA-5557-1,https://lwn.net/Articles/951778,webkit2gtk,2023-11-17
DLA-3654-1,https://lwn.net/Articles/951950,freerdp2,2023-11-17
DLA-3653-1,https://lwn.net/Articles/951455,libclamunrar,2023-11-15
DSA-5556-1,https://lwn.net/Articles/951659,chromium,2023-11-15
DSA-5555-1,https://lwn.net/Articles/951660,openvpn,2023-11-15
DLA-3651-1,https://lwn.net/Articles/951284,postgresql-11,2023-11-14
DLA-3652-1,https://lwn.net/Articles/951456,ruby-sanitize,2023-11-14
DSA-5554-1,https://lwn.net/Articles/951285,postgresql-13,2023-11-13
DSA-5553-1,https://lwn.net/Articles/951286,postgresql-15,2023-11-13
DSA-5552-1,https://lwn.net/Articles/951222,ffmpeg,2023-11-12
DLA-3650-1,https://lwn.net/Articles/951221,audiofile,2023-11-12
DSA-5551-1,https://lwn.net/Articles/950835,chromium,2023-11-09
DLA-3649-1,https://lwn.net/Articles/950679,python-urllib3,2023-11-08
DSA-5550-1,https://lwn.net/Articles/950834,cacti,2023-11-08
DLA-3648-1,https://lwn.net/Articles/950680,tang,2023-11-07
DLA-3647-1,https://lwn.net/Articles/950509,trapperkeeper-webserver-jetty9-clojure,2023-11-07
DLA-3646-1,https://lwn.net/Articles/950372,open-vm-tools,2023-11-05
DLA-3645-1,https://lwn.net/Articles/950375,trafficserver,2023-11-05
DSA-5548-1,https://lwn.net/Articles/950373,openjdk-17,2023-11-05
DSA-5549-1,https://lwn.net/Articles/950376,trafficserver,2023-11-05
DSA-5547-1,https://lwn.net/Articles/950374,pmix,2023-11-04
DLA-3644-1,https://lwn.net/Articles/950048,phppgadmin,2023-11-03
DSA-5546-1,https://lwn.net/Articles/950371,chromium,2023-11-03
DSA-5545-1,https://lwn.net/Articles/950049,vlc,2023-11-02
DSA-5543-1,https://lwn.net/Articles/949580,open-vm-tools,2023-10-31
DLA-3643-1,https://lwn.net/Articles/949581,pmix,2023-10-31
DSA-5544-1,https://lwn.net/Articles/949582,zookeeper,2023-10-31
DLA-3638-1,https://lwn.net/Articles/949579,h2o,2023-10-31
DLA-3642-1,https://lwn.net/Articles/949357,request-tracker4,2023-10-31
DSA-5540-1,https://lwn.net/Articles/949353,jetty9,2023-10-30
DLA-3641-1,https://lwn.net/Articles/949354,jetty9,2023-10-30
DSA-5539-1,https://lwn.net/Articles/949355,node-browserify-sign,2023-10-30
DSA-5542-1,https://lwn.net/Articles/949356,request-tracker4,2023-10-30
DSA-5541-1,https://lwn.net/Articles/949358,request-tracker5,2023-10-30
DLA-3640-1,https://lwn.net/Articles/949208,distro-info,2023-10-30
DLA-3639-1,https://lwn.net/Articles/949209,distro-info-data,2023-10-30
DLA-3635-1,https://lwn.net/Articles/949211,node-browserify-sign,2023-10-29
DLA-3636-1,https://lwn.net/Articles/949213,openjdk-11,2023-10-29
DLA-3637-1,https://lwn.net/Articles/949215,thunderbird,2023-10-29
DLA-3634-1,https://lwn.net/Articles/949212,nss,2023-10-28
DSA-5538-1,https://lwn.net/Articles/949216,thunderbird,2023-10-28
DLA-3633-1,https://lwn.net/Articles/949210,gst-plugins-bad1.0,2023-10-28
DSA-5537-1,https://lwn.net/Articles/949214,openjdk-11,2023-10-27
DLA-3632-1,https://lwn.net/Articles/949037,firefox-esr,2023-10-27
DSA-5536-1,https://lwn.net/Articles/949036,chromium,2023-10-26
DSA-5535-1,https://lwn.net/Articles/948899,firefox-esr,2023-10-25
DLA-3631-1,https://lwn.net/Articles/948900,xorg-server,2023-10-25
DSA-5534-1,https://lwn.net/Articles/948780,xorg-server,2023-10-25
DSA-5533-1,https://lwn.net/Articles/948777,gst-plugins-bad1.0,2023-10-24
DLA-3630-1,https://lwn.net/Articles/948779,roundcube,2023-10-24
DSA-5532-1,https://lwn.net/Articles/948778,openssl,2023-10-24
DLA-3629-1,https://lwn.net/Articles/948636,ceph,2023-10-23
DLA-3627-1,https://lwn.net/Articles/948488,redis,2023-10-23
DLA-3628-1,https://lwn.net/Articles/948637,dbus,2023-10-23
DSA-5531-1,https://lwn.net/Articles/948489,roundcube,2023-10-23
DLA-3625-1,https://lwn.net/Articles/948491,ruby-rmagick,2023-10-22
DSA-5530-1,https://lwn.net/Articles/948490,ruby-rack,2023-10-22
DLA-3626-1,https://lwn.net/Articles/948487,krb5,2023-10-22
DLA-3624-1,https://lwn.net/Articles/948493,zookeeper,2023-10-21
DLA-3538-2,https://lwn.net/Articles/948492,zabbix,2023-10-21
DSA-5527-2,https://lwn.net/Articles/948331,webkit2gtk,2023-10-20
DLA-3618-1,https://lwn.net/Articles/948214,node-babel,2023-10-19
DLA-3623-1,https://lwn.net/Articles/948330,linux-5.10,2023-10-19
DLA-3622-1,https://lwn.net/Articles/947984,axis,2023-10-17
DSA-5529-1,https://lwn.net/Articles/948067,slurm-wlm,2023-10-17
DLA-3617-2,https://lwn.net/Articles/947988,tomcat9,2023-10-17
DSA-5528-1,https://lwn.net/Articles/947986,node-babel7,2023-10-16
DLA-3620-1,https://lwn.net/Articles/947855,poppler,2023-10-16
DLA-3621-1,https://lwn.net/Articles/947985,nghttp2,2023-10-16
DSA-5522-3,https://lwn.net/Articles/947987,tomcat9,2023-10-16
DLA-3619-1,https://lwn.net/Articles/947854,batik,2023-10-14
DLA-3617-1,https://lwn.net/Articles/947856,tomcat9,2023-10-13
DSA-5527-1,https://lwn.net/Articles/947691,webkit2gtk,2023-10-12
DSA-5522-2,https://lwn.net/Articles/947690,tomcat9,2023-10-12
DLA-3616-1,https://lwn.net/Articles/947535,org-mode,2023-10-12
DSA-5526-1,https://lwn.net/Articles/947689,chromium,2023-10-12
DSA-5525-1,https://lwn.net/Articles/947537,samba,2023-10-11
DSA-5523-1,https://lwn.net/Articles/947367,curl,2023-10-11
DLA-3615-1,https://lwn.net/Articles/947534,libcue,2023-10-11
DSA-5524-1,https://lwn.net/Articles/947533,libcue,2023-10-11
DLA-3614-1,https://lwn.net/Articles/947536,python3.7,2023-10-11
DLA-3613-1,https://lwn.net/Articles/947368,curl,2023-10-11
DSA-5520-1,https://lwn.net/Articles/947369,mediawiki,2023-10-10
DSA-5522-1,https://lwn.net/Articles/947371,tomcat9,2023-10-10
DSA-5521-1,https://lwn.net/Articles/947370,tomcat10,2023-10-10
DLA-3601-1,https://lwn.net/Articles/947084,thunderbird,2023-10-09
DLA-3612-1,https://lwn.net/Articles/947081,lemonldap-ng,2023-10-08
DLA-3610-1,https://lwn.net/Articles/947083,python-urllib3,2023-10-08
DLA-3611-1,https://lwn.net/Articles/947080,inetutils,2023-10-08
DLA-3609-1,https://lwn.net/Articles/947082,prometheus-alertmanager,2023-10-08
DLA-3608-1,https://lwn.net/Articles/947085,vinagre,2023-10-07
DLA-3607-1,https://lwn.net/Articles/947078,gnome-boxes,2023-10-07
DLA-3607-1,https://lwn.net/Articles/947078,gnome-boxes,2023-10-07
DSA-5519-1,https://lwn.net/Articles/947079,grub2,2023-10-06
DLA-3605-1,https://lwn.net/Articles/946829,grub2,2023-10-06
DLA-3604-1,https://lwn.net/Articles/946833,qemu,2023-10-05
DLA-3603-1,https://lwn.net/Articles/946657,libxpm,2023-10-05
DSA-5518-1,https://lwn.net/Articles/946830,libvpx,2023-10-05
DLA-3602-1,https://lwn.net/Articles/946656,libx11,2023-10-05
DSA-5517-1,https://lwn.net/Articles/946831,libx11,2023-10-05
DSA-5516-1,https://lwn.net/Articles/946832,libxpm,2023-10-05
DLA-3600-1,https://lwn.net/Articles/946448,postgresql-11,2023-10-04
DSA-5515-1,https://lwn.net/Articles/946655,chromium,2023-10-04
DSA-5513-1,https://lwn.net/Articles/946449,thunderbird,2023-10-03
DSA-5514-1,https://lwn.net/Articles/946447,glibc,2023-10-03
DLA-3599-1,https://lwn.net/Articles/946290,exim4,2023-10-02
DSA-5512-1,https://lwn.net/Articles/946289,exim4,2023-10-02
DLA-3598-1,https://lwn.net/Articles/946149,libvpx,2023-10-01
DLA-3597-1,https://lwn.net/Articles/946152,open-vm-tools,2023-10-01
DSA-5511-1,https://lwn.net/Articles/946151,mosquitto,2023-10-01
DLA-3593-1,https://lwn.net/Articles/946147,gerbv,2023-09-30
DLA-3592-1,https://lwn.net/Articles/946148,jetty9,2023-09-30
DLA-3595-1,https://lwn.net/Articles/946155,trafficserver,2023-09-30
DLA-3596-1,https://lwn.net/Articles/946146,firmware-nonfree,2023-09-30
DLA-3591-1,https://lwn.net/Articles/946144,firefox-esr,2023-09-30
DLA-3594-1,https://lwn.net/Articles/946143,cups,2023-09-30
DLA-3587-1,https://lwn.net/Articles/945943,firefox-esr,2023-09-29
DLA-3590-1,https://lwn.net/Articles/946154,python-reportlab,2023-09-29
DLA-3589-1,https://lwn.net/Articles/946153,python-git,2023-09-29
DSA-5509-1,https://lwn.net/Articles/946145,firefox-esr,2023-09-29
DLA-3588-1,https://lwn.net/Articles/945946,vim,2023-09-29
DSA-5508-1,https://lwn.net/Articles/946142,chromium,2023-09-29
DSA-5510-1,https://lwn.net/Articles/946150,libvpx,2023-09-29
DSA-5507-1,https://lwn.net/Articles/945945,jetty9,2023-09-28
DSA-5506-1,https://lwn.net/Articles/945944,firefox-esr,2023-09-28
DLA-3586-1,https://lwn.net/Articles/945770,ncurses,2023-09-28
DLA-3585-1,https://lwn.net/Articles/945538,exempi,2023-09-25
DLA-3584-1,https://lwn.net/Articles/945541,netatalk,2023-09-25
DSA-5505-1,https://lwn.net/Articles/945540,lldpd,2023-09-25
DLA-3583-1,https://lwn.net/Articles/945539,glib2.0,2023-09-25
DLA-3582-1,https://lwn.net/Articles/945463,ghostscript,2023-09-25
DLA-3581-1,https://lwn.net/Articles/945462,flac,2023-09-25
DLA-3580-1,https://lwn.net/Articles/945464,libapache-mod-jk,2023-09-24
DLA-3579-1,https://lwn.net/Articles/945461,elfutils,2023-09-23
DLA-3577-1,https://lwn.net/Articles/945466,roundcube,2023-09-22
DSA-5504-1,https://lwn.net/Articles/945460,bind9,2023-09-22
DLA-3578-1,https://lwn.net/Articles/945465,lldpd,2023-09-22
DLA-3576-1,https://lwn.net/Articles/945295,gsl,2023-09-21
DLA-3575-1,https://lwn.net/Articles/945145,python2.7,2023-09-20
DSA-5503-1,https://lwn.net/Articles/945144,netatalk,2023-09-20
DLA-3574-1,https://lwn.net/Articles/945143,mutt,2023-09-20
DLA-3573-1,https://lwn.net/Articles/945022,frr,2023-09-19
DLA-3571-1,https://lwn.net/Articles/944827,openjdk-11,2023-09-19
DLA-3572-1,https://lwn.net/Articles/945023,libyang,2023-09-19
DSA-5501-1,https://lwn.net/Articles/944825,gnome-shell,2023-09-18
DSA-5502-1,https://lwn.net/Articles/944828,xrdp,2023-09-18
DLA-3570-1,https://lwn.net/Articles/944826,libwebp,2023-09-18
DSA-5500-1,https://lwn.net/Articles/944824,flac,2023-09-18
DSA-5499-1,https://lwn.net/Articles/944823,chromium,2023-09-18
DSA-5497-2,https://lwn.net/Articles/944712,libwebp,2023-09-17
DLA-3569-1,https://lwn.net/Articles/944714,thunderbird,2023-09-17
DLA-3568-1,https://lwn.net/Articles/944711,firefox-esr,2023-09-16
DLA-3567-1,https://lwn.net/Articles/944557,c-ares,2023-09-15
DSA-5498-1,https://lwn.net/Articles/944713,thunderbird,2023-09-15
DLA-3563-1,https://lwn.net/Articles/944558,samba,2023-09-14
DSA-5497-1,https://lwn.net/Articles/944452,libwebp,2023-09-13
DLA-3566-1,https://lwn.net/Articles/944454,ruby-rails-html-sanitizer,2023-09-13
DLA-3565-1,https://lwn.net/Articles/944453,ruby-loofah,2023-09-13
DSA-5496-1,https://lwn.net/Articles/944451,firefox-esr,2023-09-13
DLA-3564-1,https://lwn.net/Articles/944344,e2guardian,2023-09-12
DLA-3562-1,https://lwn.net/Articles/944246,orthanc,2023-09-12
DLA-3561-1,https://lwn.net/Articles/944245,node-cookiejar,2023-09-11
DSA-5495-1,https://lwn.net/Articles/944152,frr,2023-09-11
DSA-5493-1,https://lwn.net/Articles/944156,open-vm-tools,2023-09-10
DSA-5494-1,https://lwn.net/Articles/944155,mutt,2023-09-10
DLA-3560-1,https://lwn.net/Articles/944154,libraw,2023-09-10
DSA-5492-1,https://lwn.net/Articles/944153,kernel,2023-09-09
DLA-3559-1,https://lwn.net/Articles/943975,libssh2,2023-09-08
DLA-3558-1,https://lwn.net/Articles/943977,python-django,2023-09-07
DSA-5491-1,https://lwn.net/Articles/943974,chromium,2023-09-07
DLA-3557-1,https://lwn.net/Articles/943976,memcached,2023-09-07
DLA-3556-1,https://lwn.net/Articles/943661,aom,2023-09-06
DLA-3555-1,https://lwn.net/Articles/943662,php7.3,2023-09-05
DSA-5490-1,https://lwn.net/Articles/943660,aom,2023-09-05
DLA-3554-1,https://lwn.net/Articles/943558,thunderbird,2023-09-05
DSA-5489-1,https://lwn.net/Articles/943557,file,2023-09-04
DSA-5488-1,https://lwn.net/Articles/943480,thunderbird,2023-09-03
DLA-3553-1,https://lwn.net/Articles/943278,firefox-esr,2023-09-01
DSA-5487-1,https://lwn.net/Articles/943277,chromium,2023-08-31
DLA-3552-1,https://lwn.net/Articles/943279,gst-plugins-ugly1.0,2023-08-31
DLA-3551-1,https://lwn.net/Articles/943179,otrs2,2023-08-31
DSA-5486-1,https://lwn.net/Articles/943177,json-c,2023-08-30
DLA-3550-1,https://lwn.net/Articles/943178,opendmarc,2023-08-30
DSA-5485-1,https://lwn.net/Articles/943176,firefox-esr,2023-08-30
DLA-3549-1,https://lwn.net/Articles/943074,ring,2023-08-29
DLA-3547-1,https://lwn.net/Articles/943075,tryton-server,2023-08-29
DLA-3548-1,https://lwn.net/Articles/943073,qpdf,2023-08-29
DLA-3545-1,https://lwn.net/Articles/942984,flask-security,2023-08-28
DLA-3544-1,https://lwn.net/Articles/942903,clamav,2023-08-28
DLA-3546-1,https://lwn.net/Articles/942985,opendmarc,2023-08-28
DLA-3543-1,https://lwn.net/Articles/942905,rar,2023-08-27
DSA-5484-1,https://lwn.net/Articles/942904,librsvg,2023-08-27
DLA-3542-1,https://lwn.net/Articles/942906,unrar-nonfree,2023-08-26
DSA-5483-1,https://lwn.net/Articles/942902,chromium,2023-08-25
DSA-5482-1,https://lwn.net/Articles/942759,tryton-server,2023-08-24
DLA-3541-1,https://lwn.net/Articles/942608,w3m,2023-08-24
DLA-3540-1,https://lwn.net/Articles/942498,mediawiki,2023-08-23
DLA-3538-1,https://lwn.net/Articles/942400,zabbix,2023-08-22
DLA-3537-1,https://lwn.net/Articles/942398,intel-microcode,2023-08-22
DLA-3539-1,https://lwn.net/Articles/942499,qt4-x11,2023-08-22
DLA-3533-1,https://lwn.net/Articles/942399,lxc,2023-08-21
DSA-5481-1,https://lwn.net/Articles/942283,fastdds,2023-08-20
DLA-3536-1,https://lwn.net/Articles/942284,flask,2023-08-20
DSA-5480-1,https://lwn.net/Articles/942285,kernel,2023-08-18
DLA-3534-1,https://lwn.net/Articles/942054,rar,2023-08-17
DLA-3535-1,https://lwn.net/Articles/942055,unrar-nonfree,2023-08-17
DLA-3532-1,https://lwn.net/Articles/941907,openssh,2023-08-17
DSA-5479-1,https://lwn.net/Articles/942053,chromium,2023-08-17
DLA-3531-1,https://lwn.net/Articles/941905,open-vm-tools,2023-08-16
DLA-3530-1,https://lwn.net/Articles/941702,openssl,2023-08-16
DSA-5478-1,https://lwn.net/Articles/941906,openjdk-11,2023-08-16
DLA-3529-1,https://lwn.net/Articles/941701,datatables.js,2023-08-15
DSA-5477-1,https://lwn.net/Articles/941652,samba,2023-08-14
DLA-3528-1,https://lwn.net/Articles/941456,poppler,2023-08-14
DLA-3426-3,https://lwn.net/Articles/941455,netatalk,2023-08-13
DLA-3527-1,https://lwn.net/Articles/941457,sox,2023-08-13
DLA-3526-1,https://lwn.net/Articles/941453,libreoffice,2023-08-13
DSA-5476-1,https://lwn.net/Articles/941452,gst-plugins-ugly1.0,2023-08-12
DLA-3495-2,https://lwn.net/Articles/941238,php-dompdf,2023-08-11
DSA-5474-1,https://lwn.net/Articles/941235,intel-microcode,2023-08-11
DLA-3525-1,https://lwn.net/Articles/941454,linux-5.10,2023-08-11
DSA-5475-1,https://lwn.net/Articles/941237,kernel,2023-08-11
DLA-3524-1,https://lwn.net/Articles/941236,kernel,2023-08-10
DLA-3523-1,https://lwn.net/Articles/941074,firefox-esr,2023-08-09
DLA-3522-1,https://lwn.net/Articles/940877,hdf5,2023-08-09
DSA-5473-1,https://lwn.net/Articles/940878,orthanc,2023-08-08
DSA-5472-1,https://lwn.net/Articles/940876,cjose,2023-08-08
DLA-3521-1,https://lwn.net/Articles/940738,thunderbird,2023-08-08
DSA-5471-1,https://lwn.net/Articles/940737,libhtmlcleaner-java,2023-08-07
DLA-3520-1,https://lwn.net/Articles/940736,libhtmlcleaner-java,2023-08-07
DLA-3518-1,https://lwn.net/Articles/940663,openimageio,2023-08-07
DLA-3519-1,https://lwn.net/Articles/940662,ghostscript,2023-08-07
DSA-5470-1,https://lwn.net/Articles/940665,python-werkzeug,2023-08-06
DLA-3517-1,https://lwn.net/Articles/940664,pdfcrack,2023-08-06
DSA-5469-1,https://lwn.net/Articles/940666,thunderbird,2023-08-05
DLA-3516-1,https://lwn.net/Articles/940660,burp,2023-08-05
DSA-5468-1,https://lwn.net/Articles/940667,webkit2gtk,2023-08-05
DSA-5467-1,https://lwn.net/Articles/940661,chromium,2023-08-04
DLA-3515-1,https://lwn.net/Articles/940455,cjose,2023-08-04
DSA-5466-1,https://lwn.net/Articles/940457,ntpsec,2023-08-04
DSA-5465-1,https://lwn.net/Articles/940458,python-django,2023-08-03
DSA-5464-1,https://lwn.net/Articles/940456,firefox-esr,2023-08-03
DLA-3512-1,https://lwn.net/Articles/940323,linux-5.10,2023-08-02
DLA-3514-1,https://lwn.net/Articles/940074,bouncycastle,2023-08-02
DLA-3510-1,https://lwn.net/Articles/939744,thunderbird,2023-07-31
DLA-3511-1,https://lwn.net/Articles/939741,amd64-microcode,2023-07-31
DLA-3513-1,https://lwn.net/Articles/939898,tiff,2023-07-31
DSA-5462-1,https://lwn.net/Articles/939743,kernel,2023-07-30
DSA-5463-1,https://lwn.net/Articles/939745,thunderbird,2023-07-30
DSA-5461-1,https://lwn.net/Articles/939742,kernel,2023-07-30
DLA-3509-1,https://lwn.net/Articles/939516,libmail-dkim-perl,2023-07-27
DLA-3508-1,https://lwn.net/Articles/939515,kernel,2023-07-27
DSA-5460-1,https://lwn.net/Articles/939391,curl,2023-07-26
DLA-3503-1,https://lwn.net/Articles/939273,gst-plugins-bad1.0,2023-07-25
DLA-3506-1,https://lwn.net/Articles/939276,iperf3,2023-07-25
DSA-5459-1,https://lwn.net/Articles/939272,amd64-microcode,2023-07-25
DSA-5458-1,https://lwn.net/Articles/939277,openjdk-17,2023-07-25
DLA-3501-1,https://lwn.net/Articles/939160,renderdoc,2023-07-25
DLA-3505-1,https://lwn.net/Articles/939275,gst-plugins-good1.0,2023-07-25
DLA-3504-1,https://lwn.net/Articles/939274,gst-plugins-base1.0,2023-07-25
DLA-3507-1,https://lwn.net/Articles/939278,pandoc,2023-07-25
DLA-3502-1,https://lwn.net/Articles/939159,python-git,2023-07-25
DSA-5457-1,https://lwn.net/Articles/939042,webkit2gtk,2023-07-22
DSA-5456-1,https://lwn.net/Articles/938680,chromium,2023-07-20
DLA-3499-1,https://lwn.net/Articles/938571,libapache2-mod-auth-openidc,2023-07-19
DLA-3498-1,https://lwn.net/Articles/938570,bind9,2023-07-19
DLA-3500-1,https://lwn.net/Articles/938572,python-django,2023-07-19
DSA-5455-1,https://lwn.net/Articles/938354,iperf3,2023-07-17
DSA-5453-1,https://lwn.net/Articles/938356,kernel,2023-07-16
DSA-5454-1,https://lwn.net/Articles/938355,kanboard,2023-07-16
DLA-3497-1,https://lwn.net/Articles/938357,pypdf2,2023-07-14
DLA-3496-1,https://lwn.net/Articles/938216,lemonldap-ng,2023-07-14
DSA-5452-1,https://lwn.net/Articles/938353,gpac,2023-07-14
DLA-3495-1,https://lwn.net/Articles/938217,php-dompdf,2023-07-13
DLA-3493-1,https://lwn.net/Articles/937959,symfony,2023-07-12
DLA-3494-1,https://lwn.net/Articles/938088,ruby-doorkeeper,2023-07-12
DLA-3491-1,https://lwn.net/Articles/937958,erlang,2023-07-11
DLA-3490-1,https://lwn.net/Articles/937960,thunderbird,2023-07-11
DLA-3492-1,https://lwn.net/Articles/937961,yajl,2023-07-11
DLA-3489-1,https://lwn.net/Articles/937870,mediawiki,2023-07-10
DLA-3488-1,https://lwn.net/Articles/937871,node-tough-cookie,2023-07-10
DSA-5451-1,https://lwn.net/Articles/937791,thunderbird,2023-07-09
DLA-3485-1,https://lwn.net/Articles/937790,php-cas,2023-07-08
DLA-3487-1,https://lwn.net/Articles/937788,fusiondirectory,2023-07-08
DLA-3486-1,https://lwn.net/Articles/937789,ocsinventory-server,2023-07-08
DLA-3484-1,https://lwn.net/Articles/937786,firefox-esr,2023-07-08
DLA-3482-1,https://lwn.net/Articles/937585,debian-archive-keyring,2023-07-07
DLA-3483-1,https://lwn.net/Articles/937587,nsis,2023-07-07
DSA-5449-1,https://lwn.net/Articles/937589,webkit2gtk,2023-07-07
DSA-5450-1,https://lwn.net/Articles/937787,firefox-esr,2023-07-07
DLA-3481-1,https://lwn.net/Articles/937586,libusrsctp,2023-07-06
DLA-3480-1,https://lwn.net/Articles/937588,ruby-redcloth,2023-07-06
DSA-5447-1,https://lwn.net/Articles/937475,mediawiki,2023-07-05
DLA-3479-1,https://lwn.net/Articles/937473,golang-yaml.v2,2023-07-05
DSA-5448-1,https://lwn.net/Articles/937474,kernel,2023-07-05
DSA-5446-1,https://lwn.net/Articles/937275,ghostscript,2023-07-03
DSA-5444-1,https://lwn.net/Articles/937164,gst-plugins-bad1.0,2023-07-02
DSA-5445-1,https://lwn.net/Articles/937166,gst-plugins-good1.0,2023-07-02
DSA-5443-1,https://lwn.net/Articles/937165,gst-plugins-base1.0,2023-07-02
DLA-3478-1,https://lwn.net/Articles/937168,yajl,2023-07-02
DLA-3476-1,https://lwn.net/Articles/937163,cups,2023-06-30
DLA-3477-1,https://lwn.net/Articles/937167,python3.7,2023-06-30
DLA-3475-1,https://lwn.net/Articles/936932,trafficserver,2023-06-30
DLA-3474-1,https://lwn.net/Articles/936931,systemd,2023-06-29
DSA-5441-1,https://lwn.net/Articles/936745,maradns,2023-06-29
DLA-3473-1,https://lwn.net/Articles/936929,docker-registry,2023-06-29
DSA-5442-1,https://lwn.net/Articles/936930,flask,2023-06-29
DSA-5440-1,https://lwn.net/Articles/936744,chromium,2023-06-28
DLA-3472-1,https://lwn.net/Articles/936537,libx11,2023-06-26
DLA-3471-1,https://lwn.net/Articles/936536,c-ares,2023-06-26
DSA-5439-1,https://lwn.net/Articles/936320,bind9,2023-06-25
DLA-3470-1,https://lwn.net/Articles/936321,owslib,2023-06-25
DLA-3469-1,https://lwn.net/Articles/936009,lua5.3,2023-06-23
DSA-5438-1,https://lwn.net/Articles/936008,asterisk,2023-06-22
DSA-5435-2,https://lwn.net/Articles/936010,trafficserver,2023-06-22
DLA-3467-1,https://lwn.net/Articles/935820,hsqldb,2023-06-22
DLA-3468-1,https://lwn.net/Articles/935822,hsqldb1.8.0,2023-06-22
DSA-5433-1,https://lwn.net/Articles/935540,libx11,2023-06-21
DLA-3463-1,https://lwn.net/Articles/935541,opensc,2023-06-21
DSA-5434-1,https://lwn.net/Articles/935825,minidlna,2023-06-21
DLA-3464-1,https://lwn.net/Articles/935827,xmltooling,2023-06-21
DLA-3465-1,https://lwn.net/Articles/935824,minidlna,2023-06-21
DSA-5435-1,https://lwn.net/Articles/935826,trafficserver,2023-06-21
DLA-3466-1,https://lwn.net/Articles/935819,avahi,2023-06-21
DSA-5437-1,https://lwn.net/Articles/935821,hsqldb,2023-06-21
DSA-5436-1,https://lwn.net/Articles/935823,hsqldb1.8.0,2023-06-21
DLA-3462-1,https://lwn.net/Articles/935543,wordpress,2023-06-21
DLA-3459-1,https://lwn.net/Articles/935342,libxpm,2023-06-20
DLA-3458-1,https://lwn.net/Articles/935343,php7.3,2023-06-20
DLA-3461-1,https://lwn.net/Articles/935539,libfastjson,2023-06-20
DLA-3460-1,https://lwn.net/Articles/935542,python-mechanize,2023-06-20
DLA-3457-1,https://lwn.net/Articles/935136,maradns,2023-06-19
DLA-3456-1,https://lwn.net/Articles/935137,requests,2023-06-18
DSA-5432-1,https://lwn.net/Articles/935139,xmltooling,2023-06-18
DLA-3455-1,https://lwn.net/Articles/935135,golang-go.crypto,2023-06-16
DSA-5430-1,https://lwn.net/Articles/934916,openjdk-17,2023-06-16
DSA-5431-1,https://lwn.net/Articles/935138,sofia-sip,2023-06-16
DSA-5427-1,https://lwn.net/Articles/934780,webkit2gtk,2023-06-15
DSA-5428-1,https://lwn.net/Articles/934915,chromium,2023-06-15
DSA-5429-1,https://lwn.net/Articles/934917,wireshark,2023-06-15
DSA-5426-1,https://lwn.net/Articles/934600,owslib,2023-06-14
DLA-3454-1,https://lwn.net/Articles/934599,ffmpeg,2023-06-13
DSA-5425-1,https://lwn.net/Articles/934602,php8.2,2023-06-13
DSA-5424-1,https://lwn.net/Articles/934601,php7.4,2023-06-13
DLA-3453-1,https://lwn.net/Articles/934479,vim,2023-06-12
DLA-3452-1,https://lwn.net/Articles/934437,thunderbird,2023-06-12
DSA-5423-1,https://lwn.net/Articles/934438,thunderbird,2023-06-11
DSA-5422-1,https://lwn.net/Articles/934296,jupyter-core,2023-06-09
DLA-3451-1,https://lwn.net/Articles/934436,pypdf2,2023-06-09
DLA-3450-1,https://lwn.net/Articles/934298,ruby2.5,2023-06-09
DLA-3449-1,https://lwn.net/Articles/934297,openssl,2023-06-08
DLA-3448-1,https://lwn.net/Articles/934220,firefox-esr,2023-06-08
DLA-3447-1,https://lwn.net/Articles/934222,ruby2.5,2023-06-07
DSA-5419-1,https://lwn.net/Articles/934133,c-ares,2023-06-07
DSA-5420-1,https://lwn.net/Articles/934219,chromium,2023-06-07
DSA-5421-1,https://lwn.net/Articles/934221,firefox-esr,2023-06-07
DLA-3446-1,https://lwn.net/Articles/933999,linux-5.10,2023-06-05
DLA-3445-1,https://lwn.net/Articles/933886,cpio,2023-06-04
DLA-3444-1,https://lwn.net/Articles/933888,mariadb-10.3,2023-06-03
DLA-3444-1,https://lwn.net/Articles/933887,mariadb-10.3,2023-06-03
DLA-3443-1,https://lwn.net/Articles/933891,wireshark,2023-06-03
DSA-5418-1,https://lwn.net/Articles/933885,chromium,2023-06-03
DLA-3442-1,https://lwn.net/Articles/933889,nbconvert,2023-06-03
DLA-3441-1,https://lwn.net/Articles/933890,sofia-sip,2023-06-02
DLA-3440-1,https://lwn.net/Articles/933560,cups,2023-06-01
DLA-3426-2,https://lwn.net/Articles/933561,netatalk,2023-06-01
DLA-3436-2,https://lwn.net/Articles/933445,sssd,2023-05-31
DSA-5417-1,https://lwn.net/Articles/933444,openssl,2023-05-31
DLA-3427-2,https://lwn.net/Articles/933446,texlive-bin,2023-05-31
DLA-3439-1,https://lwn.net/Articles/933443,libwebp,2023-05-31
DLA-3438-1,https://lwn.net/Articles/933321,kamailio,2023-05-30
DLA-3437-1,https://lwn.net/Articles/933227,libssh,2023-05-30
DSA-5416-1,https://lwn.net/Articles/933320,connman,2023-05-30
DLA-3436-1,https://lwn.net/Articles/933228,sssd,2023-05-29
DSA-5415-1,https://lwn.net/Articles/933137,libreoffice,2023-05-28
DLA-3435-1,https://lwn.net/Articles/933138,rainloop,2023-05-28
DLA-3434-1,https://lwn.net/Articles/933139,sysstat,2023-05-27
DLA-3433-1,https://lwn.net/Articles/933135,libraw,2023-05-27
DSA-5414-1,https://lwn.net/Articles/933133,docker-registry,2023-05-27
DSA-5412-1,https://lwn.net/Articles/933136,libraw,2023-05-27
DSA-5411-1,https://lwn.net/Articles/933134,gpac,2023-05-26
DSA-5413-1,https://lwn.net/Articles/933052,sniproxy,2023-05-26
DSA-5410-1,https://lwn.net/Articles/932796,sofia-sip,2023-05-24
DLA-3432-1,https://lwn.net/Articles/932973,python2.7,2023-05-24
DSA-5409-1,https://lwn.net/Articles/932795,libssh,2023-05-23
DLA-3431-1,https://lwn.net/Articles/932591,sqlite,2023-05-22
DLA-3428-1,https://lwn.net/Articles/932683,node-nth-check,2023-05-22
DSA-5407-1,https://lwn.net/Articles/932587,cups-filters,2023-05-21
DLA-3430-1,https://lwn.net/Articles/932588,cups-filters,2023-05-21
DLA-3429-1,https://lwn.net/Articles/932589,imagemagick,2023-05-21
DSA-5408-1,https://lwn.net/Articles/932590,libwebp,2023-05-21
DSA-5406-1,https://lwn.net/Articles/932592,texlive-bin,2023-05-20
DLA-3427-1,https://lwn.net/Articles/932593,texlive-bin,2023-05-20
DSA-5405-1,https://lwn.net/Articles/932309,libapache2-mod-auth-openidc,2023-05-18
DSA-5404-1,https://lwn.net/Articles/932308,chromium,2023-05-17
DLA-3426-1,https://lwn.net/Articles/932108,netatalk,2023-05-17
DLA-3424-1,https://lwn.net/Articles/932019,python-ipaddress,2023-05-16
DLA-3425-1,https://lwn.net/Articles/932020,sqlparse,2023-05-16
DLA-3423-1,https://lwn.net/Articles/932018,epiphany-browser,2023-05-15
DLA-3421-1,https://lwn.net/Articles/931863,thunderbird,2023-05-15
DLA-3422-1,https://lwn.net/Articles/931861,postgresql-11,2023-05-15
DSA-5403-1,https://lwn.net/Articles/931862,thunderbird,2023-05-14
DLA-3420-1,https://lwn.net/Articles/931859,golang-websocket,2023-05-14
DSA-5402-1,https://lwn.net/Articles/931860,kernel,2023-05-13
DLA-3419-1,https://lwn.net/Articles/931747,webkit2gtk,2023-05-12
DSA-5401-1,https://lwn.net/Articles/931746,postgresql-13,2023-05-11
DLA-3417-1,https://lwn.net/Articles/931599,firefox-esr,2023-05-11
DLA-3418-1,https://lwn.net/Articles/931600,nvidia-graphics-drivers-legacy-390xx,2023-05-11
DLA-3416-1,https://lwn.net/Articles/931458,emacs,2023-05-10
DSA-5400-1,https://lwn.net/Articles/931598,firefox-esr,2023-05-10
DSA-5399-1,https://lwn.net/Articles/931024,odoo,2023-05-05
DSA-5398-1,https://lwn.net/Articles/931022,chromium,2023-05-04
DSA-5396-2,https://lwn.net/Articles/931023,evolution,2023-05-04
DLA-3404-1,https://lwn.net/Articles/930741,linux-5.10,2023-05-03
DLA-3403-1,https://lwn.net/Articles/930740,kernel,2023-05-03
DSA-5397-1,https://lwn.net/Articles/930744,wpewebkit,2023-05-03
DSA-5396-1,https://lwn.net/Articles/930743,webkit2gtk,2023-05-03
DSA-5395-1,https://lwn.net/Articles/930742,nodejs,2023-05-02
DLA-3414-1,https://lwn.net/Articles/930739,avahi,2023-05-02
DLA-3412-1,https://lwn.net/Articles/930645,tzdata,2023-05-02
DLA-3413-1,https://lwn.net/Articles/930644,libdatetime-timezone-perl,2023-05-02
DLA-3409-1,https://lwn.net/Articles/930548,libapache2-mod-auth-openidc,2023-05-01
DLA-3410-1,https://lwn.net/Articles/930550,openvswitch,2023-05-01
DLA-3407-1,https://lwn.net/Articles/930546,jackson-databind,2023-04-30
DSA-5394-1,https://lwn.net/Articles/930545,ffmpeg,2023-04-30
DLA-3408-1,https://lwn.net/Articles/930547,jruby,2023-04-30
DLA-3411-1,https://lwn.net/Articles/930544,distro-info-data,2023-04-30
DLA-3406-1,https://lwn.net/Articles/930551,sniproxy,2023-04-30
DLA-3405-1,https://lwn.net/Articles/930549,libxml2,2023-04-30
DLA-3402-1,https://lwn.net/Articles/930552,wireshark,2023-04-29
DLA-3399-1,https://lwn.net/Articles/929998,389-ds-base,2023-04-24
DLA-3401-1,https://lwn.net/Articles/930115,apache2,2023-04-24
DLA-3400-1,https://lwn.net/Articles/930004,thunderbird,2023-04-24
DSA-5392-1,https://lwn.net/Articles/930003,thunderbird,2023-04-22
DSA-5393-1,https://lwn.net/Articles/929999,chromium,2023-04-22
DLA-3398-1,https://lwn.net/Articles/930001,curl,2023-04-21
DLA-3396-1,https://lwn.net/Articles/930002,redis,2023-04-21
DLA-3397-1,https://lwn.net/Articles/930000,connman,2023-04-21
DLA-3395-2,https://lwn.net/Articles/929801,golang-1.11,2023-04-20
DSA-5391-1,https://lwn.net/Articles/929802,libxml2,2023-04-20
DLA-3395-1,https://lwn.net/Articles/929638,golang-1.11,2023-04-19
DLA-3394-1,https://lwn.net/Articles/929517,asterisk,2023-04-19
DLA-3393-1,https://lwn.net/Articles/929355,protobuf,2023-04-18
DLA-3392-1,https://lwn.net/Articles/929264,ruby-rack,2023-04-17
DSA-5390-1,https://lwn.net/Articles/929262,chromium,2023-04-16
DSA-5389-1,https://lwn.net/Articles/929263,rails,2023-04-14
DSA-5388-1,https://lwn.net/Articles/929090,haproxy,2023-04-13
DSA-5387-1,https://lwn.net/Articles/929091,openvswitch,2023-04-13
DLA-3390-1,https://lwn.net/Articles/928961,zabbix,2023-04-12
DLA-3390-1,https://lwn.net/Articles/928960,zabbix,2023-04-12
DLA-3389-1,https://lwn.net/Articles/928959,lldpd,2023-04-12
DLA-3391-1,https://lwn.net/Articles/928958,firefox-esr,2023-04-12
DSA-5385-1,https://lwn.net/Articles/928957,firefox-esr,2023-04-12
DSA-5386-1,https://lwn.net/Articles/928956,chromium,2023-04-12
DLA-3388-1,https://lwn.net/Articles/928728,keepalived,2023-04-10
DLA-3387-2,https://lwn.net/Articles/928649,udisks2,2023-04-10
DSA-5384-1,https://lwn.net/Articles/928647,openimageio,2023-04-10
DLA-3388-1,https://lwn.net/Articles/928729,lldpd,2023-04-10
DLA-3387-1,https://lwn.net/Articles/928648,udisks2,2023-04-07
DLA-3386-1,https://lwn.net/Articles/928462,grunt,2023-04-06
DLA-3385-1,https://lwn.net/Articles/928466,trafficserver,2023-04-06
DSA-5382-1,https://lwn.net/Articles/928460,cairosvg,2023-04-05
DSA-5381-1,https://lwn.net/Articles/928465,tomcat9,2023-04-05
DLA-3384-1,https://lwn.net/Articles/928464,tomcat9,2023-04-05
DLA-3382-1,https://lwn.net/Articles/928364,openimageio,2023-04-05
DLA-3383-1,https://lwn.net/Articles/928463,grunt,2023-04-05
DSA-5383-1,https://lwn.net/Articles/928461,ghostscript,2023-04-05
DLA-3381-1,https://lwn.net/Articles/928363,ghostscript,2023-04-04
DLA-3376-1,https://lwn.net/Articles/928173,svgpp,2023-04-01
DLA-3379-1,https://lwn.net/Articles/928172,intel-microcode,2023-04-01
DLA-3380-1,https://lwn.net/Articles/928171,firmware-nonfree,2023-04-01
DLA-3373-1,https://lwn.net/Articles/927993,json-smart,2023-03-31
DLA-3378-1,https://lwn.net/Articles/928170,duktape,2023-03-31
DLA-3375-1,https://lwn.net/Articles/927995,xrdp,2023-03-31
DLA-3377-1,https://lwn.net/Articles/928174,systemd,2023-03-31
DLA-3193-2,https://lwn.net/Articles/927991,joblib,2023-03-30
DLA-3374-1,https://lwn.net/Articles/927994,libmicrohttpd,2023-03-30
DLA-3370-1,https://lwn.net/Articles/927810,xrdp,2023-03-30
DLA-3372-1,https://lwn.net/Articles/927809,xorg-server,2023-03-29
DSA-5380-1,https://lwn.net/Articles/927650,xorg-server,2023-03-29
DLA-3371-1,https://lwn.net/Articles/927649,unbound,2023-03-29
DSA-5379-1,https://lwn.net/Articles/927533,dino-im,2023-03-27
DLA-3369-1,https://lwn.net/Articles/927534,runc,2023-03-27
DLA-3368-1,https://lwn.net/Articles/927431,libreoffice,2023-03-26
DSA-5378-1,https://lwn.net/Articles/927432,xen,2023-03-25
DLA-3366-1,https://lwn.net/Articles/927173,tzdata,2023-03-24
DLA-3367-1,https://lwn.net/Articles/927172,libdatetime-timezone-perl,2023-03-24
DSA-5377-1,https://lwn.net/Articles/927171,chromium,2023-03-23
DSA-5376-1,https://lwn.net/Articles/926734,apache2,2023-03-20
DLA-3365-1,https://lwn.net/Articles/926587,thunderbird,2023-03-20
DLA-3315-2,https://lwn.net/Articles/926586,sox,2023-03-20
DLA-3355-1,https://lwn.net/Articles/926588,xapian-core,2023-03-18
DLA-3357-2,https://lwn.net/Articles/926585,imagemagick,2023-03-18
DSA-5375-1,https://lwn.net/Articles/926389,thunderbird,2023-03-17
DSA-5356-2,https://lwn.net/Articles/926388,sox,2023-03-17
DLA-3364-1,https://lwn.net/Articles/926584,firefox-esr,2023-03-17
DLA-3363-1,https://lwn.net/Articles/926276,pcre2,2023-03-16
DSA-5374-1,https://lwn.net/Articles/926275,firefox-esr,2023-03-15
DSA-5373-1,https://lwn.net/Articles/926175,node-sqlite3,2023-03-14
DLA-3361-1,https://lwn.net/Articles/926070,redis,2023-03-14
DLA-3362-1,https://lwn.net/Articles/926176,qemu,2023-03-14
DLA-3360-1,https://lwn.net/Articles/925969,ruby-sidekiq,2023-03-13
DLA-3359-1,https://lwn.net/Articles/925966,libapache2-mod-auth-mellon,2023-03-13
DSA-5372-1,https://lwn.net/Articles/925968,rails,2023-03-13
DLA-3357-1,https://lwn.net/Articles/925965,imagemagick,2023-03-11
DLA-3358-1,https://lwn.net/Articles/925967,mpv,2023-03-11
DLA-3356-1,https://lwn.net/Articles/925823,wireless-regdb,2023-03-09
DSA-5371-1,https://lwn.net/Articles/925822,chromium,2023-03-09
DSA-5370-1,https://lwn.net/Articles/925573,apr,2023-03-07
DLA-3354-1,https://lwn.net/Articles/925444,kopanocore,2023-03-06
DSA-5369-1,https://lwn.net/Articles/925304,syslog-ng,2023-03-05
DLA-3353-1,https://lwn.net/Articles/925305,xfig,2023-03-05
DLA-3352-1,https://lwn.net/Articles/925301,libde265,2023-03-04
DLA-3347-2,https://lwn.net/Articles/925303,spip,2023-03-04
DSA-5368-1,https://lwn.net/Articles/925302,libreswan,2023-03-03
DLA-3351-1,https://lwn.net/Articles/925300,apache2,2023-03-03
DLA-3350-1,https://lwn.net/Articles/925031,node-css-what,2023-03-03
DLA-3349-1,https://lwn.net/Articles/925030,linux-5.10,2023-03-02
DSA-5367-1,https://lwn.net/Articles/924898,spip,2023-03-02
DLA-3348-1,https://lwn.net/Articles/924764,syslog-ng,2023-03-01
DSA-5366-1,https://lwn.net/Articles/924763,multipath-tools,2023-03-01
DLA-3347-1,https://lwn.net/Articles/924657,spip,2023-02-27
DLA-3346-1,https://lwn.net/Articles/924656,python-werkzeug,2023-02-27
DSA-5365-1,https://lwn.net/Articles/924655,curl,2023-02-27
DLA-3331-2,https://lwn.net/Articles/924522,python-cryptography,2023-02-27
DSA-5364-1,https://lwn.net/Articles/924516,apr-util,2023-02-26
DLA-3345-1,https://lwn.net/Articles/924520,php7.3,2023-02-26
DLA-3344-1,https://lwn.net/Articles/924519,nodejs,2023-02-26
DLA-3343-1,https://lwn.net/Articles/924518,mono,2023-02-25
DSA-5363-1,https://lwn.net/Articles/924521,php7.4,2023-02-24
DLA-3342-1,https://lwn.net/Articles/924517,freeradius,2023-02-24
DSA-5362-1,https://lwn.net/Articles/924342,frr,2023-02-24
DSA-5361-1,https://lwn.net/Articles/924345,tiff,2023-02-24
DLA-3341-1,https://lwn.net/Articles/924340,curl,2023-02-24
DLA-3338-1,https://lwn.net/Articles/924343,git,2023-02-23
DSA-5360-1,https://lwn.net/Articles/924341,emacs,2023-02-23
DSA-5359-1,https://lwn.net/Articles/924339,chromium,2023-02-23
DLA-3339-1,https://lwn.net/Articles/924338,binwalk,2023-02-23
DLA-3340-1,https://lwn.net/Articles/924344,libgit2,2023-02-23
DLA-3336-1,https://lwn.net/Articles/924206,node-url-parse,2023-02-23
DLA-3337-1,https://lwn.net/Articles/924205,mariadb-10.3,2023-02-23
DSA-5357-1,https://lwn.net/Articles/924204,git,2023-02-23
DSA-5358-1,https://lwn.net/Articles/924203,asterisk,2023-02-23
DLA-3334-1,https://lwn.net/Articles/924208,sofia-sip,2023-02-22
DLA-3331-1,https://lwn.net/Articles/924207,python-cryptography,2023-02-22
DLA-3335-1,https://lwn.net/Articles/924202,asterisk,2023-02-22
DLA-3333-1,https://lwn.net/Articles/924046,tiff,2023-02-21
DLA-3332-1,https://lwn.net/Articles/924045,apr-util,2023-02-21
DLA-3330-1,https://lwn.net/Articles/924044,amanda,2023-02-21
DSA-5356-1,https://lwn.net/Articles/923906,sox,2023-02-20
DLA-3329-1,https://lwn.net/Articles/923905,python-django,2023-02-20
DLA-3327-1,https://lwn.net/Articles/923904,nss,2023-02-20
DLA-3328-1,https://lwn.net/Articles/923903,clamav,2023-02-20
DLA-3324-1,https://lwn.net/Articles/923788,thunderbird,2023-02-20
DLA-3325-1,https://lwn.net/Articles/923785,openssl,2023-02-20
DLA-3326-1,https://lwn.net/Articles/923783,isc-dhcp,2023-02-20
DLA-3322-1,https://lwn.net/Articles/923782,golang-github-opencontainers-selinux,2023-02-18
DSA-5355-1,https://lwn.net/Articles/923787,thunderbird,2023-02-18
DSA-5354-1,https://lwn.net/Articles/923786,snort,2023-02-18
DLA-3321-1,https://lwn.net/Articles/923781,gnutls28,2023-02-18
DLA-3323-1,https://lwn.net/Articles/923780,c-ares,2023-02-18
DSA-5353-1,https://lwn.net/Articles/923784,nss,2023-02-17
DLA-3320-1,https://lwn.net/Articles/923631,webkit2gtk,2023-02-17
DSA-5352-1,https://lwn.net/Articles/923632,wpewebkit,2023-02-16
DSA-5351-1,https://lwn.net/Articles/923630,webkit2gtk,2023-02-16
DLA-3319-1,https://lwn.net/Articles/923472,firefox-esr,2023-02-16
DSA-5350-1,https://lwn.net/Articles/923471,firefox-esr,2023-02-15
DSA-5348-1,https://lwn.net/Articles/923323,haproxy,2023-02-14
DSA-5349-1,https://lwn.net/Articles/923322,gnutls28,2023-02-14
DLA-3318-1,https://lwn.net/Articles/923324,haproxy,2023-02-14
DSA-5347-1,https://lwn.net/Articles/923257,imagemagick,2023-02-13
DLA-3317-1,https://lwn.net/Articles/923131,snort,2023-02-11
DSA-5346-1,https://lwn.net/Articles/923130,libde265,2023-02-10
DLA-3315-1,https://lwn.net/Articles/922901,sox,2023-02-10
DLA-3316-1,https://lwn.net/Articles/922900,postgresql-11,2023-02-10
DLA-3314-1,https://lwn.net/Articles/922728,libsdl2,2023-02-09
DLA-3313-1,https://lwn.net/Articles/922729,wireshark,2023-02-08
DSA-5345-1,https://lwn.net/Articles/922727,chromium,2023-02-08
DLA-3312-1,https://lwn.net/Articles/922599,shim,2023-02-08
DLA-3311-1,https://lwn.net/Articles/922596,heimdal,2023-02-08
DSA-5344-1,https://lwn.net/Articles/922597,heimdal,2023-02-08
DSA-5342-1,https://lwn.net/Articles/922600,xorg-server,2023-02-07
DSA-5343-1,https://lwn.net/Articles/922598,openssl,2023-02-07
DLA-3310-1,https://lwn.net/Articles/922480,xorg-server,2023-02-07
DLA-3308-1,https://lwn.net/Articles/922478,webkit2gtk,2023-02-06
DSA-5341-1,https://lwn.net/Articles/922479,wpewebkit,2023-02-06
DSA-5340-1,https://lwn.net/Articles/922477,webkit2gtk,2023-02-06
DLA-3307-1,https://lwn.net/Articles/922476,openjdk-11,2023-02-06
DLA-3309-1,https://lwn.net/Articles/922475,graphite-web,2023-02-06
DSA-5339-1,https://lwn.net/Articles/922317,libhtml-stripscripts-perl,2023-02-05
DSA-5338-1,https://lwn.net/Articles/921940,cinder,2023-02-01
DSA-5336-1,https://lwn.net/Articles/921941,glance,2023-02-01
DLA-3306-1,https://lwn.net/Articles/921944,python-django,2023-02-01
DSA-5335-1,https://lwn.net/Articles/921943,openjdk-17,2023-02-01
DSA-5337-1,https://lwn.net/Articles/921942,nova,2023-02-01
DLA-3304-1,https://lwn.net/Articles/921832,fig2dev,2023-01-31
DLA-3305-1,https://lwn.net/Articles/921833,libstb,2023-01-31
DLA-3297-1,https://lwn.net/Articles/921737,tiff,2023-01-31
DLA-3298-1,https://lwn.net/Articles/921736,ruby-rack,2023-01-31
DLA-3303-1,https://lwn.net/Articles/921735,ruby-git,2023-01-31
DLA-3302-1,https://lwn.net/Articles/921734,nova,2023-01-31
DLA-3295-1,https://lwn.net/Articles/921732,node-moment,2023-01-31
DLA-3296-1,https://lwn.net/Articles/921730,libhtml-stripscripts-perl,2023-01-31
DLA-3300-1,https://lwn.net/Articles/921728,glance,2023-01-31
DLA-3301-1,https://lwn.net/Articles/921727,cinder,2023-01-31
DLA-3299-1,https://lwn.net/Articles/921733,node-qs,2023-01-30
DLA-3293-1,https://lwn.net/Articles/921731,modsecurity-crs,2023-01-30
DLA-3294-1,https://lwn.net/Articles/921729,libarchive,2023-01-30
DSA-5332-1,https://lwn.net/Articles/921576,git,2023-01-29
DSA-5334-1,https://lwn.net/Articles/921586,varnish,2023-01-29
DSA-5333-1,https://lwn.net/Articles/921584,tiff,2023-01-29
DLA-3292-1,https://lwn.net/Articles/921583,sofia-sip,2023-01-29
DLA-3291-1,https://lwn.net/Articles/921581,node-object-path,2023-01-29
DLA-3290-1,https://lwn.net/Articles/921580,libzen,2023-01-29
DLA-3289-1,https://lwn.net/Articles/921575,dojo,2023-01-29
DLA-3286-1,https://lwn.net/Articles/921585,tor,2023-01-28
DSA-5331-1,https://lwn.net/Articles/921582,openjdk-11,2023-01-28
DLA-3284-1,https://lwn.net/Articles/921579,libapache-session-ldap-perl,2023-01-28
DLA-3285-1,https://lwn.net/Articles/921578,libapache-session-browseable-perl,2023-01-28
DLA-3287-1,https://lwn.net/Articles/921577,lemonldap-ng,2023-01-28
DLA-3288-1,https://lwn.net/Articles/921574,curl,2023-01-28
DSA-5330-1,https://lwn.net/Articles/921573,curl,2023-01-27
DLA-3283-1,https://lwn.net/Articles/921435,modsecurity-apache,2023-01-26
DSA-5328-1,https://lwn.net/Articles/921434,chromium,2023-01-26
DSA-5329-1,https://lwn.net/Articles/921433,bind9,2023-01-26
DLA-3282-1,https://lwn.net/Articles/921319,git,2023-01-26
DLA-3281-1,https://lwn.net/Articles/921151,swift,2023-01-25
DSA-5327-1,https://lwn.net/Articles/921150,swift,2023-01-24
DSA-5326-1,https://lwn.net/Articles/921149,nodejs,2023-01-24
DLA-3280-1,https://lwn.net/Articles/921148,libde265,2023-01-24
DSA-5325-1,https://lwn.net/Articles/920995,spip,2023-01-24
DSA-5324-1,https://lwn.net/Articles/920994,kernel,2023-01-23
DLA-3279-1,https://lwn.net/Articles/920804,trafficserver,2023-01-23
DLA-3277-1,https://lwn.net/Articles/920802,powerline-gitstatus,2023-01-20
DLA-3278-1,https://lwn.net/Articles/920803,tiff,2023-01-20
DSA-5323-1,https://lwn.net/Articles/920622,libitext5-java,2023-01-19
DLA-3276-1,https://lwn.net/Articles/920621,lava,2023-01-19
DLA-3275-1,https://lwn.net/Articles/920465,firefox-esr,2023-01-19
DLA-3274-1,https://lwn.net/Articles/920469,webkit2gtk,2023-01-19
DLA-3273-1,https://lwn.net/Articles/920466,libitext5-java,2023-01-18
DSA-5322-1,https://lwn.net/Articles/920464,firefox-esr,2023-01-18
DSA-5321-1,https://lwn.net/Articles/920467,sudo,2023-01-18
DLA-3272-1,https://lwn.net/Articles/920468,sudo,2023-01-18
DSA-5320-1,https://lwn.net/Articles/920213,tor,2023-01-16
DLA-3271-1,https://lwn.net/Articles/920091,node-minimatch,2023-01-15
DLA-3270-1,https://lwn.net/Articles/920090,net-snmp,2023-01-15
DLA-3269-1,https://lwn.net/Articles/920089,libapreq2,2023-01-14
DSA-5317-1,https://lwn.net/Articles/920087,chromium,2023-01-13
DSA-5319-1,https://lwn.net/Articles/920092,openvswitch,2023-01-13
DSA-5318-1,https://lwn.net/Articles/920088,lava,2023-01-13
DLA-3268-1,https://lwn.net/Articles/919761,netty,2023-01-11
DSA-5316-1,https://lwn.net/Articles/919760,netty,2023-01-11
DLA-3267-1,https://lwn.net/Articles/919759,libxstream-java,2023-01-11
DSA-5315-1,https://lwn.net/Articles/919758,libxstream-java,2023-01-11
DSA-5314-1,https://lwn.net/Articles/919756,emacs,2023-01-11
DLA-3266-1,https://lwn.net/Articles/919628,viewvc,2023-01-11
DSA-5312-1,https://lwn.net/Articles/919626,libjettison-java,2023-01-10
DSA-5313-1,https://lwn.net/Articles/919625,hsqldb,2023-01-10
DLA-3265-1,https://lwn.net/Articles/919624,exiv2,2023-01-10
DLA-3264-1,https://lwn.net/Articles/919627,ruby-sinatra,2023-01-10
DLA-3263-1,https://lwn.net/Articles/919519,libtasn1-6,2023-01-09
DLA-3262-1,https://lwn.net/Articles/919194,smarty3,2023-01-05
DLA-3261-1,https://lwn.net/Articles/919193,libetpan,2023-01-05
DLA-3260-1,https://lwn.net/Articles/918853,node-xmldom,2023-01-01
DSA-5309-1,https://lwn.net/Articles/918857,wpewebkit,2022-12-31
DLA-3256-1,https://lwn.net/Articles/918858,xorg-server,2022-12-31
DSA-5310-1,https://lwn.net/Articles/918855,ruby-image-processing,2022-12-31
DSA-5308-1,https://lwn.net/Articles/918856,webkit2gtk,2022-12-31
DLA-3253-1,https://lwn.net/Articles/918854,openvswitch,2022-12-31
DLA-3255-1,https://lwn.net/Articles/918851,mplayer,2022-12-31
DLA-3258-1,https://lwn.net/Articles/918852,node-loader-utils,2022-12-31
DLA-3254-1,https://lwn.net/Articles/918849,exuberant-ctags,2022-12-31
DLA-3252-1,https://lwn.net/Articles/918847,cacti,2022-12-31
DLA-3259-1,https://lwn.net/Articles/918850,libjettison-java,2022-12-31
DLA-3257-1,https://lwn.net/Articles/918848,emacs,2022-12-31
DLA-3251-1,https://lwn.net/Articles/918770,libcommons-net-java,2022-12-29
DSA-5307-1,https://lwn.net/Articles/918771,libcommons-net-java,2022-12-29
DLA-3250-1,https://lwn.net/Articles/918699,multipath-tools,2022-12-29
DSA-5306-1,https://lwn.net/Articles/918622,gerbv,2022-12-27
DLA-3249-1,https://lwn.net/Articles/918598,mbedtls,2022-12-26
DLA-3248-1,https://lwn.net/Articles/918597,libksba,2022-12-24
DLA-3245-1,https://lwn.net/Articles/918596,kernel,2022-12-23
DLA-3247-1,https://lwn.net/Articles/918471,node-trim-newlines,2022-12-23
DLA-3246-1,https://lwn.net/Articles/918470,node-hawk,2022-12-23
DLA-3244-1,https://lwn.net/Articles/918373,linux-5.10,2022-12-22
DSA-5305-1,https://lwn.net/Articles/918372,libksba,2022-12-21
DSA-5304-1,https://lwn.net/Articles/918296,xorg-server,2022-12-20
DSA-5303-1,https://lwn.net/Articles/918158,thunderbird,2022-12-16
DSA-5302-1,https://lwn.net/Articles/918157,chromium,2022-12-16
DLA-3242-1,https://lwn.net/Articles/918034,thunderbird,2022-12-15
DLA-3243-1,https://lwn.net/Articles/918033,php7.3,2022-12-15
DLA-3240-1,https://lwn.net/Articles/918032,libde265,2022-12-15
DLA-3241-1,https://lwn.net/Articles/918031,firefox-esr,2022-12-15
DSA-5301-1,https://lwn.net/Articles/917926,firefox-esr,2022-12-14
DLA-3239-2,https://lwn.net/Articles/917927,git,2022-12-14
DLA-3238-1,https://lwn.net/Articles/917798,pngcheck,2022-12-13
DLA-3236-1,https://lwn.net/Articles/917664,openexr,2022-12-12
DSA-5300-1,https://lwn.net/Articles/917739,pngcheck,2022-12-12
DLA-3237-1,https://lwn.net/Articles/917738,node-tar,2022-12-12
DLA-3235-1,https://lwn.net/Articles/917663,node-eventsource,2022-12-11
DSA-5299-1,https://lwn.net/Articles/917665,openexr,2022-12-10
DLA-3234-1,https://lwn.net/Articles/917662,hsqldb,2022-12-10
DLA-3190-2,https://lwn.net/Articles/917661,grub2,2022-12-10
DSA-5298-1,https://lwn.net/Articles/917660,cacti,2022-12-09
DLA-3233-1,https://lwn.net/Articles/917516,leptonlib,2022-12-08
DLA-3231-1,https://lwn.net/Articles/917381,dlt-daemon,2022-12-07
DLA-3232-1,https://lwn.net/Articles/917383,virglrenderer,2022-12-07
DLA-3230-1,https://lwn.net/Articles/917382,jqueryui,2022-12-07
DLA-3227-1,https://lwn.net/Articles/917179,ruby-rails-html-sanitizer,2022-12-07
DSA-5296-1,https://lwn.net/Articles/917180,xfce4-settings,2022-12-06
DLA-3226-1,https://lwn.net/Articles/917178,cgal,2022-12-06
DLA-3222-1,https://lwn.net/Articles/916950,node-fetch,2022-12-05
DLA-3221-1,https://lwn.net/Articles/916949,node-cached-path-relative,2022-12-05
DLA-3224-1,https://lwn.net/Articles/916945,http-parser,2022-12-05
DLA-3223-1,https://lwn.net/Articles/916944,giflib,2022-12-05
DLA-3225-1,https://lwn.net/Articles/916939,awstats,2022-12-05
DLA-3219-1,https://lwn.net/Articles/916947,jhead,2022-12-04
DSA-5294-1,https://lwn.net/Articles/916946,jhead,2022-12-04
DLA-3220-1,https://lwn.net/Articles/916942,clamav,2022-12-04
DSA-5295-1,https://lwn.net/Articles/916940,chromium,2022-12-04
DLA-3216-1,https://lwn.net/Articles/916951,vlc,2022-12-03
DLA-3218-1,https://lwn.net/Articles/916948,libpgjava,2022-12-03
DLA-3217-1,https://lwn.net/Articles/916943,g810-led,2022-12-03
DSA-5293-1,https://lwn.net/Articles/916941,chromium,2022-12-03
DLA-3215-1,https://lwn.net/Articles/916635,snapd,2022-12-02
DSA-5292-1,https://lwn.net/Articles/916634,snapd,2022-12-01
DLA-3214-1,https://lwn.net/Articles/916429,libraw,2022-11-30
DLA-3213-1,https://lwn.net/Articles/916300,krb5,2022-11-29
DSA-5291-1,https://lwn.net/Articles/916167,mujs,2022-11-28
DLA-3210-1,https://lwn.net/Articles/916166,gerbv,2022-11-28
DLA-3211-1,https://lwn.net/Articles/916165,frr,2022-11-28
DLA-3212-1,https://lwn.net/Articles/916168,twisted,2022-11-28
DLA-3209-1,https://lwn.net/Articles/916099,ini4j,2022-11-28
DSA-5290-1,https://lwn.net/Articles/916095,commons-configuration2,2022-11-28
DLA-3208-1,https://lwn.net/Articles/916101,varnish,2022-11-27
DLA-3207-1,https://lwn.net/Articles/916100,jackson-databind,2022-11-27
DSA-5289-1,https://lwn.net/Articles/916094,chromium,2022-11-27
DLA-3206-1,https://lwn.net/Articles/916097,heimdal,2022-11-26
DLA-3205-1,https://lwn.net/Articles/916098,inetutils,2022-11-25
DSA-5288-1,https://lwn.net/Articles/916096,graphicsmagick,2022-11-25
DLA-3204-1,https://lwn.net/Articles/915884,vim,2022-11-24
DLA-3203-1,https://lwn.net/Articles/915778,nginx,2022-11-23
DLA-3202-1,https://lwn.net/Articles/915777,libarchive,2022-11-22
DSA-5287-1,https://lwn.net/Articles/915776,heimdal,2022-11-22
DLA-3201-1,https://lwn.net/Articles/915689,ntfs-3g,2022-11-21
DLA-3200-1,https://lwn.net/Articles/915572,graphicsmagick,2022-11-20
DSA-5286-1,https://lwn.net/Articles/915573,krb5,2022-11-19
DSA-5284-1,https://lwn.net/Articles/915355,thunderbird,2022-11-17
DSA-5285-1,https://lwn.net/Articles/915350,asterisk,2022-11-17
DLA-3191-1,https://lwn.net/Articles/915354,python-django,2022-11-17
DLA-3197-1,https://lwn.net/Articles/915353,phpseclib,2022-11-17
DLA-3198-1,https://lwn.net/Articles/915352,php-phpseclib,2022-11-17
DLA-3199-1,https://lwn.net/Articles/915351,firefox-esr,2022-11-17
DLA-3196-1,https://lwn.net/Articles/915215,thunderbird,2022-11-17
DSA-5282-1,https://lwn.net/Articles/915214,firefox-esr,2022-11-16
DLA-3190-1,https://lwn.net/Articles/915071,grub2,2022-11-16
DSA-5279-1,https://lwn.net/Articles/915073,wordpress,2022-11-15
DSA-5281-1,https://lwn.net/Articles/915072,nginx,2022-11-15
DSA-5280-1,https://lwn.net/Articles/915070,grub2,2022-11-15
DLA-3188-1,https://lwn.net/Articles/914780,sysstat,2022-11-14
DLA-3187-1,https://lwn.net/Articles/914777,dropbear,2022-11-14
DLA-3187-1,https://lwn.net/Articles/914776,dropbear,2022-11-14
DSA-5277-1,https://lwn.net/Articles/914778,php7.4,2022-11-13
DSA-5278-1,https://lwn.net/Articles/914781,xorg-server,2022-11-13
DSA-5276-1,https://lwn.net/Articles/914779,pixman,2022-11-12
DLA-3184-1,https://lwn.net/Articles/914340,libjettison-java,2022-11-10
DLA-3186-1,https://lwn.net/Articles/914545,exiv2,2022-11-10
DSA-5275-1,https://lwn.net/Articles/914544,chromium,2022-11-10
DLA-3185-1,https://lwn.net/Articles/914341,xorg-server,2022-11-10
DLA-3183-1,https://lwn.net/Articles/914185,webkit2gtk,2022-11-09
DSA-5274-1,https://lwn.net/Articles/914186,wpewebkit,2022-11-08
DSA-5273-1,https://lwn.net/Articles/914184,webkit2gtk,2022-11-08
DLA-3182-1,https://lwn.net/Articles/914183,vim,2022-11-08
DLA-3181-1,https://lwn.net/Articles/914106,sudo,2022-11-07
DLA-3179-1,https://lwn.net/Articles/914105,pixman,2022-11-07
DLA-3180-1,https://lwn.net/Articles/913991,python-scciclient,2022-11-07
DSA-5272-1,https://lwn.net/Articles/913992,xen,2022-11-06
DSA-5271-1,https://lwn.net/Articles/913990,libxml2,2022-11-05
DLA-3176-1,https://lwn.net/Articles/913842,clickhouse,2022-11-04
DLA-3177-1,https://lwn.net/Articles/914011,python-django,2022-11-04
DLA-3178-1,https://lwn.net/Articles/913989,ffmpeg,2022-11-04
DSA-5270-1,https://lwn.net/Articles/913844,ntfs-3g,2022-11-04
DLA-3171-1,https://lwn.net/Articles/913843,distro-info-data,2022-11-04
DSA-5269-1,https://lwn.net/Articles/913730,pypy3,2022-11-02
DLA-3173-1,https://lwn.net/Articles/913470,linux-5.10,2022-11-01
DSA-5268-1,https://lwn.net/Articles/913469,ffmpeg,2022-11-01
DLA-3175-1,https://lwn.net/Articles/913332,python3.7,2022-11-01
DLA-3174-1,https://lwn.net/Articles/913189,pysha3,2022-10-31
DLA-3172-1,https://lwn.net/Articles/913185,libxml2,2022-10-30
DSA-5267-1,https://lwn.net/Articles/913188,pysha3,2022-10-30
DSA-5266-1,https://lwn.net/Articles/913184,expat,2022-10-30
DLA-3170-1,https://lwn.net/Articles/913191,thunderbird,2022-10-30
DLA-3167-1,https://lwn.net/Articles/913186,ncurses,2022-10-29
DSA-5263-1,https://lwn.net/Articles/913183,chromium,2022-10-29
DSA-5264-1,https://lwn.net/Articles/913182,batik,2022-10-29
DLA-3169-1,https://lwn.net/Articles/913181,batik,2022-10-29
DSA-5265-1,https://lwn.net/Articles/913192,tomcat9,2022-10-29
DLA-3168-1,https://lwn.net/Articles/913187,openvswitch,2022-10-29
DLA-3164-1,https://lwn.net/Articles/913190,python-django,2022-10-28
DLA-3166-1,https://lwn.net/Articles/912831,ruby-sinatra,2022-10-28
DLA-3165-1,https://lwn.net/Articles/912830,expat,2022-10-28
DSA-5262-1,https://lwn.net/Articles/912832,thunderbird,2022-10-27
DLA-3163-1,https://lwn.net/Articles/912656,wordpress,2022-10-26
DLA-3161-1,https://lwn.net/Articles/912655,tzdata,2022-10-26
DLA-3162-1,https://lwn.net/Articles/912654,libdatetime-timezone-perl,2022-10-26
DSA-5261-1,https://lwn.net/Articles/912653,chromium,2022-10-26
DLA-3160-1,https://lwn.net/Articles/912449,tomcat9,2022-10-26
DLA-3159-1,https://lwn.net/Articles/912290,libbluray,2022-10-25
DLA-3158-1,https://lwn.net/Articles/912291,wkhtmltopdf,2022-10-24
DLA-3157-1,https://lwn.net/Articles/912127,bluez,2022-10-24
DSA-5260-1,https://lwn.net/Articles/912129,lava,2022-10-23
DSA-5257-2,https://lwn.net/Articles/912128,kernel,2022-10-23
DLA-3156-1,https://lwn.net/Articles/911857,firefox-esr,2022-10-20
DSA-5259-1,https://lwn.net/Articles/911856,firefox-esr,2022-10-19
DSA-5258-1,https://lwn.net/Articles/911691,squid,2022-10-19
DLA-3154-1,https://lwn.net/Articles/911690,node-xmldom,2022-10-18
DSA-5257-1,https://lwn.net/Articles/911689,kernel,2022-10-18
DSA-5256-1,https://lwn.net/Articles/911688,bcel,2022-10-18
DLA-3155-1,https://lwn.net/Articles/911687,bcel,2022-10-18
DLA-3153-1,https://lwn.net/Articles/911547,libksba,2022-10-17
DLA-3152-1,https://lwn.net/Articles/911545,glibc,2022-10-17
DSA-5255-1,https://lwn.net/Articles/911546,libksba,2022-10-17
DSA-5254-1,https://lwn.net/Articles/911436,python-django,2022-10-15
DSA-5253-1,https://lwn.net/Articles/911136,chromium,2022-10-13
DLA-3151-1,https://lwn.net/Articles/911035,squid,2022-10-13
DLA-3149-1,https://lwn.net/Articles/911034,ruby-nokogiri,2022-10-12
DLA-3150-1,https://lwn.net/Articles/911033,rexical,2022-10-12
DSA-5252-1,https://lwn.net/Articles/911032,libreoffice,2022-10-12
DLA-3148-1,https://lwn.net/Articles/910945,mediawiki,2022-10-12
DLA-3147-1,https://lwn.net/Articles/910946,twig,2022-10-11
DLA-3146-1,https://lwn.net/Articles/910810,isc-dhcp,2022-10-11
DLA-3145-1,https://lwn.net/Articles/910809,git,2022-10-11
DLA-3143-1,https://lwn.net/Articles/910811,strongswan,2022-10-10
DLA-3142-1,https://lwn.net/Articles/910808,dbus,2022-10-10
DLA-3144-1,https://lwn.net/Articles/910807,connman,2022-10-10
DLA-3141-1,https://lwn.net/Articles/910812,wordpress,2022-10-10
DLA-3140-1,https://lwn.net/Articles/910698,libpgjava,2022-10-07
DLA-3139-1,https://lwn.net/Articles/910697,knot-resolver,2022-10-07
DSA-5249-1,https://lwn.net/Articles/910577,strongswan,2022-10-06
DSA-5251-1,https://lwn.net/Articles/910576,isc-dhcp,2022-10-06
DSA-5250-1,https://lwn.net/Articles/910575,dbus,2022-10-06
DLA-3137-1,https://lwn.net/Articles/910484,nodejs,2022-10-05
DLA-3138-1,https://lwn.net/Articles/910483,bind9,2022-10-05
DSA-5246-1,https://lwn.net/Articles/910372,php-twig,2022-10-05
DSA-5246-1,https://lwn.net/Articles/910371,mediawiki,2022-10-04
DSA-5247-1,https://lwn.net/Articles/910370,barbican,2022-10-04
DLA-3136-1,https://lwn.net/Articles/910271,barbican,2022-10-04
DLA-3134-1,https://lwn.net/Articles/910128,tzdata,2022-10-03
DLA-3132-1,https://lwn.net/Articles/910126,snakeyaml,2022-10-03
DLA-3133-1,https://lwn.net/Articles/910123,lighttpd,2022-10-03
DLA-3135-1,https://lwn.net/Articles/910121,libdatetime-timezone-perl,2022-10-03
DSA-5245-1,https://lwn.net/Articles/910118,chromium,2022-10-02
DLA-3131-1,https://lwn.net/Articles/910120,kernel,2022-10-02
DLA-3129-1,https://lwn.net/Articles/910119,gdal,2022-10-01
DLA-3128-1,https://lwn.net/Articles/910125,node-thenify,2022-10-01
DLA-3130-1,https://lwn.net/Articles/910127,tinyxml,2022-09-30
DLA-3114-2,https://lwn.net/Articles/910124,mariadb-10.3,2022-09-30
DLA-3127-1,https://lwn.net/Articles/910122,libhttp-daemon-perl,2022-09-30
DLA-3125-1,https://lwn.net/Articles/909941,libvncserver,2022-09-29
DLA-3126-1,https://lwn.net/Articles/909940,libsndfile,2022-09-29
DLA-3124-1,https://lwn.net/Articles/909832,webkit2gtk,2022-09-29
DSA-5243-1,https://lwn.net/Articles/909831,lighttpd,2022-09-28
DSA-5244-1,https://lwn.net/Articles/909830,chromium,2022-09-28
DSA-5242-1,https://lwn.net/Articles/909658,maven-shared-utils,2022-09-28
DSA-5241-1,https://lwn.net/Articles/909662,wpewebkit,2022-09-28
DSA-5240-1,https://lwn.net/Articles/909661,webkit2gtk,2022-09-28
DSA-5239-1,https://lwn.net/Articles/909657,gdal,2022-09-27
DLA-3123-1,https://lwn.net/Articles/909660,thunderbird,2022-09-27
DSA-5238-1,https://lwn.net/Articles/909659,thunderbird,2022-09-27
DLA-3122-1,https://lwn.net/Articles/909547,dovecot,2022-09-27
DLA-3121-1,https://lwn.net/Articles/909548,firefox-esr,2022-09-26
DLA-3120-1,https://lwn.net/Articles/909415,poppler,2022-09-26
DLA-3119-1,https://lwn.net/Articles/909414,expat,2022-09-25
DSA-5237-1,https://lwn.net/Articles/909189,firefox-esr,2022-09-23
DSA-5235-1,https://lwn.net/Articles/909187,bind9,2022-09-22
DLA-3118-1,https://lwn.net/Articles/909191,unzip,2022-09-22
DLA-3117-1,https://lwn.net/Articles/909190,mediawiki,2022-09-22
DSA-5236-1,https://lwn.net/Articles/909188,expat,2022-09-22
DSA-5233-1,https://lwn.net/Articles/909016,e17,2022-09-21
DSA-5232-1,https://lwn.net/Articles/909019,tinygltf,2022-09-21
DSA-5234-1,https://lwn.net/Articles/909017,fish,2022-09-21
DLA-3116-1,https://lwn.net/Articles/909018,mako,2022-09-21
DLA-3115-1,https://lwn.net/Articles/908591,e17,2022-09-19
DSA-5231-1,https://lwn.net/Articles/908590,connman,2022-09-17
DLA-3112-1,https://lwn.net/Articles/908272,bzip2,2022-09-16
DLA-3114-1,https://lwn.net/Articles/908276,mariadb-10.3,2022-09-16
DLA-3113-1,https://lwn.net/Articles/908275,libraw,2022-09-16
DLA-3111-1,https://lwn.net/Articles/908277,mod-wsgi,2022-09-15
DLA-3110-1,https://lwn.net/Articles/908274,glib2.0,2022-09-15
DLA-3093-2,https://lwn.net/Articles/908122,rails,2022-09-15
DLA-3108-1,https://lwn.net/Articles/908121,pcs,2022-09-15
DLA-3109-1,https://lwn.net/Articles/908120,nova,2022-09-15
DSA-5230-1,https://lwn.net/Articles/908273,chromium,2022-09-15
DLA-3107-1,https://lwn.net/Articles/907964,sqlite3,2022-09-13
DSA-5229-1,https://lwn.net/Articles/907963,freecad,2022-09-13
DLA-3106-1,https://lwn.net/Articles/907868,python-oslo.utils,2022-09-13
DLA-3105-1,https://lwn.net/Articles/907867,connman,2022-09-13
DLA-3103-1,https://lwn.net/Articles/907746,zlib,2022-09-12
DLA-3104-1,https://lwn.net/Articles/907745,paramiko,2022-09-12
DLA-3102-1,https://lwn.net/Articles/907744,linux-5.10,2022-09-11
DSA-5228-1,https://lwn.net/Articles/907742,gdk-pixbuf,2022-09-11
DLA-3101-1,https://lwn.net/Articles/907743,libxslt,2022-09-09
DSA-5227-1,https://lwn.net/Articles/907484,libgoogle-gson-java,2022-09-07
DLA-3099-1,https://lwn.net/Articles/907168,qemu,2022-09-05
DLA-3097-1,https://lwn.net/Articles/907171,thunderbird,2022-09-04
DLA-3095-1,https://lwn.net/Articles/907170,ruby-rack,2022-09-04
DLA-3098-1,https://lwn.net/Articles/907167,libmodbus,2022-09-04
DLA-3096-1,https://lwn.net/Articles/907166,ghostscript,2022-09-04
DLA-3094-1,https://lwn.net/Articles/907165,flac,2022-09-04
DLA-3093-1,https://lwn.net/Articles/907169,rails,2022-09-03
DLA-3091-1,https://lwn.net/Articles/906917,sofia-sip,2022-09-02
DLA-3092-1,https://lwn.net/Articles/906916,dpdk,2022-09-02
DSA-5223-1,https://lwn.net/Articles/906915,chromium,2022-09-01
DLA-3090-1,https://lwn.net/Articles/906565,php-horde-turba,2022-08-31
DLA-3089-1,https://lwn.net/Articles/906564,php-horde-mime-viewer,2022-08-31
DLA-3087-1,https://lwn.net/Articles/906566,webkit2gtk,2022-08-30
DLA-3088-1,https://lwn.net/Articles/906563,net-snmp,2022-08-30
DSA-5222-1,https://lwn.net/Articles/906562,dpdk,2022-08-30
DLA-3085-1,https://lwn.net/Articles/906331,curl,2022-08-29
DSA-5221-1,https://lwn.net/Articles/906444,thunderbird,2022-08-29
DLA-3086-1,https://lwn.net/Articles/906333,maven-shared-utils,2022-08-29
DLA-3083-1,https://lwn.net/Articles/906335,puma,2022-08-28
DLA-3084-1,https://lwn.net/Articles/906334,ndpi,2022-08-28
DSA-5220-1,https://lwn.net/Articles/906337,wpewebkit,2022-08-27
DSA-5219-1,https://lwn.net/Articles/906336,webkit2gtk,2022-08-27
DLA-3082-1,https://lwn.net/Articles/906332,exim4,2022-08-27
DSA-5218-1,https://lwn.net/Articles/906190,zlib,2022-08-25
DLA-3081-1,https://lwn.net/Articles/906019,open-vm-tools,2022-08-25
DSA-5215-1,https://lwn.net/Articles/906018,open-vm-tools,2022-08-24
DSA-5216-1,https://lwn.net/Articles/906017,libxslt,2022-08-24
DLA-3080-1,https://lwn.net/Articles/906016,firefox-esr,2022-08-24
DSA-5217-1,https://lwn.net/Articles/906015,firefox-esr,2022-08-24
DLA-3079-1,https://lwn.net/Articles/905565,jetty9,2022-08-22
DSA-5214-1,https://lwn.net/Articles/905567,kicad,2022-08-21
DLA-3078-1,https://lwn.net/Articles/905566,kicad,2022-08-20
DLA-3077-1,https://lwn.net/Articles/905254,ruby-tzinfo,2022-08-18
DSA-5213-1,https://lwn.net/Articles/905052,schroot,2022-08-18
DLA-3075-1,https://lwn.net/Articles/905051,schroot,2022-08-18
DLA-3076-1,https://lwn.net/Articles/905050,freecad,2022-08-18
DLA-3074-1,https://lwn.net/Articles/905049,epiphany-browser,2022-08-18
DSA-5212-1,https://lwn.net/Articles/905048,chromium,2022-08-17
DLA-3073-1,https://lwn.net/Articles/904940,webkit2gtk,2022-08-17
DSA-5211-1,https://lwn.net/Articles/904941,wpewebkit,2022-08-16
DSA-5210-1,https://lwn.net/Articles/904939,webkit2gtk,2022-08-16
DSA-5209-1,https://lwn.net/Articles/904938,net-snmp,2022-08-16
DSA-5208-1,https://lwn.net/Articles/904937,epiphany-browser,2022-08-16
DSA-5207-1,https://lwn.net/Articles/904821,kernel,2022-08-15
DSA-5206-1,https://lwn.net/Articles/904702,trafficserver,2022-08-12
DSA-5205-1,https://lwn.net/Articles/904538,samba,2022-08-11
DLA-3072-1,https://lwn.net/Articles/904537,postgresql-11,2022-08-11
DLA-3071-1,https://lwn.net/Articles/904536,libtirpc,2022-08-11
DLA-3070-1,https://lwn.net/Articles/904535,gnutls28,2022-08-11
DSA-5204-1,https://lwn.net/Articles/904329,gst-plugins-good1.0,2022-08-09
DLA-3069-1,https://lwn.net/Articles/904328,gst-plugins-good1.0,2022-08-09
DSA-5203-1,https://lwn.net/Articles/904266,gnutls28,2022-08-08
DSA-5202-1,https://lwn.net/Articles/904267,unzip,2022-08-08
DSA-5201-1,https://lwn.net/Articles/904160,chromium,2022-08-07
DSA-5200-1,https://lwn.net/Articles/904161,libtirpc,2022-08-07
DSA-5199-1,https://lwn.net/Articles/904162,xorg-server,2022-08-06
DLA-3068-1,https://lwn.net/Articles/903962,xorg-server,2022-08-04
DSA-5198-1,https://lwn.net/Articles/903533,jetty9,2022-08-02
DSA-5197-1,https://lwn.net/Articles/903532,curl,2022-08-01
DSA-5196-1,https://lwn.net/Articles/903071,libpgjava,2022-07-31
DSA-5195-1,https://lwn.net/Articles/903072,thunderbird,2022-07-30
DSA-5194-1,https://lwn.net/Articles/903070,booth,2022-07-29
DSA-5193-1,https://lwn.net/Articles/902767,firefox-esr,2022-07-27
DSA-5191-1,https://lwn.net/Articles/902627,kernel,2022-07-26
DSA-5190-1,https://lwn.net/Articles/902536,spip,2022-07-26
DSA-5192-1,https://lwn.net/Articles/902628,openjdk-17,2022-07-26
DSA-5189-1,https://lwn.net/Articles/902380,gsasl,2022-07-24
DSA-5188-1,https://lwn.net/Articles/902381,openjdk-11,2022-07-22
DSA-5186-1,https://lwn.net/Articles/902379,djangorestframework,2022-07-22
DSA-5186-1,https://lwn.net/Articles/902378,djangorestframework,2022-07-22
DSA-5187-1,https://lwn.net/Articles/902377,chromium,2022-07-22
DSA-5185-1,https://lwn.net/Articles/901598,mat2,2022-07-15
DSA-5184-1,https://lwn.net/Articles/901599,xen,2022-07-15
DSA-5183-1,https://lwn.net/Articles/901391,wpewebkit,2022-07-14
DSA-5182-1,https://lwn.net/Articles/901390,webkit2gtk,2022-07-14
DSA-5181-1,https://lwn.net/Articles/901163,request-tracker4,2022-07-13
DSA-5180-1,https://lwn.net/Articles/900839,chromium,2022-07-11
DSA-5179-1,https://lwn.net/Articles/900652,php7.4,2022-07-08
DSA-5178-1,https://lwn.net/Articles/900240,intel-microcode,2022-07-06
DSA-5177-1,https://lwn.net/Articles/900146,ldap-account-manager,2022-07-05
DSA-5176-1,https://lwn.net/Articles/900057,blender,2022-07-04
DSA-5175-1,https://lwn.net/Articles/900058,thunderbird,2022-07-04
DSA-5173-1,https://lwn.net/Articles/899897,kernel,2022-07-03
DSA-5174-1,https://lwn.net/Articles/899896,gnupg2,2022-07-03
DLA-3065-1,https://lwn.net/Articles/899688,kernel,2022-07-01
DLA-3064-1,https://lwn.net/Articles/899686,firefox-esr,2022-07-01
DLA-3066-1,https://lwn.net/Articles/899687,isync,2022-07-01
DLA-3063-1,https://lwn.net/Articles/899689,systemd,2022-06-30
DLA-3062-1,https://lwn.net/Articles/899469,ublock-origin,2022-06-29
DLA-3061-1,https://lwn.net/Articles/899468,firejail,2022-06-29
DSA-5172-1,https://lwn.net/Articles/899467,firefox-esr,2022-06-29
DLA-3059-1,https://lwn.net/Articles/899355,maven-shared-utils,2022-06-29
DLA-3060-1,https://lwn.net/Articles/899353,blender,2022-06-28
DLA-3058-1,https://lwn.net/Articles/899354,libsndfile,2022-06-28
DSA-5170-1,https://lwn.net/Articles/899230,nodejs,2022-06-27
DSA-5171-1,https://lwn.net/Articles/899231,squid,2022-06-27
DSA-5169-1,https://lwn.net/Articles/899122,openssl,2022-06-26
DLA-3057-1,https://lwn.net/Articles/898707,request-tracker4,2022-06-23
DSA-5168-1,https://lwn.net/Articles/898705,chromium,2022-06-22
DSA-5167-1,https://lwn.net/Articles/898706,firejail,2022-06-22
DLA-3056-1,https://lwn.net/Articles/898588,exo,2022-06-22
DLA-3055-1,https://lwn.net/Articles/898589,ntfs-3g,2022-06-21
DLA-3051-1,https://lwn.net/Articles/898490,tzdata,2022-06-21
DSA-5165-1,https://lwn.net/Articles/898378,vlc,2022-06-20
DLA-3053-1,https://lwn.net/Articles/898377,vim,2022-06-20
DSA-5166-1,https://lwn.net/Articles/898376,slurm-wlm,2022-06-20
DLA-3054-1,https://lwn.net/Articles/898375,sleuthkit,2022-06-20
DLA-3052-1,https://lwn.net/Articles/898373,cyrus-imapd,2022-06-20
DSA-5164-1,https://lwn.net/Articles/898374,exo,2022-06-19
DSA-5163-1,https://lwn.net/Articles/897695,chromium,2022-06-12
DSA-5162-1,https://lwn.net/Articles/897696,containerd,2022-06-12
DSA-5161-1,https://lwn.net/Articles/897697,kernel,2022-06-11
DSA-5160-1,https://lwn.net/Articles/897698,ntfs-3g,2022-06-10
DLA-3050-1,https://lwn.net/Articles/897699,vlc,2022-06-10
DSA-5159-1,https://lwn.net/Articles/897499,python-bottle,2022-06-09
DLA-3048-1,https://lwn.net/Articles/897365,python-bottle,2022-06-09
DLA-3049-1,https://lwn.net/Articles/897364,mailman,2022-06-09
DLA-3047-1,https://lwn.net/Articles/897275,avahi,2022-06-07
DLA-3046-1,https://lwn.net/Articles/897219,librecad,2022-06-07
DLA-3045-1,https://lwn.net/Articles/897220,php-horde-mime-viewer,2022-06-06
DLA-3044-1,https://lwn.net/Articles/897218,glib2.0,2022-06-06
DLA-3043-1,https://lwn.net/Articles/897140,pidgin,2022-06-06
DSA-5158-1,https://lwn.net/Articles/897142,thunderbird,2022-06-04
DLA-3041-1,https://lwn.net/Articles/897141,thunderbird,2022-06-03
DLA-3040-1,https://lwn.net/Articles/897139,firefox-esr,2022-06-03
DLA-3042-1,https://lwn.net/Articles/897138,clamav,2022-06-03
DLA-3038-1,https://lwn.net/Articles/896986,debian-security-support,2022-06-03
DSA-5157-1,https://lwn.net/Articles/896985,cifs-utils,2022-06-03
DLA-3039-1,https://lwn.net/Articles/896987,pypdf2,2022-06-03
DSA-5156-1,https://lwn.net/Articles/896883,firefox-esr,2022-06-01
DSA-5154-1,https://lwn.net/Articles/896775,webkit2gtk,2022-05-31
DLA-3037-1,https://lwn.net/Articles/896774,libjpeg-turbo,2022-05-31
DSA-5155-1,https://lwn.net/Articles/896776,wpewebkit,2022-05-31
DLA-3036-1,https://lwn.net/Articles/896699,pjproject,2022-05-31
DSA-5153-1,https://lwn.net/Articles/896701,trafficserver,2022-05-30
DSA-5152-1,https://lwn.net/Articles/896700,spip,2022-05-30
DLA-3035-1,https://lwn.net/Articles/896698,libdbi-perl,2022-05-30
DLA-3034-1,https://lwn.net/Articles/896697,haproxy,2022-05-30
DLA-3033-1,https://lwn.net/Articles/896607,smarty3,2022-05-29
DSA-5151-1,https://lwn.net/Articles/896606,smarty3,2022-05-29
DLA-3032-1,https://lwn.net/Articles/896604,pngcheck,2022-05-29
DSA-5150-1,https://lwn.net/Articles/896605,rsyslog,2022-05-28
DLA-3031-1,https://lwn.net/Articles/896603,modsecurity-apache,2022-05-28
DLA-3030-1,https://lwn.net/Articles/896448,zipios++,2022-05-27
DLA-3027-1,https://lwn.net/Articles/896447,neutron,2022-05-26
DLA-3029-1,https://lwn.net/Articles/896446,cups,2022-05-26
DSA-5149-1,https://lwn.net/Articles/896445,cups,2022-05-26
DLA-3028-1,https://lwn.net/Articles/896444,atftp,2022-05-26
DLA-3023-1,https://lwn.net/Articles/896318,puma,2022-05-26
DLA-3025-1,https://lwn.net/Articles/896317,irssi,2022-05-26
DLA-3024-1,https://lwn.net/Articles/896319,python-django,2022-05-26
DLA-3026-1,https://lwn.net/Articles/896316,filezilla,2022-05-26
DSA-5148-1,https://lwn.net/Articles/896313,chromium,2022-05-25
DLA-3022-1,https://lwn.net/Articles/896315,dpkg,2022-05-25
DSA-5147-1,https://lwn.net/Articles/896314,dpkg,2022-05-25
DSA-5146-1,https://lwn.net/Articles/896192,puma,2022-05-24
DSA-5145-1,https://lwn.net/Articles/896191,lrzip,2022-05-24
DLA-3017-1,https://lwn.net/Articles/896088,openldap,2022-05-24
DLA-3021-1,https://lwn.net/Articles/896087,firefox-esr,2022-05-24
DLA-3020-1,https://lwn.net/Articles/896000,thunderbird,2022-05-23
DLA-3019-1,https://lwn.net/Articles/895994,admesh,2022-05-23
DSA-5143-1,https://lwn.net/Articles/895996,firefox-esr,2022-05-22
DSA-5144-1,https://lwn.net/Articles/895995,condor,2022-05-22
DSA-5142-1,https://lwn.net/Articles/895998,libxml2,2022-05-22
DLA-3016-1,https://lwn.net/Articles/895999,rsyslog,2022-05-20
DLA-3018-1,https://lwn.net/Articles/895997,libpgjava,2022-05-20
DLA-3015-1,https://lwn.net/Articles/895832,ark,2022-05-20
DSA-5141-1,https://lwn.net/Articles/895834,thunderbird,2022-05-19
DSA-5140-1,https://lwn.net/Articles/895833,openldap,2022-05-19
DLA-3013-1,https://lwn.net/Articles/895624,needrestart,2022-05-18
DLA-3014-1,https://lwn.net/Articles/895622,elog,2022-05-18
DSA-5138-1,https://lwn.net/Articles/895626,waitress,2022-05-17
DSA-5139-1,https://lwn.net/Articles/895625,openssl,2022-05-17
DSA-5137-1,https://lwn.net/Articles/895623,needrestart,2022-05-17
DLA-3012-1,https://lwn.net/Articles/895493,libxml2,2022-05-17
DLA-3011-1,https://lwn.net/Articles/895494,vim,2022-05-16
DLA-3010-1,https://lwn.net/Articles/895492,ffmpeg,2022-05-16
DLA-3009-1,https://lwn.net/Articles/895491,cifs-utils,2022-05-16
DLA-3008-1,https://lwn.net/Articles/895361,openssl,2022-05-14
DLA-3006-1,https://lwn.net/Articles/895360,openjdk-8,2022-05-14
DLA-3007-1,https://lwn.net/Articles/895357,imagemagick,2022-05-14
DLA-3002-1,https://lwn.net/Articles/895355,adminer,2022-05-13
DLA-3003-1,https://lwn.net/Articles/895362,ruby-nokogiri,2022-05-13
DLA-3005-1,https://lwn.net/Articles/895359,lrzip,2022-05-13
DLA-3001-1,https://lwn.net/Articles/895358,libgoogle-gson-java,2022-05-13
DLA-3004-1,https://lwn.net/Articles/895356,htmldoc,2022-05-13
DLA-3000-1,https://lwn.net/Articles/895182,waitress,2022-05-12
DSA-5136-1,https://lwn.net/Articles/895181,postgresql-13,2022-05-12
DSA-5134-1,https://lwn.net/Articles/895179,chromium,2022-05-12
DSA-5135-1,https://lwn.net/Articles/895180,postgresql-11,2022-05-12
DLA-2999-1,https://lwn.net/Articles/894771,mutt,2022-05-11
DSA-5133-1,https://lwn.net/Articles/894490,qemu,2022-05-09
DLA-2998-1,https://lwn.net/Articles/894489,kicad,2022-05-09
DSA-5132-1,https://lwn.net/Articles/894322,ecdsautils,2022-05-08
DLA-2993-1,https://lwn.net/Articles/894323,libz-mingw-w64,2022-05-07
DLA-2997-1,https://lwn.net/Articles/894321,ecdsautils,2022-05-07
DLA-2996-1,https://lwn.net/Articles/894129,mruby,2022-05-06
DLA-2995-1,https://lwn.net/Articles/894131,smarty3,2022-05-05
DSA-5131-1,https://lwn.net/Articles/894130,openjdk-11,2022-05-05
DSA-5130-1,https://lwn.net/Articles/894128,dpdk,2022-05-05
DLA-2994-1,https://lwn.net/Articles/894008,firefox-esr,2022-05-05
DSA-5129-1,https://lwn.net/Articles/894007,firefox-esr,2022-05-04
DSA-5128-1,https://lwn.net/Articles/893818,openjdk-17,2022-05-03
DLA-2991-1,https://lwn.net/Articles/893669,twisted,2022-05-03
DLA-2992-1,https://lwn.net/Articles/893668,openvpn,2022-05-03
DSA-5127-1,https://lwn.net/Articles/893667,kernel,2022-05-02
DLA-2990-1,https://lwn.net/Articles/893666,jackson-databind,2022-05-02
DLA-2989-1,https://lwn.net/Articles/893410,ghostscript,2022-05-01
DSA-5126-1,https://lwn.net/Articles/893409,ffmpeg,2022-05-01
DLA-2987-1,https://lwn.net/Articles/893411,libarchive,2022-04-30
DLA-2988-1,https://lwn.net/Articles/893412,tinyxml,2022-04-30
DLA-2985-1,https://lwn.net/Articles/892886,golang-1.7,2022-04-28
DLA-2986-1,https://lwn.net/Articles/892887,golang-1.8,2022-04-28
DSA-5125-1,https://lwn.net/Articles/892885,chromium,2022-04-27
DSA-5124-1,https://lwn.net/Articles/892652,ffmpeg,2022-04-25
DLA-2984-1,https://lwn.net/Articles/892022,condor,2022-04-19
DSA-5122-1,https://lwn.net/Articles/891804,gzip,2022-04-18
DSA-5123-1,https://lwn.net/Articles/891805,xz-utils,2022-04-18
DLA-2983-1,https://lwn.net/Articles/891713,abcm2ps,2022-04-17
DSA-5121-1,https://lwn.net/Articles/891714,chromium,2022-04-16
DLA-2982-1,https://lwn.net/Articles/891441,python-django,2022-04-14
DLA-2974-1,https://lwn.net/Articles/891440,fribidi,2022-04-14
DLA-2981-1,https://lwn.net/Articles/891325,lrzip,2022-04-13
DSA-5119-1,https://lwn.net/Articles/891155,subversion,2022-04-13
DSA-5120-1,https://lwn.net/Articles/891154,chromium,2022-04-13
DLA-2980-1,https://lwn.net/Articles/891156,zabbix,2022-04-12
DLA-2979-1,https://lwn.net/Articles/891023,usbguard,2022-04-11
DLA-2978-1,https://lwn.net/Articles/891022,thunderbird,2022-04-11
DLA-2977-1,https://lwn.net/Articles/890907,xz-utils,2022-04-10
DSA-5117-1,https://lwn.net/Articles/890906,xen,2022-04-10
DSA-5118-1,https://lwn.net/Articles/890903,thunderbird,2022-04-10
DLA-2975-1,https://lwn.net/Articles/890902,openjpeg2,2022-04-10
DLA-2976-1,https://lwn.net/Articles/890899,gzip,2022-04-10
DLA-2973-1,https://lwn.net/Articles/890901,minidlna,2022-04-09
DSA-5116-1,https://lwn.net/Articles/890905,wpewebkit,2022-04-08
DSA-5115-1,https://lwn.net/Articles/890904,webkit2gtk,2022-04-08
DLA-2972-1,https://lwn.net/Articles/890900,libxml2,2022-04-08
DSA-5114-1,https://lwn.net/Articles/890706,chromium,2022-04-07
DLA-2971-1,https://lwn.net/Articles/890607,firefox-esr,2022-04-07
DSA-5113-1,https://lwn.net/Articles/890608,firefox-esr,2022-04-06
DLA-2970-1,https://lwn.net/Articles/890162,qemu,2022-04-04
DLA-2969-1,https://lwn.net/Articles/890161,asterisk,2022-04-03
DLA-2968-1,https://lwn.net/Articles/890164,zlib,2022-04-02
DSA-5111-1,https://lwn.net/Articles/890163,zlib,2022-04-01
DLA-2962-2,https://lwn.net/Articles/889810,pjproject,2022-03-31
DLA-2967-1,https://lwn.net/Articles/889967,wireshark,2022-03-31
DLA-2966-1,https://lwn.net/Articles/889809,libgc,2022-03-30
DLA-2965-1,https://lwn.net/Articles/889648,cacti,2022-03-29
DLA-2963-1,https://lwn.net/Articles/889558,tzdata,2022-03-29
DLA-2964-1,https://lwn.net/Articles/889556,libdatetime-timezone-perl,2022-03-29
DLA-2962-1,https://lwn.net/Articles/889557,pjproject,2022-03-28
DSA-5110-1,https://lwn.net/Articles/889405,chromium,2022-03-28
DSA-5109-1,https://lwn.net/Articles/889406,faad2,2022-03-27
DSA-5107-1,https://lwn.net/Articles/889102,php-twig,2022-03-24
DSA-5108-1,https://lwn.net/Articles/889245,tiff,2022-03-24
DLA-2961-1,https://lwn.net/Articles/888815,thunderbird,2022-03-22
DLA-2960-1,https://lwn.net/Articles/888813,apache2,2022-03-22
DSA-5106-1,https://lwn.net/Articles/888814,thunderbird,2022-03-21
DLA-2956-1,https://lwn.net/Articles/888673,wordpress,2022-03-21
DLA-2958-1,https://lwn.net/Articles/888672,usbredir,2022-03-21
DLA-2959-1,https://lwn.net/Articles/888671,paramiko,2022-03-21
DLA-2936-1,https://lwn.net/Articles/888669,libgit2,2022-03-21
DLA-2957-1,https://lwn.net/Articles/888670,libpano13,2022-03-20
DLA-2955-2,https://lwn.net/Articles/888667,bind9,2022-03-19
DLA-2955-1,https://lwn.net/Articles/888666,bind9,2022-03-19
DSA-5104-1,https://lwn.net/Articles/888668,chromium,2022-03-18
DSA-5105-1,https://lwn.net/Articles/888665,bind9,2022-03-18
DLA-2954-1,https://lwn.net/Articles/888402,python-treq,2022-03-18
DLA-2952-1,https://lwn.net/Articles/888261,openssl,2022-03-17
DLA-2951-1,https://lwn.net/Articles/888260,flac,2022-03-17
DLA-2953-1,https://lwn.net/Articles/888262,openssl1.0,2022-03-17
DLA-2950-1,https://lwn.net/Articles/888057,python-scrapy,2022-03-16
DLA-2949-1,https://lwn.net/Articles/887880,spip,2022-03-15
DSA-5103-1,https://lwn.net/Articles/888056,openssl,2022-03-15
DSA-5101-1,https://lwn.net/Articles/887780,libphp-adodb,2022-03-13
DSA-5102-1,https://lwn.net/Articles/887779,haproxy,2022-03-13
DSA-5085-2,https://lwn.net/Articles/887778,expat,2022-03-13
DSA-5100-1,https://lwn.net/Articles/887781,nbd,2022-03-12
DLA-2945-1,https://lwn.net/Articles/887610,tryton-server,2022-03-11
DLA-2946-1,https://lwn.net/Articles/887608,tryton-proteus,2022-03-11
DLA-2947-1,https://lwn.net/Articles/887782,vim,2022-03-11
DLA-2943-1,https://lwn.net/Articles/887606,ruby-sidekiq,2022-03-11
DSA-5099-1,https://lwn.net/Articles/887607,tryton-proteus,2022-03-10
DLA-2944-1,https://lwn.net/Articles/887605,nbd,2022-03-10
DLA-2942-1,https://lwn.net/Articles/887454,firefox-esr,2022-03-10
DSA-5098-1,https://lwn.net/Articles/887609,tryton-server,2022-03-10
DLA-2941-1,https://lwn.net/Articles/887276,linux-4.19,2022-03-09
DLA-2940-1,https://lwn.net/Articles/887275,kernel,2022-03-09
DLA-2939-1,https://lwn.net/Articles/887279,thunderbird,2022-03-09
DSA-5096-1,https://lwn.net/Articles/887457,kernel,2022-03-09
DSA-5097-1,https://lwn.net/Articles/887455,firefox-esr,2022-03-09
DSA-5095-1,https://lwn.net/Articles/887456,kernel,2022-03-09
DSA-5094-1,https://lwn.net/Articles/887278,thunderbird,2022-03-08
DSA-5093-1,https://lwn.net/Articles/887277,spip,2022-03-08
DLA-2938-1,https://lwn.net/Articles/887148,twisted,2022-03-08
DLA-2937-1,https://lwn.net/Articles/887147,gif2apng,2022-03-07
DSA-5092-1,https://lwn.net/Articles/887000,kernel,2022-03-07
DLA-2934-1,https://lwn.net/Articles/886999,freecad,2022-03-07
DLA-2934-1,https://lwn.net/Articles/886998,freecad,2022-03-07
DLA-2933-1,https://lwn.net/Articles/886997,firefox-esr,2022-03-07
DLA-2933-1,https://lwn.net/Articles/886996,firefox-esr,2022-03-07
DLA-2935-1,https://lwn.net/Articles/886994,expat,2022-03-07
DLA-2932-1,https://lwn.net/Articles/887001,tiff,2022-03-06
DSA-5090-1,https://lwn.net/Articles/886995,firefox-esr,2022-03-06
DLA-2931-1,https://lwn.net/Articles/886993,cyrus-sasl2,2022-03-06
DSA-5091-1,https://lwn.net/Articles/886992,containerd,2022-03-06
DSA-5089-1,https://lwn.net/Articles/886991,chromium,2022-03-04
DSA-5088-1,https://lwn.net/Articles/886763,varnish,2022-03-03
DLA-2930-1,https://lwn.net/Articles/886454,thunderbird,2022-03-01
DLA-2929-1,https://lwn.net/Articles/886343,ujson,2022-02-26
DLA-2928-1,https://lwn.net/Articles/886342,htmldoc,2022-02-26
DSA-5087-1,https://lwn.net/Articles/886341,cyrus-sasl2,2022-02-25
DSA-5086-1,https://lwn.net/Articles/885975,thunderbird,2022-02-23
DSA-5085-1,https://lwn.net/Articles/885867,expat,2022-02-22
DSA-5084-1,https://lwn.net/Articles/885642,wpewebkit,2022-02-19
DSA-5083-1,https://lwn.net/Articles/885641,webkit2gtk,2022-02-19
DLA-2927-1,https://lwn.net/Articles/885640,twisted,2022-02-19
DSA-5080-1,https://lwn.net/Articles/885639,snapd,2022-02-18
DSA-5081-1,https://lwn.net/Articles/885638,redis,2022-02-18
DSA-5082-1,https://lwn.net/Articles/885637,php7.4,2022-02-18
DLA-2926-1,https://lwn.net/Articles/885278,zsh,2022-02-18
DSA-5079-1,https://lwn.net/Articles/885277,chromium,2022-02-17
DLA-2925-1,https://lwn.net/Articles/885146,drupal7,2022-02-16
DSA-5078-1,https://lwn.net/Articles/884954,zsh,2022-02-16
DSA-5077-1,https://lwn.net/Articles/884952,librecad,2022-02-15
DLA-2924-1,https://lwn.net/Articles/884953,libxstream-java,2022-02-15
DSA-5076-1,https://lwn.net/Articles/884814,h2database,2022-02-15
DLA-2923-1,https://lwn.net/Articles/884813,h2database,2022-02-15
DLA-2920-1,https://lwn.net/Articles/884720,varnish,2022-02-14
DLA-2921-1,https://lwn.net/Articles/884719,thunderbird,2022-02-14
DLA-2922-1,https://lwn.net/Articles/884715,pgbouncer,2022-02-14
DSA-5074-1,https://lwn.net/Articles/884718,thunderbird,2022-02-13
DSA-5075-1,https://lwn.net/Articles/884714,minetest,2022-02-13
DLA-2919-1,https://lwn.net/Articles/884716,python2.7,2022-02-12
DSA-5073-1,https://lwn.net/Articles/884713,expat,2022-02-12
DLA-2918-1,https://lwn.net/Articles/884712,debian-edu-config,2022-02-12
DSA-5071-1,https://lwn.net/Articles/884717,samba,2022-02-11
DSA-5072-1,https://lwn.net/Articles/884711,debian-edu-config,2022-02-11
DSA-5070-1,https://lwn.net/Articles/884494,cryptsetup,2022-02-10
DLA-2917-1,https://lwn.net/Articles/884360,openjdk-8,2022-02-10
DLA-2916-1,https://lwn.net/Articles/884359,firefox-esr,2022-02-09
DSA-5069-1,https://lwn.net/Articles/884358,firefox-esr,2022-02-09
DLA-2915-1,https://lwn.net/Articles/884231,connman,2022-02-09
DLA-2914-1,https://lwn.net/Articles/884075,zabbix,2022-02-07
DLA-2913-1,https://lwn.net/Articles/884074,xterm,2022-02-07
DSA-5068-1,https://lwn.net/Articles/884073,chromium,2022-02-07
DLA-2912-1,https://lwn.net/Articles/883991,libphp-adodb,2022-02-06
DLA-2910-1,https://lwn.net/Articles/883990,ldns,2022-02-04
DLA-2909-1,https://lwn.net/Articles/883780,strongswan,2022-02-04
DLA-2911-1,https://lwn.net/Articles/883777,apng2gif,2022-02-04
DSA-5067-1,https://lwn.net/Articles/883779,ruby2.7,2022-02-03
DSA-5066-1,https://lwn.net/Articles/883778,ruby2.5,2022-02-03
DLA-2908-1,https://lwn.net/Articles/883653,librecad,2022-02-03
DLA-2906-1,https://lwn.net/Articles/883518,python-django,2022-02-01
DLA-2907-1,https://lwn.net/Articles/883517,apache2,2022-02-01
DSA-5065-1,https://lwn.net/Articles/883402,ipython,2022-01-31
DLA-2905-1,https://lwn.net/Articles/883266,apache-log4j1.2,2022-01-31
DLA-2904-1,https://lwn.net/Articles/883267,expat,2022-01-30
DSA-5064-1,https://lwn.net/Articles/883270,python-nbxmpp,2022-01-29
DSA-5047-2,https://lwn.net/Articles/883269,prosody,2022-01-29
DLA-2903-1,https://lwn.net/Articles/883268,libraw,2022-01-29
DLA-2902-1,https://lwn.net/Articles/883030,graphicsmagick,2022-01-27
DSA-5063-1,https://lwn.net/Articles/882869,uriparser,2022-01-26
DLA-2883-2,https://lwn.net/Articles/882868,uriparser,2022-01-26
DLA-2900-1,https://lwn.net/Articles/882673,lrzsz,2022-01-25
DSA-5061-1,https://lwn.net/Articles/882680,wpewebkit,2022-01-25
DSA-5060-1,https://lwn.net/Articles/882679,webkit2gtk,2022-01-25
DLA-2899-1,https://lwn.net/Articles/882678,policykit-1,2022-01-25
DSA-5059-1,https://lwn.net/Articles/882677,policykit-1,2022-01-25
DSA-5058-1,https://lwn.net/Articles/882676,openjdk-17,2022-01-25
DSA-5062-1,https://lwn.net/Articles/882675,nss,2022-01-25
DLA-2898-1,https://lwn.net/Articles/882674,nss,2022-01-25
DLA-2901-1,https://lwn.net/Articles/882672,libxfont,2022-01-25
DLA-2894-1,https://lwn.net/Articles/882526,aide,2022-01-25
DSA-5056-1,https://lwn.net/Articles/882531,strongswan,2022-01-24
DLA-2895-1,https://lwn.net/Articles/882530,qt4-x11,2022-01-24
DSA-5057-1,https://lwn.net/Articles/882529,openjdk-11,2022-01-24
DLA-2896-1,https://lwn.net/Articles/882528,ipython,2022-01-24
DLA-2897-1,https://lwn.net/Articles/882527,apr,2022-01-24
DLA-2884-1,https://lwn.net/Articles/882370,wordpress,2022-01-24
DSA-5055-1,https://lwn.net/Articles/882369,util-linux,2022-01-24
DLA-2885-1,https://lwn.net/Articles/882368,qtsvg-opensource-src,2022-01-24
DLA-2893-1,https://lwn.net/Articles/882367,pillow,2022-01-23
DSA-5054-1,https://lwn.net/Articles/882363,chromium,2022-01-23
DSA-5053-1,https://lwn.net/Articles/882366,pillow,2022-01-21
DLA-2891-1,https://lwn.net/Articles/882365,golang-1.8,2022-01-21
DLA-2892-1,https://lwn.net/Articles/882364,golang-1.7,2022-01-21
DSA-5052-1,https://lwn.net/Articles/882094,usbview,2022-01-21
DLA-2890-1,https://lwn.net/Articles/882093,libspf2,2022-01-20
DSA-5050-1,https://lwn.net/Articles/882092,kernel,2022-01-20
DSA-5049-1,https://lwn.net/Articles/882091,flatpak,2022-01-20
DSA-5051-1,https://lwn.net/Articles/882090,aide,2022-01-20
DLA-2889-1,https://lwn.net/Articles/881922,drupal7,2022-01-19
DLA-2888-1,https://lwn.net/Articles/881771,nvidia-graphics-drivers,2022-01-18
DLA-2886-1,https://lwn.net/Articles/881640,slurm-llnl,2022-01-17
DLA-2883-1,https://lwn.net/Articles/881521,uriparser,2022-01-17
DLA-2882-1,https://lwn.net/Articles/881518,sphinxsearch,2022-01-16
DLA-2880-1,https://lwn.net/Articles/881514,firefox-esr,2022-01-16
DLA-2881-1,https://lwn.net/Articles/881520,thunderbird,2022-01-16
DSA-5047-1,https://lwn.net/Articles/881517,prosody,2022-01-15
DSA-5048-1,https://lwn.net/Articles/881516,libreswan,2022-01-15
DSA-5046-1,https://lwn.net/Articles/881513,chromium,2022-01-14
DLA-2879-1,https://lwn.net/Articles/881515,ghostscript,2022-01-14
DSA-5045-1,https://lwn.net/Articles/881519,thunderbird,2022-01-14
DSA-5044-1,https://lwn.net/Articles/881393,firefox-esr,2022-01-13
DLA-2878-1,https://lwn.net/Articles/881283,roundcube,2022-01-12
DSA-5043-1,https://lwn.net/Articles/881282,lxml,2022-01-12
DSA-5042-1,https://lwn.net/Articles/881281,epiphany-browser,2022-01-12
DLA-2877-1,https://lwn.net/Articles/881123,gdal,2022-01-12
DSA-5040-1,https://lwn.net/Articles/881124,lighttpd,2022-01-11
DSA-5041-1,https://lwn.net/Articles/881122,cfrpki,2022-01-11
DSA-5039-1,https://lwn.net/Articles/880977,wordpress,2022-01-11
DLA-2876-1,https://lwn.net/Articles/880976,vim,2022-01-10
DLA-2875-1,https://lwn.net/Articles/880975,clamav,2022-01-10
DSA-5038-1,https://lwn.net/Articles/880796,ghostscript,2022-01-08
DSA-5037-1,https://lwn.net/Articles/880797,roundcube,2022-01-08
DSA-5036-1,https://lwn.net/Articles/880667,sphinxsearch,2022-01-06
DSA-5035-1,https://lwn.net/Articles/880446,apache2,2022-01-04
DLA-2874-1,https://lwn.net/Articles/880325,thunderbird,2022-01-04
DLA-2480-2,https://lwn.net/Articles/880324,salt,2022-01-03
DSA-5034-1,https://lwn.net/Articles/880221,thunderbird,2022-01-02
DLA-2873-1,https://lwn.net/Articles/880076,aria2,2021-12-31
DLA-2872-1,https://lwn.net/Articles/880075,agg,2021-12-31
DLA-2871-1,https://lwn.net/Articles/880078,lxml,2021-12-30
DSA-5033-1,https://lwn.net/Articles/880077,fort-validator,2021-12-30
DLA-2869-1,https://lwn.net/Articles/880032,xorg-server,2021-12-29
DLA-2857-2,https://lwn.net/Articles/880029,postgis,2021-12-29
DLA-2870-1,https://lwn.net/Articles/880028,apache-log4j2,2021-12-29
DLA-2868-1,https://lwn.net/Articles/880027,advancecomp,2021-12-29
DLA-2866-1,https://lwn.net/Articles/880031,uw-imap,2021-12-29
DLA-2867-1,https://lwn.net/Articles/880030,spip,2021-12-29
DLA-2865-1,https://lwn.net/Articles/879989,resiprocate,2021-12-29
DLA-2864-1,https://lwn.net/Articles/879990,ruby-haml,2021-12-29
DLA-2862-1,https://lwn.net/Articles/879988,python-gnupg,2021-12-29
DLA-2863-1,https://lwn.net/Articles/879987,firefox-esr,2021-12-29
DLA-2854-1,https://lwn.net/Articles/879940,novnc,2021-12-28
DSA-5032-1,https://lwn.net/Articles/879937,djvulibre,2021-12-28
DLA-2853-1,https://lwn.net/Articles/879945,ruby2.3,2021-12-28
DLA-2861-1,https://lwn.net/Articles/879944,rdflib,2021-12-28
DLA-2857-1,https://lwn.net/Articles/879943,postgis,2021-12-28
DLA-2860-1,https://lwn.net/Articles/879942,paramiko,2021-12-28
DLA-2855-1,https://lwn.net/Articles/879939,monit,2021-12-27
DLA-2858-1,https://lwn.net/Articles/879938,libzip,2021-12-27
DLA-2859-1,https://lwn.net/Articles/879946,zziplib,2021-12-27
DLA-2856-1,https://lwn.net/Articles/879941,okular,2021-12-27
DLA-2851-1,https://lwn.net/Articles/879868,libextractor,2021-12-26
DLA-2852-1,https://lwn.net/Articles/879867,apache-log4j2,2021-12-26
DLA-2849-1,https://lwn.net/Articles/879870,wireshark,2021-12-26
DLA-2850-1,https://lwn.net/Articles/879869,libpcap,2021-12-26
DSA-5031-1,https://lwn.net/Articles/879767,wpewebkit,2021-12-23
DSA-5030-1,https://lwn.net/Articles/879766,webkit2gtk,2021-12-23
DSA-5000-2,https://lwn.net/Articles/879656,openjdk-11,2021-12-22
DSA-5028-1,https://lwn.net/Articles/879474,spip,2021-12-22
DSA-5029-1,https://lwn.net/Articles/879473,sogo,2021-12-22
DSA-5027-1,https://lwn.net/Articles/879475,xorg-server,2021-12-21
DSA-5025-1,https://lwn.net/Articles/879187,tang,2021-12-19
DSA-5026-1,https://lwn.net/Articles/879184,firefox-esr,2021-12-19
DSA-5023-1,https://lwn.net/Articles/879186,modsecurity-apache,2021-12-18
DSA-5024-1,https://lwn.net/Articles/879183,apache-log4j2,2021-12-18
DLA-2848-1,https://lwn.net/Articles/879185,libssh2,2021-12-17
DLA-2843-1,https://lwn.net/Articles/878998,kernel,2021-12-16
DSA-5022-1,https://lwn.net/Articles/878832,apache-log4j2,2021-12-16
DLA-2847-1,https://lwn.net/Articles/878834,mediawiki,2021-12-15
DSA-5021-1,https://lwn.net/Articles/878833,mediawiki,2021-12-15
DLA-2846-1,https://lwn.net/Articles/878610,raptor2,2021-12-14
DLA-2845-1,https://lwn.net/Articles/878609,libsamplerate,2021-12-13
DLA-2844-1,https://lwn.net/Articles/878469,privoxy,2021-12-13
DLA-2842-1,https://lwn.net/Articles/878467,apache-log4j2,2021-12-12
DSA-5020-1,https://lwn.net/Articles/878468,apache-log4j2,2021-12-11
DSA-5019-1,https://lwn.net/Articles/878470,wireshark,2021-12-10
DSA-5018-1,https://lwn.net/Articles/878264,python-babel,2021-12-09
DLA-2836-2,https://lwn.net/Articles/878030,nss,2021-12-08
DLA-2841-1,https://lwn.net/Articles/877892,runc,2021-12-06
DLA-2840-1,https://lwn.net/Articles/877891,roundcube,2021-12-06
DSA-5017-1,https://lwn.net/Articles/877770,xen,2021-12-05
DLA-2839-1,https://lwn.net/Articles/877769,gerbv,2021-12-03
DLA-2838-1,https://lwn.net/Articles/877561,librecad,2021-12-03
DLA-2837-1,https://lwn.net/Articles/877560,gmp,2021-12-02
DLA-2836-1,https://lwn.net/Articles/877352,nss,2021-12-02
DSA-5016-1,https://lwn.net/Articles/877353,nss,2021-12-01
DLA-2834-1,https://lwn.net/Articles/877262,uriparser,2021-12-01
DLA-2835-1,https://lwn.net/Articles/877261,rsyslog,2021-12-01
DLA-2833-1,https://lwn.net/Articles/877260,rsync,2021-11-30
DSA-5015-1,https://lwn.net/Articles/877178,samba,2021-11-30
DLA-2832-1,https://lwn.net/Articles/877070,opensc,2021-11-29
DLA-2830-1,https://lwn.net/Articles/877072,tar,2021-11-28
DLA-2831-1,https://lwn.net/Articles/877067,libntlm,2021-11-28
DSA-5014-1,https://lwn.net/Articles/877066,icu,2021-11-28
DSA-5013-1,https://lwn.net/Articles/877071,roundcube,2021-11-27
DLA-2829-1,https://lwn.net/Articles/877069,libvpx,2021-11-27
DLA-2828-1,https://lwn.net/Articles/877068,libvorbis,2021-11-27
DLA-2827-1,https://lwn.net/Articles/877065,bluez,2021-11-27
DSA-5012-1,https://lwn.net/Articles/876778,openjdk-17,2021-11-23
DLA-2826-1,https://lwn.net/Articles/876721,mbedtls,2021-11-23
DLA-2825-1,https://lwn.net/Articles/876618,libmodbus,2021-11-22
DLA-2823-2,https://lwn.net/Articles/876620,salt,2021-11-21
DLA-2824-1,https://lwn.net/Articles/876617,firebird3.0,2021-11-20
DLA-2823-1,https://lwn.net/Articles/876619,salt,2021-11-19
DSA-5011-1,https://lwn.net/Articles/876514,salt,2021-11-19
DLA-2822-1,https://lwn.net/Articles/876513,netkit-rsh,2021-11-18
DLA-2821-1,https://lwn.net/Articles/876303,axis,2021-11-17
DLA-2820-1,https://lwn.net/Articles/876302,atftp,2021-11-17
DLA-2819-1,https://lwn.net/Articles/876304,ntfs-3g,2021-11-16
DSA-5010-1,https://lwn.net/Articles/876219,libxml-security-java,2021-11-15
DLA-2818-1,https://lwn.net/Articles/876120,ffmpeg,2021-11-14
DSA-5009-1,https://lwn.net/Articles/876121,tomcat9,2021-11-12
DLA-2817-1,https://lwn.net/Articles/875896,postgresql-9.6,2021-11-12
DSA-5007-1,https://lwn.net/Articles/875895,postgresql-13,2021-11-11
DSA-5006-1,https://lwn.net/Articles/875894,postgresql-11,2021-11-11
DSA-5008-1,https://lwn.net/Articles/875893,node-tar,2021-11-11
DSA-5004-1,https://lwn.net/Articles/875779,libxstream-java,2021-11-10
DLA-2815-1,https://lwn.net/Articles/875781,salt,2021-11-10
DSA-5005-1,https://lwn.net/Articles/875780,ruby-kaminari,2021-11-10
DSA-5004-1,https://lwn.net/Articles/875778,libxstream-java,2021-11-10
DLA-2816-1,https://lwn.net/Articles/875777,icinga2,2021-11-10
DSA-5003-1,https://lwn.net/Articles/875693,samba,2021-11-09
DLA-2814-1,https://lwn.net/Articles/875692,openjdk-8,2021-11-09
DLA-2813-1,https://lwn.net/Articles/875519,ckeditor,2021-11-09
DLA-2812-1,https://lwn.net/Articles/875518,botan1.10,2021-11-08
DLA-2811-1,https://lwn.net/Articles/875399,sqlalchemy,2021-11-06
DSA-5002-1,https://lwn.net/Articles/875397,containerd,2021-11-06
DSA-5001-1,https://lwn.net/Articles/875398,redis,2021-11-05
DLA-2809-1,https://lwn.net/Articles/875197,udisks2,2021-11-05
DLA-2808-1,https://lwn.net/Articles/875195,python3.5,2021-11-05
DLA-2810-1,https://lwn.net/Articles/875196,redis,2021-11-05
DLA-2806-1,https://lwn.net/Articles/874800,glusterfs,2021-11-02
DLA-2807-1,https://lwn.net/Articles/874799,bind9,2021-11-02
DSA-5000-1,https://lwn.net/Articles/874801,openjdk-11,2021-11-01
DSA-4999-1,https://lwn.net/Articles/874798,asterisk,2021-11-01
DSA-4997-1,https://lwn.net/Articles/874585,tiff,2021-10-31
DLA-2803-1,https://lwn.net/Articles/874583,libsdl2,2021-10-31
DLA-2804-1,https://lwn.net/Articles/874582,libsdl1.2,2021-10-31
DLA-2805-1,https://lwn.net/Articles/874581,libmspack,2021-10-31
DSA-4998-1,https://lwn.net/Articles/874580,ffmpeg,2021-10-31
DLA-2802-1,https://lwn.net/Articles/874579,elfutils,2021-10-31
DLA-2799-1,https://lwn.net/Articles/874584,opencv,2021-10-30
DLA-2801-1,https://lwn.net/Articles/874577,cron,2021-10-30
DLA-2800-1,https://lwn.net/Articles/874578,cups,2021-10-29
DLA-2797-1,https://lwn.net/Articles/874342,tzdata,2021-10-29
DLA-2798-1,https://lwn.net/Articles/874341,libdatetime-timezone-perl,2021-10-29
DLA-2795-1,https://lwn.net/Articles/874339,gpsd,2021-10-29
DSA-4996-1,https://lwn.net/Articles/874344,wpewebkit,2021-10-28
DSA-4995-1,https://lwn.net/Articles/874343,webkit2gtk,2021-10-28
DLA-2796-1,https://lwn.net/Articles/874340,jbig2dec,2021-10-28
DSA-4994-1,https://lwn.net/Articles/874338,bind9,2021-10-28
DLA-2793-1,https://lwn.net/Articles/874116,mosquitto,2021-10-27
DLA-2794-1,https://lwn.net/Articles/874117,php7.0,2021-10-27
DSA-4992-1,https://lwn.net/Articles/874036,php7.4,2021-10-25
DSA-4993-1,https://lwn.net/Articles/874035,php7.3,2021-10-25
DLA-2792-1,https://lwn.net/Articles/873939,faad2,2021-10-24
DLA-2791-1,https://lwn.net/Articles/873940,mailman,2021-10-23
DSA-4991-1,https://lwn.net/Articles/873941,mailman,2021-10-22
DLA-2790-1,https://lwn.net/Articles/873565,python-babel,2021-10-21
DLA-2618-3,https://lwn.net/Articles/873442,smarty3,2021-10-20
DLA-2768-2,https://lwn.net/Articles/873567,uwsgi,2021-10-20
DLA-2789-1,https://lwn.net/Articles/873566,squashfs-tools,2021-10-20
DLA-2788-1,https://lwn.net/Articles/873443,strongswan,2021-10-19
DSA-4990-1,https://lwn.net/Articles/873441,ffmpeg,2021-10-19
DSA-4989-1,https://lwn.net/Articles/873288,strongswan,2021-10-18
DLA-2787-1,https://lwn.net/Articles/873287,redmine,2021-10-18
DLA-2743-2,https://lwn.net/Articles/873187,amd64-microcode,2021-10-18
DLA-2786-1,https://lwn.net/Articles/873190,nghttp2,2021-10-17
DSA-4988-1,https://lwn.net/Articles/873188,libreoffice,2021-10-16
DSA-4987-1,https://lwn.net/Articles/873035,squashfs-tools,2021-10-15
DLA-2785-1,https://lwn.net/Articles/873189,linux-4.19,2021-10-15
DSA-4984-1,https://lwn.net/Articles/873036,tomcat9,2021-10-14
DSA-4985-1,https://lwn.net/Articles/873037,wordpress,2021-10-14
DLA-2780-1,https://lwn.net/Articles/872803,ruby2.3,2021-10-13
DSA-4984-1,https://lwn.net/Articles/872802,flatpak,2021-10-12
DLA-2783-1,https://lwn.net/Articles/872670,hiredis,2021-10-12
DLA-2784-1,https://lwn.net/Articles/872671,icu,2021-10-12
DLA-2782-1,https://lwn.net/Articles/872669,firefox-esr,2021-10-11
DLA-2781-1,https://lwn.net/Articles/872532,neutron,2021-10-11
DSA-4983-1,https://lwn.net/Articles/872533,neutron,2021-10-10
DLA-2779-1,https://lwn.net/Articles/872531,mediawiki,2021-10-09
DLA-2777-1,https://lwn.net/Articles/872534,tiff,2021-10-09
DSA-4982-1,https://lwn.net/Articles/872530,apache2,2021-10-08
DSA-4981-1,https://lwn.net/Articles/872123,firefox-esr,2021-10-06
DLA-2778-1,https://lwn.net/Articles/871792,fig2dev,2021-10-04
DSA-4980-1,https://lwn.net/Articles/871795,qemu,2021-10-03
DLA-2775-1,https://lwn.net/Articles/871794,plib,2021-10-02
DLA-2776-1,https://lwn.net/Articles/871791,apache2,2021-10-02
DSA-4979-1,https://lwn.net/Articles/871793,mediawiki,2021-10-01
DLA-2772-1,https://lwn.net/Articles/871556,taglib,2021-09-30
DLA-2770-1,https://lwn.net/Articles/871398,weechat,2021-09-30
DLA-2774-1,https://lwn.net/Articles/871555,openssl1.0,2021-09-30
DLA-2771-1,https://lwn.net/Articles/871554,krb5,2021-09-30
DLA-2773-1,https://lwn.net/Articles/871553,curl,2021-09-30
DLA-2769-1,https://lwn.net/Articles/871396,libxstream-java,2021-09-30
DLA-2768-1,https://lwn.net/Articles/871397,uwsgi,2021-09-29
DLA-2767-1,https://lwn.net/Articles/870588,libxml-security-java,2021-09-27
DLA-2766-1,https://lwn.net/Articles/870589,openssl,2021-09-26
DSA-4978-1,https://lwn.net/Articles/870587,kernel,2021-09-25
DLA-2764-1,https://lwn.net/Articles/870134,tomcat8,2021-09-23
DLA-2765-1,https://lwn.net/Articles/870346,mupdf,2021-09-23
DLA-2763-1,https://lwn.net/Articles/870133,ruby-kaminari,2021-09-22
DLA-2762-1,https://lwn.net/Articles/869971,grilo,2021-09-21
DSA-4975-1,https://lwn.net/Articles/869914,webkit2gtk,2021-09-21
DSA-4976-1,https://lwn.net/Articles/869915,wpewebkit,2021-09-21
DSA-4977-1,https://lwn.net/Articles/869916,xen,2021-09-20
DSA-4974-1,https://lwn.net/Articles/869847,nextcloud-desktop,2021-09-19
DLA-2760-1,https://lwn.net/Articles/869846,nettle,2021-09-18
DLA-2761-1,https://lwn.net/Articles/869848,openssl1.0,2021-09-18
DLA-2759-1,https://lwn.net/Articles/869845,gnutls28,2021-09-17
DLA-2758-1,https://lwn.net/Articles/869370,sssd,2021-09-15
DLA-2757-1,https://lwn.net/Articles/869082,thunderbird,2021-09-13
DLA-2753-2,https://lwn.net/Articles/869081,qemu,2021-09-12
DSA-4973-1,https://lwn.net/Articles/869083,thunderbird,2021-09-10
DSA-4972-1,https://lwn.net/Articles/868840,ghostscript,2021-09-10
DLA-2756-1,https://lwn.net/Articles/868839,firefox-esr,2021-09-10
DSA-4970-1,https://lwn.net/Articles/868842,postorius,2021-09-09
DSA-4971-1,https://lwn.net/Articles/868841,ntfs-3g,2021-09-09
DSA-4969-1,https://lwn.net/Articles/868838,firefox-esr,2021-09-09
DSA-4968-1,https://lwn.net/Articles/868637,haproxy,2021-09-07
DLA-2755-1,https://lwn.net/Articles/868424,btrbk,2021-09-05
DSA-4967-1,https://lwn.net/Articles/868426,squashfs-tools,2021-09-04
DLA-2754-1,https://lwn.net/Articles/868425,pywps,2021-09-04
DLA-2753-1,https://lwn.net/Articles/868267,qemu,2021-09-02
DLA-2752-1,https://lwn.net/Articles/867992,squashfs-tools,2021-08-31
DSA-4966-1,https://lwn.net/Articles/867991,gpac,2021-08-31
DLA-2751-1,https://lwn.net/Articles/867891,postgresql-9.6,2021-08-31
DSA-4965-1,https://lwn.net/Articles/867890,libssh,2021-08-31
DSA-4962-1,https://lwn.net/Articles/867889,ledgersmb,2021-08-31
DLA-2750-1,https://lwn.net/Articles/867770,exiv2,2021-08-30
DLA-2749-1,https://lwn.net/Articles/867772,gthumb,2021-08-28
DLA-2717-2,https://lwn.net/Articles/867773,redis,2021-08-27
DSA-4964-1,https://lwn.net/Articles/867771,grilo,2021-08-27
DSA-4963-1,https://lwn.net/Articles/867335,openssl,2021-08-24
DLA-2748-1,https://lwn.net/Articles/867235,tnef,2021-08-23
DSA-4962-1,https://lwn.net/Articles/867234,ledgersmb,2021-08-23
DSA-4961-1,https://lwn.net/Articles/867236,tor,2021-08-23
DLA-2742-2,https://lwn.net/Articles/867118,ffmpeg,2021-08-23
DLA-2747-1,https://lwn.net/Articles/867119,ircii,2021-08-22
DLA-2746-1,https://lwn.net/Articles/867120,scrollz,2021-08-20
DSA-4960-1,https://lwn.net/Articles/866631,haproxy,2021-08-17
DLA-2743-1,https://lwn.net/Articles/866414,amd64-microcode,2021-08-16
DLA-2745-1,https://lwn.net/Articles/866417,thunderbird,2021-08-16
DSA-4959-1,https://lwn.net/Articles/866418,thunderbird,2021-08-15
DLA-2742-1,https://lwn.net/Articles/866416,ffmpeg,2021-08-15
DSA-4958-1,https://lwn.net/Articles/866415,exiv2,2021-08-13
DLA-2734-1,https://lwn.net/Articles/866164,curl,2021-08-13
DSA-4957-1,https://lwn.net/Articles/866419,trafficserver,2021-08-13
DLA-2740-1,https://lwn.net/Articles/866165,firefox-esr,2021-08-12
DLA-2741-1,https://lwn.net/Articles/866163,commons-io,2021-08-12
DSA-4955-1,https://lwn.net/Articles/866059,libspf2,2021-08-11
DSA-4956-1,https://lwn.net/Articles/866058,firefox-esr,2021-08-11
DSA-4946-2,https://lwn.net/Articles/866061,openjdk-11-jre-dcevm,2021-08-11
DLA-2739-1,https://lwn.net/Articles/866060,libspf2,2021-08-11
DLA-2735-1,https://lwn.net/Articles/865960,ceph,2021-08-11
DSA-4953-1,https://lwn.net/Articles/865843,lynx,2021-08-10
DLA-2738-1,https://lwn.net/Articles/865841,c-ares,2021-08-10
DSA-4954-1,https://lwn.net/Articles/865840,c-ares,2021-08-10
DSA-4952-1,https://lwn.net/Articles/865845,tomcat9,2021-08-09
DLA-2737-1,https://lwn.net/Articles/865844,openjdk-8,2021-08-09
DLA-2736-1,https://lwn.net/Articles/865842,lynx,2021-08-09
DSA-4951-1,https://lwn.net/Articles/865659,bluez,2021-08-07
DSA-4950-1,https://lwn.net/Articles/865658,ansible,2021-08-07
DLA-2733-1,https://lwn.net/Articles/865434,tomcat8,2021-08-05
DSA-4949-1,https://lwn.net/Articles/865298,jetty9,2021-08-04
DLA-2732-1,https://lwn.net/Articles/865299,openexr,2021-08-04
DLA-2731-1,https://lwn.net/Articles/865178,wordpress,2021-08-04
DLA-2730-1,https://lwn.net/Articles/865177,libpam-tacplus,2021-08-04
DLA-2729-1,https://lwn.net/Articles/865176,asterisk,2021-08-04
DLA-2728-1,https://lwn.net/Articles/865016,vlc,2021-08-03
DLA-2727-1,https://lwn.net/Articles/865014,pyxdg,2021-08-03
DLA-2726-1,https://lwn.net/Articles/865015,shiro,2021-08-02
DLA-2725-1,https://lwn.net/Articles/864870,lrzip,2021-08-01
DLA-2724-1,https://lwn.net/Articles/864867,condor,2021-08-01
DSA-4948-1,https://lwn.net/Articles/864866,aspell,2021-08-01
DLA-2723-1,https://lwn.net/Articles/864869,linuxptp,2021-07-31
DSA-4947-1,https://lwn.net/Articles/864868,libsndfile,2021-07-30
DSA-4946-1,https://lwn.net/Articles/864669,openjdk-11,2021-07-29
DLA-2722-1,https://lwn.net/Articles/864668,libsndfile,2021-07-29
DSA-4945-1,https://lwn.net/Articles/864566,webkit2gtk,2021-07-28
DLA-2721-1,https://lwn.net/Articles/864421,drupal7,2021-07-26
DLA-2718-1,https://lwn.net/Articles/864318,intel-microcode,2021-07-26
DSA-4944-1,https://lwn.net/Articles/864319,krb5,2021-07-25
DLA-2710-2,https://lwn.net/Articles/864320,rabbitmq-server,2021-07-25
DLA-2720-1,https://lwn.net/Articles/864317,aspell,2021-07-25
DSA-4943-1,https://lwn.net/Articles/864127,lemonldap-ng,2021-07-23
DLA-2719-1,https://lwn.net/Articles/864321,ruby-actionpack-page-caching,2021-07-23
DLA-2717-1,https://lwn.net/Articles/863958,redis,2021-07-22
DLA-2716-1,https://lwn.net/Articles/863957,pillow,2021-07-22
DLA-2715-1,https://lwn.net/Articles/863808,systemd,2021-07-20
DLA-2714-1,https://lwn.net/Articles/863807,linux-4.19,2021-07-20
DLA-2713-2,https://lwn.net/Articles/863806,kernel,2021-07-20
DLA-2713-1,https://lwn.net/Articles/863805,kernel,2021-07-20
DSA-4942-1,https://lwn.net/Articles/863593,systemd,2021-07-20
DLA-2712-1,https://lwn.net/Articles/863591,libjdom1-java,2021-07-20
DSA-4941-1,https://lwn.net/Articles/863590,kernel,2021-07-20
DLA-2710-1,https://lwn.net/Articles/863592,rabbitmq-server,2021-07-19
DLA-2711-1,https://lwn.net/Articles/863425,thunderbird,2021-07-19
DSA-4940-1,https://lwn.net/Articles/863426,thunderbird,2021-07-18
DLA-2709-1,https://lwn.net/Articles/863161,firefox-esr,2021-07-15
DLA-2708-1,https://lwn.net/Articles/862980,php7.0,2021-07-15
DSA-4939-1,https://lwn.net/Articles/862979,firefox-esr,2021-07-14
DSA-4938-1,https://lwn.net/Articles/862842,linuxptp,2021-07-13
DLA-2707-1,https://lwn.net/Articles/862744,sogo,2021-07-12
DLA-2706-1,https://lwn.net/Articles/862280,apache2,2021-07-09
DSA-4937-1,https://lwn.net/Articles/862281,apache2,2021-07-08
DLA-2705-1,https://lwn.net/Articles/862282,scilab,2021-07-08
DSA-4935-1,https://lwn.net/Articles/861961,php7.3,2021-07-05
DLA-2704-1,https://lwn.net/Articles/861960,libxstream-java,2021-07-05
DSA-4936-1,https://lwn.net/Articles/861959,libuv1,2021-07-05
DLA-2702-1,https://lwn.net/Articles/861874,djvulibre,2021-07-04
DLA-2701-1,https://lwn.net/Articles/861875,openexr,2021-07-03
DLA-2700-1,https://lwn.net/Articles/861501,htmldoc,2021-07-01
DLA-2698-1,https://lwn.net/Articles/861503,node-bl,2021-06-30
DLA-2699-1,https://lwn.net/Articles/861502,ipmitool,2021-06-30
DLA-2697-1,https://lwn.net/Articles/861401,fluidsynth,2021-06-29
DLA-2696-1,https://lwn.net/Articles/861283,libjdom2-java,2021-06-29
DLA-2695-1,https://lwn.net/Articles/861282,klibc,2021-06-28
DLA-2693-1,https://lwn.net/Articles/861205,xmlbeans,2021-06-28
DLA-2694-1,https://lwn.net/Articles/861204,tiff,2021-06-27
DLA-2692-1,https://lwn.net/Articles/861202,bluez,2021-06-26
DSA-4934-1,https://lwn.net/Articles/861203,intel-microcode,2021-06-26
DLA-2691-1,https://lwn.net/Articles/860959,libgcrypt20,2021-06-24
DLA-2690-1,https://lwn.net/Articles/860632,linux-4.19,2021-06-23
DLA-2689-1,https://lwn.net/Articles/860631,kernel,2021-06-23
DLA-2687-2,https://lwn.net/Articles/860394,prosody,2021-06-19
DSA-4932-1,https://lwn.net/Articles/860395,tor,2021-06-18
DSA-4933-1,https://lwn.net/Articles/860393,nettle,2021-06-18
DLA-2688-1,https://lwn.net/Articles/860232,jetty9,2021-06-17
DLA-2686-1,https://lwn.net/Articles/859980,python-urllib3,2021-06-16
DLA-2687-1,https://lwn.net/Articles/859979,prosody,2021-06-16
DSA-4931-1,https://lwn.net/Articles/859981,xen,2021-06-15
DLA-2685-1,https://lwn.net/Articles/859627,squid3,2021-06-14
DSA-4930-1,https://lwn.net/Articles/859161,libwebp,2021-06-10
DLA-2684-1,https://lwn.net/Articles/858964,lasso,2021-06-10
DSA-4929-1,https://lwn.net/Articles/858965,rails,2021-06-09
DSA-4928-1,https://lwn.net/Articles/858963,htmldoc,2021-06-09
DLA-2683-1,https://lwn.net/Articles/858789,rxvt,2021-06-09
DLA-2682-1,https://lwn.net/Articles/858788,mrxvt,2021-06-09
DLA-2681-1,https://lwn.net/Articles/858787,eterm,2021-06-09
DLA-2680-1,https://lwn.net/Articles/858617,nginx,2021-06-07
DLA-2679-1,https://lwn.net/Articles/858543,thunderbird,2021-06-07
DLA-2678-1,https://lwn.net/Articles/858542,ruby-nokogiri,2021-06-06
DLA-2677-1,https://lwn.net/Articles/858540,libwebp,2021-06-06
DLA-2676-1,https://lwn.net/Articles/858541,python-django,2021-06-05
DLA-2672-1,https://lwn.net/Articles/858539,libwebp,2021-06-05
DSA-4927-1,https://lwn.net/Articles/858544,thunderbird,2021-06-04
DLA-2674-1,https://lwn.net/Articles/858125,isc-dhcp,2021-06-03
DLA-2672-1,https://lwn.net/Articles/858124,imagemagick,2021-06-03
DLA-2673-1,https://lwn.net/Articles/858123,firefox-esr,2021-06-03
DLA-2675-1,https://lwn.net/Articles/858121,caribou,2021-06-03
DSA-4926-1,https://lwn.net/Articles/858291,lasso,2021-06-03
DSA-4925-1,https://lwn.net/Articles/858122,firefox-esr,2021-06-02
DSA-4924-1,https://lwn.net/Articles/857963,squid,2021-06-01
DSA-4899-2,https://lwn.net/Articles/857710,openjdk-11-jre-dcevm,2021-05-31
DLA-2669-1,https://lwn.net/Articles/857708,libxml2,2021-05-30
DSA-4923-1,https://lwn.net/Articles/857713,webkit2gtk,2021-05-30
DLA-2671-1,https://lwn.net/Articles/857711,rxvt-unicode,2021-05-30
DLA-2670-1,https://lwn.net/Articles/857709,nginx,2021-05-30
DSA-4922-1,https://lwn.net/Articles/857707,hyperkitty,2021-05-29
DLA-2668-1,https://lwn.net/Articles/857712,samba,2021-05-29
DSA-4921-1,https://lwn.net/Articles/857550,nginx,2021-05-28
DLA-2667-1,https://lwn.net/Articles/857440,djvulibre,2021-05-26
DLA-2666-1,https://lwn.net/Articles/857100,libx11,2021-05-24
DSA-4920-1,https://lwn.net/Articles/857101,libx11,2021-05-24
DLA-2665-1,https://lwn.net/Articles/857103,ring,2021-05-23
DSA-4916-2,https://lwn.net/Articles/857102,prosody,2021-05-21
DSA-4919-1,https://lwn.net/Articles/856896,lz4,2021-05-21
DSA-4918-1,https://lwn.net/Articles/856482,ruby-rack-cors,2021-05-18
DSA-4916-1,https://lwn.net/Articles/856481,prosody,2021-05-17
DLA-2664-1,https://lwn.net/Articles/856480,curl,2021-05-17
DSA-4917-1,https://lwn.net/Articles/856479,chromium,2021-05-17
DLA-2663-1,https://lwn.net/Articles/856405,libimage-exiftool-perl,2021-05-16
DLA-2662-1,https://lwn.net/Articles/856406,postgresql-9.6,2021-05-15
DLA-2661-1,https://lwn.net/Articles/856249,jetty9,2021-05-14
DLA-2660-1,https://lwn.net/Articles/856250,libgetdata,2021-05-13
DSA-4915-1,https://lwn.net/Articles/856251,postgresql-11,2021-05-13
DLA-2658-1,https://lwn.net/Articles/856158,redmine,2021-05-13
DLA-2659-1,https://lwn.net/Articles/856157,graphviz,2021-05-13
DLA-2656-1,https://lwn.net/Articles/856048,hivex,2021-05-12
DLA-2655-1,https://lwn.net/Articles/856050,rails,2021-05-12
DLA-2654-1,https://lwn.net/Articles/856047,composer,2021-05-12
DSA-4914-1,https://lwn.net/Articles/856156,graphviz,2021-05-12
DLA-2657-1,https://lwn.net/Articles/856049,lz4,2021-05-12
DSA-4913-1,https://lwn.net/Articles/855975,hivex,2021-05-10
DLA-2653-1,https://lwn.net/Articles/855884,libxml2,2021-05-10
DLA-2648-2,https://lwn.net/Articles/855728,mediawiki,2021-05-07
DLA-2651-1,https://lwn.net/Articles/855599,python-django,2021-05-06
DLA-2652-1,https://lwn.net/Articles/855729,unbound1.9,2021-05-06
DLA-2650-1,https://lwn.net/Articles/855431,exim4,2021-05-05
DLA-2649-1,https://lwn.net/Articles/855430,cgal,2021-05-05
DLA-2648-1,https://lwn.net/Articles/855432,mediawiki,2021-05-05
DLA-2646-1,https://lwn.net/Articles/855287,subversion,2021-05-04
DLA-2647-1,https://lwn.net/Articles/855284,bind9,2021-05-04
DSA-4912-1,https://lwn.net/Articles/855286,exim4,2021-05-04
DSA-4911-1,https://lwn.net/Articles/855285,chromium,2021-05-03
DSA-4910-1,https://lwn.net/Articles/855179,libimage-exiftool-perl,2021-05-02
DSA-4909-1,https://lwn.net/Articles/855178,bind9,2021-05-01
DSA-4908-1,https://lwn.net/Articles/855006,libhibernate3-java,2021-04-29
DLA-2645-1,https://lwn.net/Articles/855005,edk2,2021-04-29
DSA-4907-1,https://lwn.net/Articles/855004,composer,2021-04-29
DLA-2641-1,https://lwn.net/Articles/854598,gst-plugins-base1.0,2021-04-27
DSA-4905-1,https://lwn.net/Articles/854743,shibboleth-sp,2021-04-27
DSA-4906-1,https://lwn.net/Articles/854742,chromium,2021-04-27
DLA-2644-1,https://lwn.net/Articles/854596,gst-libav1.0,2021-04-27
DLA-2642-1,https://lwn.net/Articles/854597,gst-plugins-bad1.0,2021-04-27
DLA-2643-1,https://lwn.net/Articles/854599,gst-plugins-ugly1.0,2021-04-27
DLA-2640-1,https://lwn.net/Articles/854465,gst-plugins-good1.0,2021-04-26
DLA-2638-1,https://lwn.net/Articles/854468,jackson-databind,2021-04-25
DLA-2639-1,https://lwn.net/Articles/854470,opendmarc,2021-04-25
DSA-4903-1,https://lwn.net/Articles/854464,gst-plugins-base1.0,2021-04-24
DSA-4900-1,https://lwn.net/Articles/854466,gst-plugins-good1.0,2021-04-24
DSA-4904-1,https://lwn.net/Articles/854467,gst-plugins-ugly1.0,2021-04-24
DSA-4902-1,https://lwn.net/Articles/854463,gst-plugins-bad1.0,2021-04-24
DSA-4901-1,https://lwn.net/Articles/854462,gst-libav1.0,2021-04-24
DLA-2637-1,https://lwn.net/Articles/854461,drupal7,2021-04-23
DLA-2633-1,https://lwn.net/Articles/854204,firefox-esr,2021-04-23
DLA-2636-1,https://lwn.net/Articles/854472,pjproject,2021-04-23
DLA-2635-1,https://lwn.net/Articles/854469,libspring-java,2021-04-23
DSA-4899-1,https://lwn.net/Articles/854471,openjdk-11,2021-04-23
DLA-2634-1,https://lwn.net/Articles/854205,openjdk-8,2021-04-23
DSA-4898-1,https://lwn.net/Articles/854206,wpa,2021-04-22
DSA-4896-1,https://lwn.net/Articles/853939,wordpress,2021-04-22
DLA-2632-1,https://lwn.net/Articles/853938,thunderbird,2021-04-22
DSA-4897-1,https://lwn.net/Articles/853937,thunderbird,2021-04-22
DLA-2631-1,https://lwn.net/Articles/853741,zabbix,2021-04-21
DLA-2630-1,https://lwn.net/Articles/853740,wordpress,2021-04-21
DSA-4894-1,https://lwn.net/Articles/853739,php-pear,2021-04-20
DSA-4895-1,https://lwn.net/Articles/853738,firefox-esr,2021-04-20
DSA-4893-1,https://lwn.net/Articles/853587,xorg-server,2021-04-19
DSA-4892-1,https://lwn.net/Articles/853385,python-bleach,2021-04-18
DLA-2629-1,https://lwn.net/Articles/853384,libebml,2021-04-18
DLA-2628-1,https://lwn.net/Articles/853386,python2.7,2021-04-17
DLA-2618-2,https://lwn.net/Articles/852957,smarty3,2021-04-16
DLA-2627-1,https://lwn.net/Articles/852710,xorg-server,2021-04-15
DLA-2626-1,https://lwn.net/Articles/852600,clamav,2021-04-14
DLA-2625-1,https://lwn.net/Articles/852601,courier-authlib,2021-04-14
DLA-2624-1,https://lwn.net/Articles/852499,libpano13,2021-04-13
DSA-4891-1,https://lwn.net/Articles/852602,tomcat9,2021-04-13
DSA-4890-1,https://lwn.net/Articles/852314,ruby-kramdown,2021-04-12
DSA-4889-1,https://lwn.net/Articles/852312,mediawiki,2021-04-10
DSA-4888-1,https://lwn.net/Articles/852315,xen,2021-04-10
DLA-2623-1,https://lwn.net/Articles/852313,qemu,2021-04-10
DLA-2622-1,https://lwn.net/Articles/852089,python-django,2021-04-09
DLA-2621-1,https://lwn.net/Articles/852088,php-pear,2021-04-08
DSA-4887-1,https://lwn.net/Articles/852087,lib3mf,2021-04-08
DSA-4886-1,https://lwn.net/Articles/851760,chromium,2021-04-06
DLA-2620-1,https://lwn.net/Articles/851762,python-bleach,2021-04-06
DSA-4885-1,https://lwn.net/Articles/851761,netty,2021-04-05
DLA-2619-1,https://lwn.net/Articles/851763,python3.5,2021-04-05
DLA-2618-1,https://lwn.net/Articles/851625,smarty3,2021-04-05
DLA-2617-1,https://lwn.net/Articles/851624,php-nette,2021-04-04
DLA-2616-1,https://lwn.net/Articles/851623,libxstream-java,2021-04-03
DSA-4884-1,https://lwn.net/Articles/851482,ldb,2021-04-02
DLA-2615-1,https://lwn.net/Articles/851484,spamassassin,2021-04-02
DSA-4883-1,https://lwn.net/Articles/851485,underscore,2021-04-01
DSA-4882-1,https://lwn.net/Articles/851483,openjpeg2,2021-04-01
DLA-2614-1,https://lwn.net/Articles/851481,busybox,2021-04-01
DLA-2611-1,https://lwn.net/Articles/851246,ldb,2021-03-31
DLA-2613-1,https://lwn.net/Articles/851366,underscore,2021-03-31
DLA-2612-1,https://lwn.net/Articles/851247,leptonlib,2021-03-31
DSA-4881-1,https://lwn.net/Articles/851245,curl,2021-03-31
DLA-2610-1,https://lwn.net/Articles/851248,linux-4.19,2021-03-30
DSA-4880-1,https://lwn.net/Articles/851150,lxml,2021-03-29
DSA-4877-1,https://lwn.net/Articles/851034,webkit2gtk,2021-03-27
DSA-4878-1,https://lwn.net/Articles/851031,pygments,2021-03-27
DSA-4879-1,https://lwn.net/Articles/851032,spamassassin,2021-03-27
DLA-2609-1,https://lwn.net/Articles/851033,thunderbird,2021-03-26
DLA-2607-1,https://lwn.net/Articles/850679,firefox-esr,2021-03-25
DLA-2608-1,https://lwn.net/Articles/850680,jquery,2021-03-25
DSA-4876-1,https://lwn.net/Articles/850683,thunderbird,2021-03-25
DSA-4875-1,https://lwn.net/Articles/850681,openssl,2021-03-25
DLA-2606-1,https://lwn.net/Articles/850474,lxml,2021-03-24
DSA-4874-1,https://lwn.net/Articles/850473,firefox-esr,2021-03-24
DLA-2602-1,https://lwn.net/Articles/850331,imagemagick,2021-03-23
DLA-2603-1,https://lwn.net/Articles/850176,libmediainfo,2021-03-23
DSA-4873-1,https://lwn.net/Articles/850332,squid,2021-03-23
DLA-2605-1,https://lwn.net/Articles/850177,mariadb-10.1,2021-03-23
DLA-2604-1,https://lwn.net/Articles/850175,dnsmasq,2021-03-22
DLA-2558-2,https://lwn.net/Articles/850027,xterm,2021-03-21
DLA-2601-1,https://lwn.net/Articles/850025,cloud-init,2021-03-20
DLA-2600-1,https://lwn.net/Articles/850026,pygments,2021-03-19
DLA-2598-1,https://lwn.net/Articles/849840,squid3,2021-03-19
DLA-2599-1,https://lwn.net/Articles/849839,shibboleth-sp2,2021-03-19
DSA-4872-1,https://lwn.net/Articles/849838,shibboleth-sp,2021-03-18
DLA-2597-1,https://lwn.net/Articles/849718,velocity-tools,2021-03-17
DLA-2595-1,https://lwn.net/Articles/849598,velocity,2021-03-17
DLA-2596-1,https://lwn.net/Articles/849596,shadow,2021-03-17
DSA-4871-1,https://lwn.net/Articles/849597,tor,2021-03-16
DLA-2596-1,https://lwn.net/Articles/849488,tomcat8,2021-03-16
DLA-2589-2,https://lwn.net/Articles/849365,mupdf,2021-03-14
DLA-2593-1,https://lwn.net/Articles/849361,ca-certificates,2021-03-14
DLA-2591-1,https://lwn.net/Articles/849363,golang-1.7,2021-03-13
DLA-2592-1,https://lwn.net/Articles/849364,golang-1.8,2021-03-13
DSA-4869-1,https://lwn.net/Articles/849367,tiff,2021-03-12
DSA-4870-1,https://lwn.net/Articles/849366,pygments,2021-03-12
DSA-4869-1,https://lwn.net/Articles/849367,tiff,2021-03-12
DLA-2589-1,https://lwn.net/Articles/849175,mupdf,2021-03-12
DLA-2590-1,https://lwn.net/Articles/849176,pygments,2021-03-12
DLA-2588-1,https://lwn.net/Articles/849080,zeromq3,2021-03-10
DLA-2587-1,https://lwn.net/Articles/848946,privoxy,2021-03-09
DLA-2586-1,https://lwn.net/Articles/848945,kernel,2021-03-09
DLA-2553-2,https://lwn.net/Articles/848689,xcftools,2021-03-08
DLA-2585-1,https://lwn.net/Articles/848687,libupnp,2021-03-08
DLA-2584-1,https://lwn.net/Articles/848686,libcaca,2021-03-07
DLA-2583-1,https://lwn.net/Articles/848685,activemq,2021-03-05
DLA-2582-1,https://lwn.net/Articles/848688,mqtt-client,2021-03-05
DLA-2580-1,https://lwn.net/Articles/848063,adminer,2021-03-03
DLA-2581-1,https://lwn.net/Articles/848066,wpa,2021-03-03
DLA-2579-1,https://lwn.net/Articles/848065,spip,2021-03-02
DSA-4867-1,https://lwn.net/Articles/848064,grub2,2021-03-02
DLA-2578-1,https://lwn.net/Articles/847750,thunderbird,2021-03-01
DSA-4866-1,https://lwn.net/Articles/847751,thunderbird,2021-02-28
DSA-4865-1,https://lwn.net/Articles/847748,docker.io,2021-02-27
DSA-4864-1,https://lwn.net/Articles/847749,python-aiohttp,2021-02-27
DLA-2577-1,https://lwn.net/Articles/847545,python-pysaml2,2021-02-26
DLA-2576-1,https://lwn.net/Articles/847546,redis,2021-02-25
DLA-2575-1,https://lwn.net/Articles/847352,firefox-esr,2021-02-25
DSA-4863-1,https://lwn.net/Articles/847353,nodejs,2021-02-24
DSA-4862-1,https://lwn.net/Articles/847351,firefox-esr,2021-02-24
DSA-4861-1,https://lwn.net/Articles/847010,screen,2021-02-21
DLA-2574-1,https://lwn.net/Articles/847007,openldap,2021-02-21
DSA-4860-1,https://lwn.net/Articles/847006,openldap,2021-02-20
DLA-2570-1,https://lwn.net/Articles/847009,screen,2021-02-20
DLA-2572-1,https://lwn.net/Articles/847011,wpa,2021-02-20
DLA-2573-1,https://lwn.net/Articles/847005,libzstd,2021-02-20
DSA-4859-1,https://lwn.net/Articles/847004,libzstd,2021-02-20
DSA-4858-1,https://lwn.net/Articles/847003,chromium,2021-02-19
DLA-2571-1,https://lwn.net/Articles/847008,openvswitch,2021-02-19
DLA-2564-1,https://lwn.net/Articles/846766,php-horde-text-filter,2021-02-19
DLA-2568-1,https://lwn.net/Articles/846763,bind9,2021-02-19
DLA-2567-1,https://lwn.net/Articles/846768,unrar-free,2021-02-18
DSA-4857-1,https://lwn.net/Articles/846762,bind9,2021-02-18
DLA-2560-1,https://lwn.net/Articles/846767,qemu,2021-02-18
DLA-2565-1,https://lwn.net/Articles/846765,openssl1.0,2021-02-18
DLA-2566-1,https://lwn.net/Articles/846764,libbsd,2021-02-18
DLA-2562-1,https://lwn.net/Articles/846602,mumble,2021-02-18
DLA-2563-1,https://lwn.net/Articles/846603,openssl,2021-02-18
DLA-2561-1,https://lwn.net/Articles/846453,ruby-mechanize,2021-02-17
DSA-4855-1,https://lwn.net/Articles/846452,openssl,2021-02-17
DSA-4854-1,https://lwn.net/Articles/846605,webkit2gtk,2021-02-17
DSA-4856-1,https://lwn.net/Articles/846604,php7.3,2021-02-17
DSA-4853-1,https://lwn.net/Articles/846385,spip,2021-02-16
DLA-2559-1,https://lwn.net/Articles/846288,busybox,2021-02-15
DSA-4852-1,https://lwn.net/Articles/846290,openvswitch,2021-02-15
DLA-2558-1,https://lwn.net/Articles/846293,xterm,2021-02-14
DSA-4851-1,https://lwn.net/Articles/846291,subversion,2021-02-13
DLA-2557-1,https://lwn.net/Articles/846289,linux-4.19,2021-02-12
DLA-2556-1,https://lwn.net/Articles/846292,unbound1.9,2021-02-12
DLA-2555-1,https://lwn.net/Articles/845718,netty,2021-02-11
DLA-2554-1,https://lwn.net/Articles/845717,firejail,2021-02-11
DLA-2553-1,https://lwn.net/Articles/845581,xcftools,2021-02-10
DSA-4850-1,https://lwn.net/Articles/845579,libzstd,2021-02-10
DLA-2551-1,https://lwn.net/Articles/845580,slirp,2021-02-09
DLA-2552-1,https://lwn.net/Articles/845577,connman,2021-02-09
DSA-4849-1,https://lwn.net/Articles/845578,firejail,2021-02-09
DLA-2550-1,https://lwn.net/Articles/845485,openjpeg2,2021-02-09
DLA-2549-1,https://lwn.net/Articles/845390,gdisk,2021-02-08
DSA-4847-1,https://lwn.net/Articles/845483,connman,2021-02-08
DSA-4848-1,https://lwn.net/Articles/845484,golang-1.11,2021-02-08
DSA-4846-1,https://lwn.net/Articles/845389,chromium,2021-02-07
DLA-2548-1,https://lwn.net/Articles/845392,privoxy,2021-02-07
DLA-2547-1,https://lwn.net/Articles/845393,wireshark,2021-02-06
DLA-2546-1,https://lwn.net/Articles/845391,intel-microcode,2021-02-06
DSA-4844-1,https://lwn.net/Articles/845072,dnsmasq,2021-02-04
DLA-2545-1,https://lwn.net/Articles/844931,open-build-service,2021-02-03
DLA-2544-1,https://lwn.net/Articles/844932,openldap,2021-02-03
DSA-4845-1,https://lwn.net/Articles/844933,openldap,2021-02-03
DLA-2542-1,https://lwn.net/Articles/844845,tzdata,2021-02-02
DLA-2543-1,https://lwn.net/Articles/844842,libdatetime-timezone-perl,2021-02-02
DLA-2541-1,https://lwn.net/Articles/844844,thunderbird,2021-02-02
DLA-2539-1,https://lwn.net/Articles/844841,firefox-esr,2021-02-02
DSA-4843-1,https://lwn.net/Articles/844709,kernel,2021-02-01
DLA-2540-1,https://lwn.net/Articles/844843,python-django,2021-02-01
DSA-4842-1,https://lwn.net/Articles/844713,thunderbird,2021-01-31
DLA-2537-1,https://lwn.net/Articles/844708,ffmpeg,2021-01-31
DLA-2538-1,https://lwn.net/Articles/844712,mariadb-10.1,2021-01-31
DLA-2431-2,https://lwn.net/Articles/844710,libonig,2021-01-30
DLA-2536-1,https://lwn.net/Articles/844711,libsdl2,2021-01-30
DSA-4840-1,https://lwn.net/Articles/844343,firefox-esr,2021-01-27
DSA-4841-1,https://lwn.net/Articles/844344,slurm-llnl,2021-01-27
DLA-2535-1,https://lwn.net/Articles/844342,ansible,2021-01-27
DLA-2534-1,https://lwn.net/Articles/844157,sudo,2021-01-26
DSA-4839-1,https://lwn.net/Articles/844158,sudo,2021-01-26
DLA-2531-1,https://lwn.net/Articles/843797,python-bottle,2021-01-25
DLA-2532-1,https://lwn.net/Articles/843793,debian-security-support,2021-01-25
DLA-2533-1,https://lwn.net/Articles/843792,crmsh,2021-01-25
DSA-4838-1,https://lwn.net/Articles/844034,mutt,2021-01-25
DSA-4837-1,https://lwn.net/Articles/843798,salt,2021-01-24
DSA-4833-2,https://lwn.net/Articles/843795,gst-plugins-bad1.0,2021-01-24
DSA-4830-2,https://lwn.net/Articles/843794,flatpak,2021-01-22
DSA-4834-1,https://lwn.net/Articles/843800,vlc,2021-01-22
DSA-4835-1,https://lwn.net/Articles/843799,tomcat9,2021-01-22
DSA-4836-1,https://lwn.net/Articles/843796,openvswitch,2021-01-22
DLA-2529-1,https://lwn.net/Articles/843402,mutt,2021-01-21
DLA-2529-1,https://lwn.net/Articles/843402,mutt,2021-01-21
DLA-2528-1,https://lwn.net/Articles/843130,gst-plugins-bad1.0,2021-01-19
DLA-2527-1,https://lwn.net/Articles/842999,snapd,2021-01-18
DSA-4833-1,https://lwn.net/Articles/843131,gst-plugins-bad1.0,2021-01-18
DSA-4832-1,https://lwn.net/Articles/842998,chromium,2021-01-16
DLA-2525-1,https://lwn.net/Articles/842773,wavpack,2021-01-15
DSA-4831-1,https://lwn.net/Articles/842771,ruby-redcarpet,2021-01-15
DLA-2526-1,https://lwn.net/Articles/842772,ruby-redcarpet,2021-01-15
DSA-4830-1,https://lwn.net/Articles/842770,flatpak,2021-01-14
DLA-2524-1,https://lwn.net/Articles/842519,spice-vdagent,2021-01-13
DLA-2523-1,https://lwn.net/Articles/842518,imagemagick,2021-01-12
DLA-2522-1,https://lwn.net/Articles/842517,coturn,2021-01-12
DSA-4829-1,https://lwn.net/Articles/842261,coturn,2021-01-11
DLA-2521-1,https://lwn.net/Articles/842067,firefox-esr,2021-01-08
DSA-4828-1,https://lwn.net/Articles/842068,libxstream-java,2021-01-07
DLA-2520-1,https://lwn.net/Articles/841969,golang-websocket,2021-01-07
DSA-4827-1,https://lwn.net/Articles/842066,firefox-esr,2021-01-07
DSA-4826-1,https://lwn.net/Articles/841970,nodejs,2021-01-06
DLA-2518-1,https://lwn.net/Articles/841855,cairo,2021-01-06
DLA-2519-1,https://lwn.net/Articles/841971,pacemaker,2021-01-06
DSA-4806-2,https://lwn.net/Articles/841857,minidlna,2021-01-05
DLA-2517-1,https://lwn.net/Articles/841856,dovecot,2021-01-05
DLA-2514-1,https://lwn.net/Articles/841633,flac,2021-01-04
DLA-2513-1,https://lwn.net/Articles/841636,p11-kit,2021-01-04
DLA-2515-1,https://lwn.net/Articles/841769,csync2,2021-01-04
DLA-2516-1,https://lwn.net/Articles/841770,gssproxy,2021-01-04
DSA-4825-1,https://lwn.net/Articles/841632,dovecot,2021-01-04
DLA-2512-1,https://lwn.net/Articles/841635,libhibernate3-java,2021-01-03
DSA-4824-1,https://lwn.net/Articles/841631,chromium,2021-01-01
DSA-4822-1,https://lwn.net/Articles/841539,p11-kit,2021-01-01
DSA-4823-1,https://lwn.net/Articles/841634,influxdb,2021-01-01
DLA-2507-1,https://lwn.net/Articles/841538,libxstream-java,2020-12-31
DLA-2511-1,https://lwn.net/Articles/841497,highlight.js,2020-12-30
DLA-2509-1,https://lwn.net/Articles/841463,tzdata,2020-12-29
DLA-2510-1,https://lwn.net/Articles/841462,libdatetime-timezone-perl,2020-12-29
DSA-4821-1,https://lwn.net/Articles/841339,roundcube,2020-12-28
DLA-2508-1,https://lwn.net/Articles/841338,roundcube,2020-12-28
DSA-4820-1,https://lwn.net/Articles/841334,horizon,2020-12-27
DSA-4809-2,https://lwn.net/Articles/841337,python-apt,2020-12-27
DSA-4819-1,https://lwn.net/Articles/841335,kitty,2020-12-26
DLA-2488-2,https://lwn.net/Articles/841336,python-apt,2020-12-26
DLA-2505-1,https://lwn.net/Articles/841203,spip,2020-12-23
DLA-2506-1,https://lwn.net/Articles/841137,awstats,2020-12-23
DSA-4818-1,https://lwn.net/Articles/841204,sympa,2020-12-23
DSA-4797-2,https://lwn.net/Articles/841075,webkit2gtk,2020-12-22
DLA-2412-2,https://lwn.net/Articles/841074,openjdk-8,2020-12-22
DLA-2504-1,https://lwn.net/Articles/841138,mediawiki,2020-12-22
DLA-2503-1,https://lwn.net/Articles/840925,node-ini,2020-12-21
DLA-2502-1,https://lwn.net/Articles/840927,postsrsd,2020-12-21
DLA-2501-1,https://lwn.net/Articles/840923,influxdb,2020-12-20
DSA-4817-1,https://lwn.net/Articles/840926,php-pear,2020-12-19
DSA-4810-2,https://lwn.net/Articles/840924,lxml,2020-12-19
DLA-2500-1,https://lwn.net/Articles/840922,curl,2020-12-18
DSA-4816-1,https://lwn.net/Articles/840715,mediawiki,2020-12-18
DLA-2494-1,https://lwn.net/Articles/840713,kernel,2020-12-18
DLA-2467-2,https://lwn.net/Articles/840714,lxml,2020-12-18
DLA-2497-1,https://lwn.net/Articles/840550,thunderbird,2020-12-17
DSA-4814-1,https://lwn.net/Articles/840552,xerces-c,2020-12-17
DSA-4815-1,https://lwn.net/Articles/840549,thunderbird,2020-12-17
DLA-2498-1,https://lwn.net/Articles/840553,xerces-c,2020-12-17
DLA-2499-1,https://lwn.net/Articles/840548,sympa,2020-12-17
DLA-2496-1,https://lwn.net/Articles/840547,firefox-esr,2020-12-16
DLA-2495-1,https://lwn.net/Articles/840551,tomcat8,2020-12-16
DSA-4813-1,https://lwn.net/Articles/840374,firefox-esr,2020-12-16
DSA-4812-1,https://lwn.net/Articles/840191,xen,2020-12-15
DSA-4811-1,https://lwn.net/Articles/840190,libxstream-java,2020-12-15
DLA-2492-1,https://lwn.net/Articles/840071,openssl,2020-12-14
DLA-2493-1,https://lwn.net/Articles/840072,openssl1.0,2020-12-14
DSA-4810-1,https://lwn.net/Articles/840069,lxml,2020-12-13
DLA-2491-1,https://lwn.net/Articles/840070,openexr,2020-12-13
DLA-2490-1,https://lwn.net/Articles/839838,x11vnc,2020-12-10
DLA-2489-1,https://lwn.net/Articles/839837,minidlna,2020-12-10
DLA-2340-2,https://lwn.net/Articles/839630,sqlite3,2020-12-10
DLA-2488-1,https://lwn.net/Articles/839629,python-apt,2020-12-10
DLA-2487-1,https://lwn.net/Articles/839626,apt,2020-12-10
DLA-2483-1,https://lwn.net/Articles/839627,linux-4.19,2020-12-10
DSA-4809-1,https://lwn.net/Articles/839628,python-apt,2020-12-09
DLA-2485-1,https://lwn.net/Articles/839456,golang-golang-x-net-dev,2020-12-09
DLA-2486-1,https://lwn.net/Articles/839458,xorg-server,2020-12-09
DLA-2484-1,https://lwn.net/Articles/839457,python-certbot,2020-12-09
DSA-4808-1,https://lwn.net/Articles/839625,apt,2020-12-09
DSA-4807-1,https://lwn.net/Articles/839285,openssl,2020-12-08
DSA-4806-1,https://lwn.net/Articles/839284,minidlna,2020-12-07
DSA-4805-1,https://lwn.net/Articles/839286,trafficserver,2020-12-07
DLA-2479-1,https://lwn.net/Articles/838946,thunderbird,2020-12-04
DSA-4803-1,https://lwn.net/Articles/839123,xorg-server,2020-12-04
DSA-4804-1,https://lwn.net/Articles/839122,xen,2020-12-04
DLA-2481-1,https://lwn.net/Articles/839120,openldap,2020-12-04
DLA-2480-1,https://lwn.net/Articles/839121,salt,2020-12-04
DLA-2482-1,https://lwn.net/Articles/839119,debian-security-support,2020-12-04
DSA-4802-1,https://lwn.net/Articles/838945,thunderbird,2020-12-03
DLA-2477-1,https://lwn.net/Articles/838747,jupyter-notebook,2020-12-02
DLA-2478-1,https://lwn.net/Articles/838748,postgresql-9.6,2020-12-02
DSA-4801-1,https://lwn.net/Articles/838746,brotli,2020-12-01
DLA-2474-1,https://lwn.net/Articles/838657,musl,2020-12-01
DLA-2470-1,https://lwn.net/Articles/838661,zsh,2020-12-01
DLA-2475-1,https://lwn.net/Articles/838659,pdfresurrect,2020-12-01
DLA-2471-1,https://lwn.net/Articles/838656,libxstream-java,2020-12-01
DLA-2476-1,https://lwn.net/Articles/838745,brotli,2020-12-01
DLA-2473-1,https://lwn.net/Articles/838660,vips,2020-12-01
DLA-2472-1,https://lwn.net/Articles/838658,mutt,2020-11-30
DLA-2469-1,https://lwn.net/Articles/838548,qemu,2020-11-29
DLA-2468-1,https://lwn.net/Articles/838549,tcpflow,2020-11-28
DSA-4800-1,https://lwn.net/Articles/838547,libproxy,2020-11-28
DSA-4799-1,https://lwn.net/Articles/838550,x11vnc,2020-11-28
DLA-2467-1,https://lwn.net/Articles/838418,lxml,2020-11-27
DLA-2466-1,https://lwn.net/Articles/838417,drupal7,2020-11-27
DSA-4798-1,https://lwn.net/Articles/838295,spip,2020-11-25
DSA-4797-1,https://lwn.net/Articles/838296,webkit2gtk,2020-11-24
DLA-2462-1,https://lwn.net/Articles/838094,cimg,2020-11-23
DLA-2465-1,https://lwn.net/Articles/838100,php-pear,2020-11-23
DLA-2464-1,https://lwn.net/Articles/838102,thunderbird,2020-11-23
DLA-2463-1,https://lwn.net/Articles/838101,samba,2020-11-22
DSA-4795-1,https://lwn.net/Articles/838097,krb5,2020-11-21
DLA-2459-1,https://lwn.net/Articles/838095,golang-1.7,2020-11-21
DLA-2460-1,https://lwn.net/Articles/838096,golang-1.8,2020-11-21
DLA-2461-1,https://lwn.net/Articles/838104,zabbix,2020-11-21
DSA-4794-1,https://lwn.net/Articles/838099,mupdf,2020-11-21
DSA-4796-1,https://lwn.net/Articles/838103,thunderbird,2020-11-21
DLA-2379-3,https://lwn.net/Articles/838098,mediawiki,2020-11-21
DLA-2457-1,https://lwn.net/Articles/837752,firefox-esr,2020-11-19
DLA-2432-1,https://lwn.net/Articles/837753,jupyter-notebook,2020-11-19
DLA-2454-1,https://lwn.net/Articles/837756,rclone,2020-11-19
DLA-2458-1,https://lwn.net/Articles/837750,drupal7,2020-11-19
DLA-2455-1,https://lwn.net/Articles/837754,packer,2020-11-19
DSA-4793-1,https://lwn.net/Articles/837751,firefox-esr,2020-11-18
DLA-2456-1,https://lwn.net/Articles/837755,python3.5,2020-11-18
DLA-2447-2,https://lwn.net/Articles/837514,pacemaker,2020-11-17
DLA-2453-1,https://lwn.net/Articles/837515,restic,2020-11-17
DLA-2452-2,https://lwn.net/Articles/837512,libdatetime-timezone-perl,2020-11-17
DSA-4792-1,https://lwn.net/Articles/837513,openldap,2020-11-17
DLA-2452-1,https://lwn.net/Articles/837359,libdatetime-timezone-perl,2020-11-16
DLA-2451-1,https://lwn.net/Articles/837360,libvncserver,2020-11-15
DLA-2449-1,https://lwn.net/Articles/837086,thunderbird,2020-11-13
DLA-2450-1,https://lwn.net/Articles/837083,libproxy,2020-11-13
DSA-4791-1,https://lwn.net/Articles/837084,pacemaker,2020-11-13
DLA-2447-1,https://lwn.net/Articles/836975,pacemaker,2020-11-12
DSA-4789-1,https://lwn.net/Articles/836973,codemirror-js,2020-11-12
DSA-4790-1,https://lwn.net/Articles/837085,thunderbird,2020-11-12
DLA-2448-1,https://lwn.net/Articles/836974,firefox-esr,2020-11-11
DLA-2446-1,https://lwn.net/Articles/836847,moin,2020-11-10
DLA-2445-1,https://lwn.net/Articles/836846,libmaxminddb,2020-11-10
DLA-2442-1,https://lwn.net/Articles/836750,obfs4proxy,2020-11-10
DLA-2443-1,https://lwn.net/Articles/836752,zeromq3,2020-11-10
DSA-4788-1,https://lwn.net/Articles/836845,firefox-esr,2020-11-10
DLA-2444-1,https://lwn.net/Articles/836751,tcpdump,2020-11-10
DLA-2441-1,https://lwn.net/Articles/836630,sympa,2020-11-09
DSA-4787-1,https://lwn.net/Articles/836749,moin,2020-11-09
DLA-2440-1,https://lwn.net/Articles/836627,poppler,2020-11-09
DSA-4786-1,https://lwn.net/Articles/836626,libexif,2020-11-08
DLA-2439-1,https://lwn.net/Articles/836625,libexif,2020-11-07
DLA-2437-1,https://lwn.net/Articles/836624,krb5,2020-11-07
DLA-2438-1,https://lwn.net/Articles/836628,raptor2,2020-11-07
DSA-4785-1,https://lwn.net/Articles/836629,raptor2,2020-11-07
DLA-2435-1,https://lwn.net/Articles/836623,guacamole-server,2020-11-06
DSA-4784-1,https://lwn.net/Articles/836424,wordpress,2020-11-06
DLA-2436-1,https://lwn.net/Articles/836423,sddm,2020-11-06
DLA-2433-1,https://lwn.net/Articles/836224,bouncycastle,2020-11-05
DLA-2434-1,https://lwn.net/Articles/836225,gdm3,2020-11-05
DLA-2431-1,https://lwn.net/Articles/836226,libonig,2020-11-05
DSA-4783-1,https://lwn.net/Articles/836422,sddm,2020-11-05
DLA-2429-1,https://lwn.net/Articles/835936,wordpress,2020-11-03
DLA-2430-1,https://lwn.net/Articles/835935,blueman,2020-11-03
DLA-2427-1,https://lwn.net/Articles/835801,spice,2020-11-01
DLA-2426-1,https://lwn.net/Articles/835795,junit4,2020-11-01
DLA-2428-1,https://lwn.net/Articles/835802,spice-gtk,2020-11-01
DLA-2425-1,https://lwn.net/Articles/835798,openldap,2020-11-01
DLA-2420-2,https://lwn.net/Articles/835797,kernel,2020-10-31
DLA-2424-1,https://lwn.net/Articles/835803,tzdata,2020-10-31
DLA-2423-1,https://lwn.net/Articles/835804,wireshark,2020-10-31
DLA-2422-1,https://lwn.net/Articles/835800,qtsvg-opensource-src,2020-10-31
DLA-2421-1,https://lwn.net/Articles/835794,cimg,2020-10-30
DLA-2412-1,https://lwn.net/Articles/835625,openjdk-8,2020-10-30
DSA-4782-1,https://lwn.net/Articles/835799,openldap,2020-10-30
DLA-2420-1,https://lwn.net/Articles/835796,kernel,2020-10-30
DLA-2419-1,https://lwn.net/Articles/835623,dompurify.js,2020-10-29
DLA-2418-1,https://lwn.net/Articles/835624,libsndfile,2020-10-29
DLA-2417-1,https://lwn.net/Articles/835543,linux-4.19,2020-10-28
DSA-4781-1,https://lwn.net/Articles/835468,blueman,2020-10-27
DLA-2416-1,https://lwn.net/Articles/835381,thunderbird,2020-10-27
DLA-2414-1,https://lwn.net/Articles/835240,fastd,2020-10-25
DLA-2413-1,https://lwn.net/Articles/835243,phpmyadmin,2020-10-25
DLA-2415-1,https://lwn.net/Articles/835241,freetype,2020-10-25
DSA-4780-1,https://lwn.net/Articles/835244,thunderbird,2020-10-25
DSA-4779-1,https://lwn.net/Articles/835242,openjdk-11,2020-10-25
DSA-4778-1,https://lwn.net/Articles/834951,firefox-esr,2020-10-21
DLA-2409-1,https://lwn.net/Articles/834843,mariadb-10.1,2020-10-21
DLA-2411-1,https://lwn.net/Articles/834950,firefox-esr,2020-10-21
DSA-4777-1,https://lwn.net/Articles/834952,freetype,2020-10-21
DLA-2410-1,https://lwn.net/Articles/834949,bluez,2020-10-21
DSA-4776-1,https://lwn.net/Articles/834844,mariadb-10.3,2020-10-20
DSA-4775-1,https://lwn.net/Articles/834736,python-flask-cors,2020-10-19
DSA-4774-1,https://lwn.net/Articles/834609,kernel,2020-10-19
DLA-2408-1,https://lwn.net/Articles/834610,thunderbird,2020-10-17
DSA-4773-1,https://lwn.net/Articles/834611,yaws,2020-10-16
DLA-2406-1,https://lwn.net/Articles/834244,jackson-databind,2020-10-14
DSA-4772-1,https://lwn.net/Articles/834402,httpcomponents-client,2020-10-14
DLA-2407-1,https://lwn.net/Articles/834245,tomcat8,2020-10-14
DSA-4771-1,https://lwn.net/Articles/834036,spice,2020-10-11
DLA-2405-1,https://lwn.net/Articles/834034,httpcomponents-client,2020-10-10
DLA-2405-1,https://lwn.net/Articles/834034,httpcomponents-client,2020-10-10
DLA-2403-1,https://lwn.net/Articles/834035,rails,2020-10-09
DLA-2402-1,https://lwn.net/Articles/833766,golang-go.crypto,2020-10-08
DLA-2400-1,https://lwn.net/Articles/833765,activemq,2020-10-08
DLA-2401-1,https://lwn.net/Articles/833768,sympa,2020-10-07
DLA-2399-1,https://lwn.net/Articles/833767,packagekit,2020-10-07
DLA-2398-1,https://lwn.net/Articles/833664,puma,2020-10-07
DLA-2332-2,https://lwn.net/Articles/833665,sane-backends,2020-10-07
DLA-2397-1,https://lwn.net/Articles/833663,php7.0,2020-10-06
DLA-2396-1,https://lwn.net/Articles/833667,tigervnc,2020-10-06
DSA-4770-1,https://lwn.net/Articles/833666,thunderbird,2020-10-06
DLA-2394-1,https://lwn.net/Articles/833520,squid3,2020-10-02
DLA-2393-1,https://lwn.net/Articles/833519,snmptt,2020-10-02
DLA-2395-1,https://lwn.net/Articles/833518,libvirt,2020-10-02
DSA-4769-1,https://lwn.net/Articles/833521,xen,2020-10-02
DLA-2391-1,https://lwn.net/Articles/833324,ruby2.3,2020-10-01
DLA-2390-1,https://lwn.net/Articles/833183,ruby-json-jwt,2020-10-01
DLA-2392-1,https://lwn.net/Articles/833323,jruby,2020-10-01
DLA-2389-1,https://lwn.net/Articles/833184,ruby-rack-cors,2020-10-01
DLA-2387-2,https://lwn.net/Articles/833090,firefox-esr,2020-09-30
DLA-2388-1,https://lwn.net/Articles/833091,nss,2020-09-29
DLA-2386-1,https://lwn.net/Articles/832778,libdbi-perl,2020-09-28
DLA-2385-1,https://lwn.net/Articles/832779,linux-4.19,2020-09-28
DSA-4768-1,https://lwn.net/Articles/832938,firefox-esr,2020-09-28
DLA-2379-2,https://lwn.net/Articles/832939,mediawiki,2020-09-28
DLA-2377-1,https://lwn.net/Articles/832785,qt4-x11,2020-09-28
DLA-2376-1,https://lwn.net/Articles/832786,qtbase-opensource-src,2020-09-28
DLA-2387-1,https://lwn.net/Articles/832937,firefox-esr,2020-09-28
DLA-2381-1,https://lwn.net/Articles/832780,lua5.3,2020-09-26
DLA-2383-1,https://lwn.net/Articles/832783,nfdump,2020-09-26
DLA-2380-1,https://lwn.net/Articles/832787,ruby-gon,2020-09-26
DLA-2384-1,https://lwn.net/Articles/832788,yaws,2020-09-26
DLA-2382-1,https://lwn.net/Articles/832777,curl,2020-09-26
DLA-2379-1,https://lwn.net/Articles/832781,mediawiki,2020-09-25
DSA-4767-1,https://lwn.net/Articles/832782,mediawiki,2020-09-25
DLA-2378-1,https://lwn.net/Articles/832784,openssl1.0,2020-09-25
DSA-4766-1,https://lwn.net/Articles/832485,rails,2020-09-24
DLA-2375-1,https://lwn.net/Articles/832033,inspircd,2020-09-20
DSA-4764-1,https://lwn.net/Articles/832034,inspircd,2020-09-18
DSA-4765-1,https://lwn.net/Articles/832035,modsecurity,2020-09-18
DLA-2374-1,https://lwn.net/Articles/831573,gnome-shell,2020-09-15
DSA-4763-1,https://lwn.net/Articles/831574,teeworlds,2020-09-14
DLA-2373-1,https://lwn.net/Articles/831478,qemu,2020-09-14
DLA-2372-1,https://lwn.net/Articles/831477,libproxy,2020-09-12
DLA-2370-1,https://lwn.net/Articles/831259,python-pip,2020-09-11
DLA-2371-1,https://lwn.net/Articles/831479,wordpress,2020-09-11
DLA-2369-1,https://lwn.net/Articles/831170,libxml2,2020-09-10
DLA-2368-1,https://lwn.net/Articles/831046,grunt,2020-09-09
DLA-2367-1,https://lwn.net/Articles/830924,lemonldap-ng,2020-09-07
DSA-4761-1,https://lwn.net/Articles/830926,zeromq3,2020-09-07
DLA-2366-1,https://lwn.net/Articles/830923,imagemagick,2020-09-07
DSA-4762-1,https://lwn.net/Articles/830925,lemonldap-ng,2020-09-07
DSA-4760-1,https://lwn.net/Articles/830829,qemu,2020-09-06
DLA-2364-1,https://lwn.net/Articles/830827,netty,2020-09-04
DLA-2365-1,https://lwn.net/Articles/830828,netty-3.9,2020-09-04
DSA-4759-1,https://lwn.net/Articles/830826,ark,2020-09-04
DSA-4758-1,https://lwn.net/Articles/830831,xorg-server,2020-09-04
DLA-2278-3,https://lwn.net/Articles/830830,squid3,2020-09-04
DLA-2362-1,https://lwn.net/Articles/830476,uwsgi,2020-09-03
DLA-2363-1,https://lwn.net/Articles/830475,asyncpg,2020-09-03
DLA-2361-1,https://lwn.net/Articles/830238,libx11,2020-09-01
DLA-2360-1,https://lwn.net/Articles/830109,thunderbird,2020-08-31
DSA-4757-1,https://lwn.net/Articles/830237,apache2,2020-08-31
DLA-2359-1,https://lwn.net/Articles/830111,xorg-server,2020-08-30
DLA-2358-1,https://lwn.net/Articles/830101,openexr,2020-08-30
DLA-2356-1,https://lwn.net/Articles/830096,freerdp,2020-08-30
DLA-2357-1,https://lwn.net/Articles/830108,ros-actionlib,2020-08-30
DSA-4754-1,https://lwn.net/Articles/830110,thunderbird,2020-08-29
DLA-2350-1,https://lwn.net/Articles/830106,php-horde-kronolith,2020-08-29
DLA-2354-1,https://lwn.net/Articles/830100,ndpi,2020-08-29
DLA-2349-1,https://lwn.net/Articles/830103,php-horde,2020-08-29
DSA-4755-1,https://lwn.net/Articles/830102,openexr,2020-08-29
DLA-2353-1,https://lwn.net/Articles/830094,bacula,2020-08-29
DLA-2355-1,https://lwn.net/Articles/830095,bind9,2020-08-29
DLA-2351-1,https://lwn.net/Articles/830107,php-horde-kronolith,2020-08-29
DSA-4756-1,https://lwn.net/Articles/830098,lilypond,2020-08-29
DSA-4753-1,https://lwn.net/Articles/830099,mupdf,2020-08-29
DLA-2348-1,https://lwn.net/Articles/830104,php-horde-core,2020-08-29
DLA-2352-1,https://lwn.net/Articles/830105,php-horde-gollem,2020-08-29
DLA-2347-1,https://lwn.net/Articles/830097,libvncserver,2020-08-28
DSA-4751-1,https://lwn.net/Articles/829823,squid,2020-08-27
DSA-4752-1,https://lwn.net/Articles/829822,bind9,2020-08-27
DLA-2346-1,https://lwn.net/Articles/829664,firefox-esr,2020-08-27
DSA-4749-1,https://lwn.net/Articles/829587,firefox-esr,2020-08-26
DLA-2345-1,https://lwn.net/Articles/829589,php7.0,2020-08-26
DSA-4750-1,https://lwn.net/Articles/829665,nginx,2020-08-26
DLA-2338-2,https://lwn.net/Articles/829590,proftpd-dfsg,2020-08-25
DSA-4748-1,https://lwn.net/Articles/829588,ghostscript,2020-08-25
DLA-2344-1,https://lwn.net/Articles/829529,mongodb,2020-08-24
DLA-2342-1,https://lwn.net/Articles/829470,libjackson-json-java,2020-08-24
DLA-2341-1,https://lwn.net/Articles/829469,inetutils,2020-08-24
DLA-2343-1,https://lwn.net/Articles/829528,icingaweb2,2020-08-24
DSA-4747-1,https://lwn.net/Articles/829468,icingaweb2,2020-08-23
DLA-2336-1,https://lwn.net/Articles/829467,firejail,2020-08-22
DLA-2340-1,https://lwn.net/Articles/829474,sqlite3,2020-08-22
DLA-2338-1,https://lwn.net/Articles/829471,proftpd-dfsg,2020-08-22
DLA-2337-1,https://lwn.net/Articles/829472,python2.7,2020-08-22
DLA-2339-1,https://lwn.net/Articles/829473,software-properties,2020-08-22
DLA-2335-1,https://lwn.net/Articles/829273,ghostscript,2020-08-20
DLA-2333-1,https://lwn.net/Articles/829066,imagemagick,2020-08-19
DLA-2334-1,https://lwn.net/Articles/829067,ruby-websocket-extensions,2020-08-19
DLA-2331-1,https://lwn.net/Articles/828919,posgresql-9.6,2020-08-17
DLA-2332-1,https://lwn.net/Articles/829004,sane-backends,2020-08-17
DLA-2330-1,https://lwn.net/Articles/828915,jruby,2020-08-16
DLA-2329-1,https://lwn.net/Articles/828916,libetpan,2020-08-16
DLA-2327-1,https://lwn.net/Articles/828917,lucene-solr,2020-08-16
DLA-2326-1,https://lwn.net/Articles/828914,htmlunit,2020-08-15
DSA-4746-1,https://lwn.net/Articles/828918,net-snmp,2020-08-15
DLA-2328-1,https://lwn.net/Articles/828913,dovecot,2020-08-15
DLA-2278-2,https://lwn.net/Articles/828800,squid3,2020-08-13
DLA-2325-1,https://lwn.net/Articles/828736,openjdk-8,2020-08-13
DLA-2323-1,https://lwn.net/Articles/828734,linux-4.19,2020-08-12
DSA-4745-1,https://lwn.net/Articles/828661,dovecot,2020-08-12
DLA-2324-1,https://lwn.net/Articles/828735,linux-latest-4.19,2020-08-12
DSA-4744-1,https://lwn.net/Articles/828663,roundcube,2020-08-12
DLA-2322-1,https://lwn.net/Articles/828662,roundcube,2020-08-11
DLA-2321-1,https://lwn.net/Articles/828526,firmware-nonfree,2020-08-11
DLA-2320-1,https://lwn.net/Articles/828527,golang-github-seccomp-libseccomp-golang,2020-08-11
DSA-4743-1,https://lwn.net/Articles/828528,ruby-kramdown,2020-08-10
DLA-2318-1,https://lwn.net/Articles/828451,wpa,2020-08-09
DLA-2319-1,https://lwn.net/Articles/828452,xrdp,2020-08-09
DLA-2316-1,https://lwn.net/Articles/828450,ruby-kramdown,2020-08-09
DLA-2317-1,https://lwn.net/Articles/828449,pillow,2020-08-08
DLA-2314-1,https://lwn.net/Articles/828195,clamav,2020-08-06
DLA-2315-1,https://lwn.net/Articles/828279,gupnp,2020-08-06
DSA-4742-1,https://lwn.net/Articles/828278,firejail,2020-08-06
DSA-4741-1,https://lwn.net/Articles/828196,json-c,2020-08-05
DLA-2313-1,https://lwn.net/Articles/828087,net-snmp,2020-08-04
DLA-2312-1,https://lwn.net/Articles/827993,libx11,2020-08-04
DLA-2309-1,https://lwn.net/Articles/827862,evolution-data-server,2020-08-03
DLA-2310-1,https://lwn.net/Articles/827869,thunderbird,2020-08-03
DLA-2311-1,https://lwn.net/Articles/827995,zabbix,2020-08-03
DSA-4739-1,https://lwn.net/Articles/827994,webkit2gtk,2020-08-03
DLA-2307-1,https://lwn.net/Articles/827868,ruby-zip,2020-08-02
DSA-4740-1,https://lwn.net/Articles/827870,thunderbird,2020-08-02
DLA-2308-1,https://lwn.net/Articles/827864,libopenmpt,2020-08-02
DLA-2306-1,https://lwn.net/Articles/827866,libphp-phpmailer,2020-08-02
DLA-2304-1,https://lwn.net/Articles/827865,libpam-radius-auth,2020-08-01
DLA-2305-1,https://lwn.net/Articles/827871,transmission,2020-08-01
DLA-2303-1,https://lwn.net/Articles/827867,libssh,2020-08-01
DLA-2302-1,https://lwn.net/Articles/827863,libjpeg-turbo,2020-07-31
DLA-2293-1,https://lwn.net/Articles/827684,mercurial,2020-07-31
DSA-4738-1,https://lwn.net/Articles/827861,ark,2020-07-31
DSA-4735-2,https://lwn.net/Articles/827683,grub2,2020-07-30
DLA-2300-1,https://lwn.net/Articles/827542,kdepim-runtime,2020-07-30
DLA-2301-1,https://lwn.net/Articles/827541,json-c,2020-07-30
DLA-2299-1,https://lwn.net/Articles/827544,net-snmp,2020-07-30
DSA-4736-1,https://lwn.net/Articles/827539,firefox-esr,2020-07-29
DLA-2297-1,https://lwn.net/Articles/827354,firefox-esr,2020-07-29
DSA-4735-1,https://lwn.net/Articles/827540,grub2,2020-07-29
DSA-4737-1,https://lwn.net/Articles/827545,xrdp,2020-07-29
DLA-2298-1,https://lwn.net/Articles/827543,libapache2-mod-auth-openidc,2020-07-29
DLA-2295-1,https://lwn.net/Articles/827353,curl,2020-07-28
DLA-2296-1,https://lwn.net/Articles/827355,luajit,2020-07-28
DLA-2294-1,https://lwn.net/Articles/827356,salt,2020-07-28
DLA-2292-1,https://lwn.net/Articles/827082,milkytracker,2020-07-27
DLA-2291-1,https://lwn.net/Articles/827081,ffmpeg,2020-07-27
DSA-4734-1,https://lwn.net/Articles/827084,openjdk-11,2020-07-26
DLA-2289-1,https://lwn.net/Articles/827083,mupdf,2020-07-26
DLA-2290-1,https://lwn.net/Articles/827080,e2fsprogs,2020-07-26
DLA-2288-1,https://lwn.net/Articles/827085,qemu,2020-07-26
DSA-4733-1,https://lwn.net/Articles/826945,qemu,2020-07-24
DLA-2287-1,https://lwn.net/Articles/826818,poppler,2020-07-23
DLA-2286-1,https://lwn.net/Articles/826819,tomcat8,2020-07-22
DLA-2285-1,https://lwn.net/Articles/826695,librsvg,2020-07-22
DSA-4732-1,https://lwn.net/Articles/826696,squid,2020-07-21
DLA-2284-1,https://lwn.net/Articles/826582,ksh,2020-07-21
DLA-2282-1,https://lwn.net/Articles/826491,rails,2020-07-20
DLA-2283-1,https://lwn.net/Articles/826488,nginx,2020-07-20
DSA-4730-1,https://lwn.net/Articles/826493,ruby-sanitize,2020-07-19
DSA-4729-1,https://lwn.net/Articles/826487,libopenmpt,2020-07-19
DSA-4728-1,https://lwn.net/Articles/826490,qemu,2020-07-19
DSA-4731-1,https://lwn.net/Articles/826492,redis,2020-07-19
DSA-4727-1,https://lwn.net/Articles/826494,tomcat9,2020-07-17
DSA-4726-1,https://lwn.net/Articles/826489,nss,2020-07-17
DLA-2281-1,https://lwn.net/Articles/826265,evolution-data-server,2020-07-16
DSA-4724-1,https://lwn.net/Articles/826267,webkit2gtk,2020-07-15
DLA-2280-1,https://lwn.net/Articles/826152,python3.5,2020-07-15
DSA-4725-1,https://lwn.net/Articles/826266,evolution-data-server,2020-07-15
DSA-4714-3,https://lwn.net/Articles/826004,chromium,2020-07-13
DLA-2279-1,https://lwn.net/Articles/826009,tomcat8,2020-07-12
DSA-4723-1,https://lwn.net/Articles/826010,xen,2020-07-12
DLA-2276-1,https://lwn.net/Articles/826005,mailman,2020-07-11
DLA-2275-1,https://lwn.net/Articles/826007,ruby-rack,2020-07-11
DLA-2277-1,https://lwn.net/Articles/826006,openjpeg2,2020-07-11
DLA-2278-1,https://lwn.net/Articles/826008,squid3,2020-07-10
DLA-2274-1,https://lwn.net/Articles/825704,fwupd,2020-07-09
DSA-4721-1,https://lwn.net/Articles/825705,ruby2.5,2020-07-08
DSA-4720-1,https://lwn.net/Articles/825549,roundcube,2020-07-08
DLA-2273-1,https://lwn.net/Articles/825706,shiro,2020-07-08
DSA-4722-1,https://lwn.net/Articles/825703,ffmpeg,2020-07-08
DSA-4719-1,https://lwn.net/Articles/825472,php7.3,2020-07-06
DSA-4718-1,https://lwn.net/Articles/825378,thunderbird,2020-07-05
DSA-4717-1,https://lwn.net/Articles/825377,php7.0,2020-07-05
DSA-4714-2,https://lwn.net/Articles/825376,chromium,2020-07-04
DSA-4715-1,https://lwn.net/Articles/825166,imagemagick,2020-07-02
DSA-4716-1,https://lwn.net/Articles/825165,docker.io,2020-07-02
DLA-2269-1,https://lwn.net/Articles/824944,wordpress,2020-07-01
DLA-2270-1,https://lwn.net/Articles/824939,jackson-databind,2020-07-01
DLA-2271-1,https://lwn.net/Articles/824937,coturn,2020-07-01
DLA-2269-1,https://lwn.net/Articles/824944,wordpress,2020-07-01
DLA-2270-1,https://lwn.net/Articles/824939,jackson-databind,2020-07-01
DSA-4712-1,https://lwn.net/Articles/824938,imagemagick,2020-06-30
DLA-2267-1,https://lwn.net/Articles/824940,libmatio,2020-06-30
DLA-2265-1,https://lwn.net/Articles/824805,mailman,2020-06-30
DLA-2268-2,https://lwn.net/Articles/824942,mutt,2020-06-30
DLA-2266-1,https://lwn.net/Articles/824943,nss,2020-06-30
DLA-2263-1,https://lwn.net/Articles/824803,drupal7,2020-06-30
DLA-2264-1,https://lwn.net/Articles/824804,libvncserver,2020-06-30
DLA-2268-1,https://lwn.net/Articles/824941,mutt,2020-06-30
DLA-2262-1,https://lwn.net/Articles/824807,qemu,2020-06-29
DSA-4711-1,https://lwn.net/Articles/824802,coturn,2020-06-29
DLA-2261-1,https://lwn.net/Articles/824806,php5,2020-06-29
DLA-2255-1,https://lwn.net/Articles/824687,libtasn1-6,2020-06-28
DLA-2256-1,https://lwn.net/Articles/824688,libtirpc,2020-06-28
DLA-2260-1,https://lwn.net/Articles/824689,mcabber,2020-06-28
DLA-2259-1,https://lwn.net/Articles/824690,picocom,2020-06-28
DLA-2258-1,https://lwn.net/Articles/824693,zziplib,2020-06-28
DLA-2257-1,https://lwn.net/Articles/824691,pngquant,2020-06-28
DSA-4710-1,https://lwn.net/Articles/824692,trafficserver,2020-06-27
DLA-2254-1,https://lwn.net/Articles/824557,alpine,2020-06-25
DSA-4709-1,https://lwn.net/Articles/824241,wordpress,2020-06-23
DSA-4708-1,https://lwn.net/Articles/824098,neomutt,2020-06-21
DLA-2252-1,https://lwn.net/Articles/824099,ngircd,2020-06-21
DLA-2253-1,https://lwn.net/Articles/824096,lynis,2020-06-21
DLA-2251-1,https://lwn.net/Articles/824100,rails,2020-06-19
DSA-4707-1,https://lwn.net/Articles/824097,mutt,2020-06-19
DSA-4706-1,https://lwn.net/Articles/823695,drupal7,2020-06-18
DLA-2250-1,https://lwn.net/Articles/823448,drupal7,2020-06-18
DSA-4705-1,https://lwn.net/Articles/823449,python-django,2020-06-18
DSA-4704-1,https://lwn.net/Articles/823274,vlc,2020-06-16
DLA-2248-1,https://lwn.net/Articles/823063,intel-microcode,2020-06-13
DLA-2249-1,https://lwn.net/Articles/823064,libexif,2020-06-13
DLA-2247-1,https://lwn.net/Articles/822941,thunderbird,2020-06-12
DLA-2246-1,https://lwn.net/Articles/822942,xawtv,2020-06-12
DLA-2233-2,https://lwn.net/Articles/822940,python-django,2020-06-12
DLA-2245-1,https://lwn.net/Articles/822939,mysql-connector-java,2020-06-11
DSA-4700-1,https://lwn.net/Articles/822802,roundcube,2020-06-11
DSA-4701-1,https://lwn.net/Articles/822937,intel-microcode,2020-06-11
DSA-4703-1,https://lwn.net/Articles/823065,mysql-connector-java,2020-06-11
DLA-2244-1,https://lwn.net/Articles/822938,libphp-phpmailer,2020-06-11
DSA-4702-1,https://lwn.net/Articles/823066,thunderbird,2020-06-11
DLA-2241-2,https://lwn.net/Articles/822679,kernel,2020-06-10
DLA-2242-1,https://lwn.net/Articles/822682,linux-4.9,2020-06-10
DLA-2240-1,https://lwn.net/Articles/822675,bluez,2020-06-09
DLA-2241-1,https://lwn.net/Articles/822678,kernel,2020-06-09
DSA-4698-1,https://lwn.net/Articles/822680,kernel,2020-06-09
DSA-4699-1,https://lwn.net/Articles/822681,kernel,2020-06-09
DLA-2243-1,https://lwn.net/Articles/822676,firefox-esr,2020-06-09
DLA-2243-1,https://lwn.net/Articles/822677,firefox-esr,2020-06-09
DLA-2239-1,https://lwn.net/Articles/822573,libpam-tacplus,2020-06-08
DLA-2238-1,https://lwn.net/Articles/822470,libupnp,2020-06-08
DLA-2236-1,https://lwn.net/Articles/822469,graphicsmagick,2020-06-07
DLA-2237-1,https://lwn.net/Articles/822466,cups,2020-06-07
DSA-4696-1,https://lwn.net/Articles/822471,nodejs,2020-06-06
DSA-4697-1,https://lwn.net/Articles/822468,gnutls28,2020-06-06
DLA-2235-1,https://lwn.net/Articles/822467,dbus,2020-06-05
DLA-2234-1,https://lwn.net/Articles/822303,netqmail,2020-06-04
DLA-2233-1,https://lwn.net/Articles/822304,python-django,2020-06-04
DSA-4695-1,https://lwn.net/Articles/822214,firefox-esr,2020-06-03
DLA-2231-1,https://lwn.net/Articles/821917,sane-backends,2020-06-01
DLA-2232-1,https://lwn.net/Articles/822016,python-httplib2,2020-06-01
DLA-2228-1,https://lwn.net/Articles/821912,json-c,2020-05-31
DLA-2228-2,https://lwn.net/Articles/821913,json-c,2020-05-31
DLA-2230-1,https://lwn.net/Articles/821914,php-horde,2020-05-31
DLA-2229-1,https://lwn.net/Articles/821915,php-horde-gollem,2020-05-31
DLA-2224-1,https://lwn.net/Articles/821909,dosfstools,2020-05-30
DLA-2227-1,https://lwn.net/Articles/821908,bind9,2020-05-30
DLA-2226-1,https://lwn.net/Articles/821911,gst-plugins-ugly0.10,2020-05-30
DLA-2225-1,https://lwn.net/Articles/821910,gst-plugins-good0.10,2020-05-30
DLA-2223-1,https://lwn.net/Articles/821916,salt,2020-05-30
DLA-2222-1,https://lwn.net/Articles/821779,libexif,2020-05-28
DLA-2209-1,https://lwn.net/Articles/821780,tomcat8,2020-05-28
DLA-2221-1,https://lwn.net/Articles/821428,sqlite3,2020-05-26
DSA-4694-1,https://lwn.net/Articles/821517,unbound,2020-05-26
DSA-4693-1,https://lwn.net/Articles/821516,drupal7,2020-05-26
DLA-2220-1,https://lwn.net/Articles/821295,cracklib2,2020-05-24
DSA-4692-1,https://lwn.net/Articles/821297,netqmail,2020-05-24
DLA-2218-1,https://lwn.net/Articles/821300,transmission,2020-05-24
DLA-2219-1,https://lwn.net/Articles/821296,feh,2020-05-24
DLA-2217-1,https://lwn.net/Articles/821299,tomcat7,2020-05-23
DLA-2216-1,https://lwn.net/Articles/821298,ruby-rack,2020-05-23
DSA-4691-1,https://lwn.net/Articles/821189,pdns-recursor,2020-05-21
DLA-2215-1,https://lwn.net/Articles/820929,clamav,2020-05-20
DSA-4690-1,https://lwn.net/Articles/821080,dovecot,2020-05-20
DSA-4689-1,https://lwn.net/Articles/820928,bind9,2020-05-19
DLA-2213-1,https://lwn.net/Articles/820847,exim4,2020-05-18
DLA-2214-1,https://lwn.net/Articles/820774,libexif,2020-05-18
DSA-4688-1,https://lwn.net/Articles/820846,dpdk,2020-05-18
DLA-2212-1,https://lwn.net/Articles/820775,openconnect,2020-05-16
DSA-4687-1,https://lwn.net/Articles/820773,exim4,2020-05-16
DLA-2211-1,https://lwn.net/Articles/820612,log4net,2020-05-15
DSA-4686-1,https://lwn.net/Articles/820772,apache-log4j1.2,2020-05-15
DLA-2210-1,https://lwn.net/Articles/820610,apt,2020-05-15
DLA-2176-1,https://lwn.net/Articles/820611,inetutils,2020-05-14
DSA-4685-1,https://lwn.net/Articles/820499,apt,2020-05-14
DSA-4684-1,https://lwn.net/Articles/820500,libreswan,2020-05-13
DLA-2208-1,https://lwn.net/Articles/820156,wordpress,2020-05-11
DLA-2207-1,https://lwn.net/Articles/820152,libntlm,2020-05-10
DLA-2206-1,https://lwn.net/Articles/820154,thunderbird,2020-05-09
DSA-4683-1,https://lwn.net/Articles/820155,thunderbird,2020-05-08
DSA-4682-1,https://lwn.net/Articles/820153,squid,2020-05-08
DLA-2205-1,https://lwn.net/Articles/819937,firefox-esr,2020-05-08
DSA-4681-1,https://lwn.net/Articles/819939,webkit2gtk,2020-05-07
DSA-4676-2,https://lwn.net/Articles/819938,salt,2020-05-07
DLA-2204-1,https://lwn.net/Articles/819737,mailman,2020-05-07
DSA-4677-1,https://lwn.net/Articles/819591,wordpress,2020-05-06
DSA-4680-1,https://lwn.net/Articles/819738,tomcat9,2020-05-06
DSA-4678-1,https://lwn.net/Articles/819735,firefox-esr,2020-05-06
DSA-4676-1,https://lwn.net/Articles/819589,salt,2020-05-06
DSA-4679-1,https://lwn.net/Articles/819736,keystone,2020-05-06
DSA-4674-1,https://lwn.net/Articles/819492,roundcube,2020-05-05
DLA-2203-1,https://lwn.net/Articles/819590,sqlite3,2020-05-05
DLA-2202-1,https://lwn.net/Articles/819490,ansible,2020-05-05
DSA-4675-1,https://lwn.net/Articles/819588,graphicsmagick,2020-05-05
DLA-2201-1,https://lwn.net/Articles/819491,ntp,2020-05-05
DSA-4673-1,https://lwn.net/Articles/819366,tomcat8,2020-05-03
DLA-2200-1,https://lwn.net/Articles/819363,mailman,2020-05-03
DLA-2196-2,https://lwn.net/Articles/819365,pound,2020-05-03
DLA-2199-1,https://lwn.net/Articles/819364,openldap,2020-05-02
DSA-4672-1,https://lwn.net/Articles/819367,trafficserver,2020-05-01
DLA-2198-1,https://lwn.net/Articles/819177,otrs2,2020-05-01
DLA-2192-1,https://lwn.net/Articles/819179,ruby2.1,2020-05-01
DLA-2191-1,https://lwn.net/Articles/819175,dom4j,2020-05-01
DLA-2194-1,https://lwn.net/Articles/819182,yodl,2020-04-30
DLA-2196-1,https://lwn.net/Articles/819178,pound,2020-04-30
DSA-4671-1,https://lwn.net/Articles/819180,vlc,2020-04-30
DLA-2197-1,https://lwn.net/Articles/819176,miniupnpc,2020-04-30
DLA-2195-1,https://lwn.net/Articles/819181,w3m,2020-04-30
DSA-4670-1,https://lwn.net/Articles/819033,tiff,2020-04-29
DSA-4669-1,https://lwn.net/Articles/819032,nodejs,2020-04-29
DLA-2190-1,https://lwn.net/Articles/818803,ruby-json,2020-04-28
DLA-2193-1,https://lwn.net/Articles/818934,openjdk-7,2020-04-28
DSA-4666-1,https://lwn.net/Articles/818936,openldap,2020-04-28
DSA-4667-1,https://lwn.net/Articles/818933,kernel,2020-04-28
DSA-4668-1,https://lwn.net/Articles/818935,openjdk-8,2020-04-28
DSA-4665-1,https://lwn.net/Articles/818802,qemu,2020-04-27
DLA-2188-1,https://lwn.net/Articles/818722,php5,2020-04-26
DLA-2189-1,https://lwn.net/Articles/818725,rzip,2020-04-26
DSA-4664-1,https://lwn.net/Articles/818719,mailman,2020-04-26
DSA-4663-1,https://lwn.net/Articles/818723,python-reportlab,2020-04-25
DLA-2187-1,https://lwn.net/Articles/818724,radicale,2020-04-25
DLA-2186-1,https://lwn.net/Articles/818720,ncmpc,2020-04-25
DLA-2185-1,https://lwn.net/Articles/818716,eog,2020-04-25
DLA-2183-1,https://lwn.net/Articles/818718,libgsf,2020-04-25
DLA-2184-1,https://lwn.net/Articles/818717,jsch,2020-04-25
DSA-4662-1,https://lwn.net/Articles/818721,openjdk-11,2020-04-24
DLA-2182-1,https://lwn.net/Articles/818550,git,2020-04-23
DSA-4660-1,https://lwn.net/Articles/818160,awl,2020-04-21
DSA-4661-1,https://lwn.net/Articles/818162,openssl,2020-04-21
DSA-4659-1,https://lwn.net/Articles/818161,git,2020-04-20
DLA-2181-1,https://lwn.net/Articles/817970,shiro,2020-04-19
DLA-2179-1,https://lwn.net/Articles/817969,jackson-databind,2020-04-18
DLA-2180-1,https://lwn.net/Articles/817968,file-roller,2020-04-18
DLA-2178-1,https://lwn.net/Articles/817967,awl,2020-04-18
DSA-4658-1,https://lwn.net/Articles/817705,webkit2gtk,2020-04-16
DLA-2177-1,https://lwn.net/Articles/817538,git,2020-04-15
DLA-2175-1,https://lwn.net/Articles/817542,php-horde-trean,2020-04-14
DLA-2174-1,https://lwn.net/Articles/817541,php-horde-data,2020-04-14
DLA-2173-1,https://lwn.net/Articles/817540,graphicsmagick,2020-04-14
DSA-4657-1,https://lwn.net/Articles/817539,git,2020-04-14
DLA-2172-1,https://lwn.net/Articles/817461,thunderbird,2020-04-14
DSA-4656-1,https://lwn.net/Articles/817462,thunderbird,2020-04-13
DLA-2171-1,https://lwn.net/Articles/817113,ceph,2020-04-09
DSA-4654-1,https://lwn.net/Articles/817042,chromium,2020-04-08
DLA-2170-1,https://lwn.net/Articles/817043,firefox-esr,2020-04-08
DSA-4655-1,https://lwn.net/Articles/817114,firefox-esr,2020-04-08
DLA-2169-1,https://lwn.net/Articles/816862,libmtp,2020-04-05
DSA-4653-1,https://lwn.net/Articles/816860,firefox-esr,2020-04-04
DSA-4652-1,https://lwn.net/Articles/816861,gnutls28,2020-04-04
DLA-2168-1,https://lwn.net/Articles/816620,libplist,2020-04-02
DSA-4650-1,https://lwn.net/Articles/816737,qbittorrent,2020-04-02
DSA-4651-1,https://lwn.net/Articles/816736,mediawiki,2020-04-02
DSA-4649-1,https://lwn.net/Articles/816619,haproxy,2020-04-02
DLA-2167-1,https://lwn.net/Articles/816621,python-bleach,2020-04-01
DLA-2166-1,https://lwn.net/Articles/816483,libpam-krb5,2020-04-01
DLA-2164-1,https://lwn.net/Articles/816482,gst-plugins-bad0.10,2020-03-31
DSA-4648-1,https://lwn.net/Articles/816484,libpam-krb5,2020-03-31
DLA-2163-1,https://lwn.net/Articles/816356,tinyproxy,2020-03-31
DLA-2165-1,https://lwn.net/Articles/816481,apng2gif,2020-03-31
DLA-2162-1,https://lwn.net/Articles/816242,php-horde-form,2020-03-29
DLA-2161-1,https://lwn.net/Articles/816243,tika,2020-03-28
DLA-2160-1,https://lwn.net/Articles/816112,php5,2020-03-26
DSA-4647-1,https://lwn.net/Articles/816111,bluez,2020-03-26
DLA-2158-1,https://lwn.net/Articles/815925,ruby2.1,2020-03-25
DLA-2159-1,https://lwn.net/Articles/816024,okular,2020-03-25
DSA-4646-1,https://lwn.net/Articles/816023,icu,2020-03-25
DLA-2155-1,https://lwn.net/Articles/815867,tomcat8,2020-03-24
DLA-2157-1,https://lwn.net/Articles/815926,weechat,2020-03-24
DLA-2156-1,https://lwn.net/Articles/815924,e2fsprogs,2020-03-24
DLA-2154-1,https://lwn.net/Articles/815788,phpmyadmin,2020-03-22
DLA-2153-1,https://lwn.net/Articles/815787,jackson-databind,2020-03-22
DSA-4645-1,https://lwn.net/Articles/815785,chromium,2020-03-22
DLA-2152-1,https://lwn.net/Articles/815786,graphicsmagick,2020-03-21
DSA-4643-1,https://lwn.net/Articles/815789,python-bleach,2020-03-20
DSA-4644-1,https://lwn.net/Articles/815790,tor,2020-03-20
DLA-2148-1,https://lwn.net/Articles/815784,amd64-microcode,2020-03-20
DLA-2150-1,https://lwn.net/Articles/815564,thunderbird,2020-03-20
DLA-2149-1,https://lwn.net/Articles/815563,rails,2020-03-20
DLA-2151-1,https://lwn.net/Articles/815562,icu,2020-03-20
DSA-4642-1,https://lwn.net/Articles/815565,thunderbird,2020-03-19
DLA-2147-1,https://lwn.net/Articles/815419,gdal,2020-03-19
DLA-2145-2,https://lwn.net/Articles/815566,twisted,2020-03-19
DLA-2146-1,https://lwn.net/Articles/815296,libvncserver,2020-03-18
DLA-2145-1,https://lwn.net/Articles/815297,twisted,2020-03-17
DSA-4641-1,https://lwn.net/Articles/815181,webkit2gtk,2020-03-16
DLA-2143-1,https://lwn.net/Articles/815050,slurm-llnl,2020-03-16
DLA-2144-1,https://lwn.net/Articles/815049,qemu,2020-03-16
DSA-4640-1,https://lwn.net/Articles/815048,graphicsmagick,2020-03-15
DLA-2142-1,https://lwn.net/Articles/814788,slirp,2020-03-13
DLA-2141-1,https://lwn.net/Articles/814789,yubikey-val,2020-03-13
DLA-2139-1,https://lwn.net/Articles/814635,dojo,2020-03-12
DLA-2137-1,https://lwn.net/Articles/814638,sleuthkit,2020-03-11
DLA-2138-1,https://lwn.net/Articles/814639,wpa,2020-03-11
DLA-2140-1,https://lwn.net/Articles/814636,firefox-esr,2020-03-11
DSA-4639-1,https://lwn.net/Articles/814637,firefox-esr,2020-03-11
DSA-4638-1,https://lwn.net/Articles/814560,chromium,2020-03-10
DSA-4637-1,https://lwn.net/Articles/814478,network-manager-ssh,2020-03-09
DLA-2136-1,https://lwn.net/Articles/814477,libvpx,2020-03-09
DLA-2135-1,https://lwn.net/Articles/814023,jackson-databind,2020-03-06
DLA-2134-1,https://lwn.net/Articles/814024,pdfresurrect,2020-03-05
DLA-2133-1,https://lwn.net/Articles/813882,tomcat7,2020-03-04
DLA-2131-2,https://lwn.net/Articles/813738,rrdtool,2020-03-03
DLA-2132-1,https://lwn.net/Articles/813783,libzypp,2020-03-03
DLA-2115-2,https://lwn.net/Articles/813737,proftpd-dfsg,2020-03-02
DLA-2117-1,https://lwn.net/Articles/813739,zsh,2020-03-02
DLA-2131-1,https://lwn.net/Articles/813657,rrdtool,2020-03-02
DLA-2114-1,https://lwn.net/Articles/813736,linux-4.9,2020-03-02
DLA-2128-1,https://lwn.net/Articles/813654,openjdk-7,2020-02-29
DLA-2129-1,https://lwn.net/Articles/813651,firebird2.5,2020-02-29
DLA-2130-1,https://lwn.net/Articles/813653,libapache2-mod-auth-openidc,2020-02-29
DLA-2127-1,https://lwn.net/Articles/813650,dojo,2020-02-29
DLA-2126-1,https://lwn.net/Articles/813652,gst-plugins-base0.10,2020-02-28
DSA-4636-1,https://lwn.net/Articles/813656,python-bleach,2020-02-28
DLA-2124-1,https://lwn.net/Articles/813655,php5,2020-02-28
DLA-2125-1,https://lwn.net/Articles/813649,collabtive,2020-02-28
DLA-2121-1,https://lwn.net/Articles/813504,libimobiledevice,2020-02-27
DLA-2122-1,https://lwn.net/Articles/813505,libusbmuxd,2020-02-27
DLA-2123-1,https://lwn.net/Articles/813506,pure-ftpd,2020-02-27
DSA-4635-1,https://lwn.net/Articles/813421,proftpd-dfsg,2020-02-26
DLA-2119-1,https://lwn.net/Articles/813323,python-pysaml2,2020-02-26
DSA-4634-1,https://lwn.net/Articles/813420,opensmtpd,2020-02-26
DLA-2120-1,https://lwn.net/Articles/813422,rake,2020-02-26
DLA-2118-1,https://lwn.net/Articles/813215,otrs2,2020-02-24
DSA-4633-1,https://lwn.net/Articles/813214,curl,2020-02-24
DSA-4632-1,https://lwn.net/Articles/813129,ppp,2020-02-22
DLA-2116-1,https://lwn.net/Articles/813127,libpam-radius-auth,2020-02-22
DSA-4631-1,https://lwn.net/Articles/813128,pillow,2020-02-21
DLA-2113-1,https://lwn.net/Articles/812986,cloud-init,2020-02-21
DLA-2115-1,https://lwn.net/Articles/813130,proftpd-dfsg,2020-02-21
DSA-4630-1,https://lwn.net/Articles/813131,python-pysaml2,2020-02-21
DLA-2111-1,https://lwn.net/Articles/812987,jackson-databind,2020-02-20
DLA-2112-1,https://lwn.net/Articles/812988,python-reportlab,2020-02-20
DSA-4629-1,https://lwn.net/Articles/812816,python-django,2020-02-19
DLA-2109-1,https://lwn.net/Articles/812909,netty,2020-02-19
DLA-2110-1,https://lwn.net/Articles/812910,netty-3.9,2020-02-19
DLA-2107-1,https://lwn.net/Articles/812735,spamassassin,2020-02-18
DLA-2108-1,https://lwn.net/Articles/812732,clamav,2020-02-18
DSA-4628-1,https://lwn.net/Articles/812815,php7.0,2020-02-18
DSA-4627-1,https://lwn.net/Articles/812736,webkit2gtk,2020-02-17
DLA-2105-1,https://lwn.net/Articles/812652,postgresql-9.4,2020-02-17
DLA-2104-1,https://lwn.net/Articles/812653,thunderbird,2020-02-17
DLA-2106-1,https://lwn.net/Articles/812733,libgd2,2020-02-17
DSA-4626-1,https://lwn.net/Articles/812734,php7.3,2020-02-17
DSA-4625-1,https://lwn.net/Articles/812654,thunderbird,2020-02-15
DSA-4624-1,https://lwn.net/Articles/812651,evince,2020-02-14
DLA-2102-1,https://lwn.net/Articles/812377,firefox-esr,2020-02-13
DLA-2103-1,https://lwn.net/Articles/812478,debian-security-support,2020-02-13
DSA-4623-1,https://lwn.net/Articles/812479,postgresql-11,2020-02-13
DSA-4622-1,https://lwn.net/Articles/812480,postgresql-9.6,2020-02-13
DSA-4621-1,https://lwn.net/Articles/812379,openjdk-8,2020-02-12
DSA-4620-1,https://lwn.net/Articles/812378,firefox-esr,2020-02-12
DLA-2101-1,https://lwn.net/Articles/812283,libemail-address-list-perl,2020-02-12
DLA-2099-1,https://lwn.net/Articles/812214,checkstyle,2020-02-10
DLA-2100-1,https://lwn.net/Articles/812072,libexif,2020-02-10
DLA-2097-1,https://lwn.net/Articles/812073,ppp,2020-02-09
DLA-2098-1,https://lwn.net/Articles/812071,ipmitool,2020-02-09
DSA-4618-1,https://lwn.net/Articles/811835,libexif,2020-02-06
DLA-2096-1,https://lwn.net/Articles/811666,ruby-rack-cors,2020-02-06
DSA-4619-1,https://lwn.net/Articles/811836,libxmlrpc3-java,2020-02-06
DLA-2095-1,https://lwn.net/Articles/811582,storebackup,2020-02-05
DSA-4617-1,https://lwn.net/Articles/811483,qtbase-opensource-src,2020-02-03
DSA-4616-1,https://lwn.net/Articles/811349,qemu,2020-02-02
DSA-4615-1,https://lwn.net/Articles/811351,spamassassin,2020-02-01
DLA-2094-1,https://lwn.net/Articles/811352,sudo,2020-02-01
DSA-4613-1,https://lwn.net/Articles/811346,libidn2,2020-02-01
DLA-2092-1,https://lwn.net/Articles/811350,qtbase-opensource-src,2020-02-01
DSA-4614-1,https://lwn.net/Articles/811353,sudo,2020-02-01
DLA-2093-1,https://lwn.net/Articles/811345,firefox-esr,2020-02-01
DSA-4612-1,https://lwn.net/Articles/811348,prosody-modules,2020-01-31
DLA-2090-1,https://lwn.net/Articles/811168,qemu,2020-01-31
DLA-2091-1,https://lwn.net/Articles/811347,libjackson-json-java,2020-01-31
DLA-2088-1,https://lwn.net/Articles/811165,libsolv,2020-01-30
DLA-2078-1,https://lwn.net/Articles/811166,libxmlrpc3-java,2020-01-30
DLA-2087-1,https://lwn.net/Articles/811169,suricata,2020-01-30
DLA-2089-1,https://lwn.net/Articles/811167,openjpeg2,2020-01-30
DSA-4610-1,https://lwn.net/Articles/811004,webkit2gtk,2020-01-29
DLA-2083-1,https://lwn.net/Articles/810863,hiredis,2020-01-29
DSA-4611-1,https://lwn.net/Articles/811003,opensmtpd,2020-01-29
DLA-2084-1,https://lwn.net/Articles/811002,graphicsmagick,2020-01-29
DSA-4610-1,https://lwn.net/Articles/811004,webkit2gtk,2020-01-29
DLA-2079-1,https://lwn.net/Articles/810864,otrs2,2020-01-29
DLA-2085-1,https://lwn.net/Articles/811006,zlib,2020-01-29
DLA-2077-1,https://lwn.net/Articles/810734,tomcat7,2020-01-28
DLA-2082-1,https://lwn.net/Articles/810865,unzip,2020-01-28
DLA-2081-1,https://lwn.net/Articles/810733,openjpeg2,2020-01-28
DLA-2080-1,https://lwn.net/Articles/810732,iperf3,2020-01-27
DLA-2076-1,https://lwn.net/Articles/810589,slirp,2020-01-26
DLA-2075-1,https://lwn.net/Articles/810588,jsoup,2020-01-26
DLA-2074-1,https://lwn.net/Articles/810448,python-apt,2020-01-23
DLA-2059-1,https://lwn.net/Articles/810446,git,2020-01-23
DSA-4609-1,https://lwn.net/Articles/810447,python-apt,2020-01-23
DLA-2073-1,https://lwn.net/Articles/810268,transfig,2020-01-21
DSA-4608-1,https://lwn.net/Articles/810267,tiff,2020-01-21
DLA-2072-1,https://lwn.net/Articles/810052,gpac,2020-01-20
DSA-4606-1,https://lwn.net/Articles/810051,chromium,2020-01-20
DSA-4607-1,https://lwn.net/Articles/810131,openconnect,2020-01-20
DLA-2071-1,https://lwn.net/Articles/810056,thunderbird,2020-01-20
DSA-4604-1,https://lwn.net/Articles/810050,cacti,2020-01-19
DSA-4605-1,https://lwn.net/Articles/810054,openjdk-11,2020-01-19
DLA-2070-1,https://lwn.net/Articles/810055,ruby-excon,2020-01-19
DLA-2068-1,https://lwn.net/Articles/810053,kernel,2020-01-18
DLA-2069-1,https://lwn.net/Articles/810049,cacti,2020-01-18
DSA-4603-1,https://lwn.net/Articles/810057,thunderbird,2020-01-17
DLA-2063-1,https://lwn.net/Articles/809755,debian-lan-config,2020-01-15
DLA-2060-1,https://lwn.net/Articles/809756,phpmyadmin,2020-01-15
DLA-2067-1,https://lwn.net/Articles/809474,wordpress,2020-01-14
DSA-4602-1,https://lwn.net/Articles/809475,xen,2020-01-13
DLA-2065-1,https://lwn.net/Articles/809283,apache-log4j1.2,2020-01-12
DLA-2064-1,https://lwn.net/Articles/809160,ldm,2020-01-10
DLA-2062-1,https://lwn.net/Articles/809162,sa-exim,2020-01-09
DLA-2061-1,https://lwn.net/Articles/809054,firefox-esr,2020-01-09
DSA-4601-1,https://lwn.net/Articles/809161,ldm,2020-01-09
DSA-4600-1,https://lwn.net/Articles/809055,firefox-esr,2020-01-09
DSA-4599-1,https://lwn.net/Articles/808960,wordpress,2020-01-08
DLA-2058-1,https://lwn.net/Articles/808871,nss,2020-01-07
DSA-4598-1,https://lwn.net/Articles/808959,python-django,2020-01-07
DLA-2057-1,https://lwn.net/Articles/808872,pillow,2020-01-06
DSA-4597-1,https://lwn.net/Articles/808615,netty,2020-01-03
DLA-1931-2,https://lwn.net/Articles/808384,libgcrypt20,2020-01-01
DLA-2053-1,https://lwn.net/Articles/808385,otrs2,2020-01-01
DLA-2056-1,https://lwn.net/Articles/808386,waitress,2020-01-01
DLA-2054-1,https://lwn.net/Articles/808383,jhead,2019-12-31
DLA-2055-1,https://lwn.net/Articles/808382,igraph,2019-12-31
DLA-2051-1,https://lwn.net/Articles/808310,intel-microcode,2019-12-30
DLA-2052-1,https://lwn.net/Articles/808311,libbsd,2019-12-30
DLA-2050-1,https://lwn.net/Articles/808228,php5,2019-12-29
DLA-2049-1,https://lwn.net/Articles/808224,imagemagick,2019-12-29
DLA-2048-1,https://lwn.net/Articles/808225,libxml2,2019-12-28
DSA-4596-1,https://lwn.net/Articles/808229,tomcat8,2019-12-27
DSA-4592-1,https://lwn.net/Articles/808226,mediawiki,2019-12-27
DSA-4595-1,https://lwn.net/Articles/808222,debian-lan-config,2019-12-27
DSA-4594-1,https://lwn.net/Articles/808227,openssl1.0,2019-12-27
DSA-4593-1,https://lwn.net/Articles/808223,freeimage,2019-12-27
DLA-2046-1,https://lwn.net/Articles/808110,opensc,2019-12-25
DLA-2038-2,https://lwn.net/Articles/808011,x2goclient,2019-12-22
DLA-2047-1,https://lwn.net/Articles/808007,cups,2019-12-22
DLA-2045-1,https://lwn.net/Articles/808010,tightvnc,2019-12-21
DSA-4591-1,https://lwn.net/Articles/808009,cyrus-sasl2,2019-12-20
DLA-2044-1,https://lwn.net/Articles/808008,cyrus-sasl2,2019-12-20
DLA-2043-2,https://lwn.net/Articles/807837,gdk-pixbuf,2019-12-20
DLA-2043-1,https://lwn.net/Articles/807838,gdk-pixbuf,2019-12-19
DSA-4590-1,https://lwn.net/Articles/807836,cyrus-imapd,2019-12-19
DSA-4589-1,https://lwn.net/Articles/807688,debian-edu-config,2019-12-18
DLA-2041-1,https://lwn.net/Articles/807586,debian-edu-config,2019-12-18
DLA-2042-1,https://lwn.net/Articles/807689,python-django,2019-12-18
DLA-2038-1,https://lwn.net/Articles/807491,libssh,2019-12-17
DSA-4587-1,https://lwn.net/Articles/807492,ruby2.3,2019-12-17
DSA-4588-1,https://lwn.net/Articles/807589,python-ecdsa,2019-12-17
DSA-4586-1,https://lwn.net/Articles/807493,ruby2.5,2019-12-17
DLA-2039-1,https://lwn.net/Articles/807588,libvorbis,2019-12-17
DLA-2040-1,https://lwn.net/Articles/807587,harfbuzz,2019-12-17
DLA-2036-1,https://lwn.net/Articles/807385,thunderbird,2019-12-16
DLA-2037-1,https://lwn.net/Articles/807382,spamassassin,2019-12-16
DLA-2035-1,https://lwn.net/Articles/807380,libpgf,2019-12-15
DSA-4585-1,https://lwn.net/Articles/807386,thunderbird,2019-12-15
DLA-2034-1,https://lwn.net/Articles/807377,davical,2019-12-14
DSA-4584-1,https://lwn.net/Articles/807383,spamassassin,2019-12-14
DLA-2033-1,https://lwn.net/Articles/807381,php-horde,2019-12-13
DSA-4582-1,https://lwn.net/Articles/807378,davical,2019-12-13
DSA-4583-1,https://lwn.net/Articles/807384,spip,2019-12-13
DSA-4565-2,https://lwn.net/Articles/807379,intel-microcode,2019-12-13
DLA-2032-1,https://lwn.net/Articles/807052,cacti,2019-12-11
DLA-2028-1,https://lwn.net/Articles/806925,squid3,2019-12-10
DSA-4581-1,https://lwn.net/Articles/807054,git,2019-12-10
DLA-2030-1,https://lwn.net/Articles/807055,jackson-databind,2019-12-10
DLA-2029-1,https://lwn.net/Articles/806922,firefox-esr,2019-12-10
DLA-2027-1,https://lwn.net/Articles/806924,jruby,2019-12-10
DLA-2031-1,https://lwn.net/Articles/807053,freeimage,2019-12-10
DLA-2026-1,https://lwn.net/Articles/806783,htmldoc,2019-12-09
DSA-4580-1,https://lwn.net/Articles/806923,firefox-esr,2019-12-09
DLA-2024-1,https://lwn.net/Articles/806788,phpmyadmin,2019-12-08
DLA-2025-1,https://lwn.net/Articles/806787,openslp-dfsg,2019-12-08
DLA-2023-1,https://lwn.net/Articles/806786,openjdk-7,2019-12-07
DLA-2022-1,https://lwn.net/Articles/806784,librabbitmq,2019-12-06
DSA-4579-1,https://lwn.net/Articles/806785,nss,2019-12-06
DLA-2021-1,https://lwn.net/Articles/806523,libav,2019-12-05
DLA-2020-1,https://lwn.net/Articles/806274,libonig,2019-12-04
DLA-2019-1,https://lwn.net/Articles/806192,exiv2,2019-12-03
DLA-2017-2,https://lwn.net/Articles/806024,asterisk,2019-12-01
DLA-2018-1,https://lwn.net/Articles/806027,proftpd-dfsg,2019-11-30
DLA-1698-2,https://lwn.net/Articles/806025,file,2019-11-30
DLA-2017-1,https://lwn.net/Articles/806023,asterisk,2019-11-30
DLA-2014-1,https://lwn.net/Articles/805799,vino,2019-11-29
DLA-2016-1,https://lwn.net/Articles/806028,ssvnc,2019-11-29
DLA-2015-1,https://lwn.net/Articles/806026,nss,2019-11-29
DLA-2004-1,https://lwn.net/Articles/806022,389-ds-base,2019-11-29
DLA-2005-1,https://lwn.net/Articles/806029,tnef,2019-11-29
DSA-4577-1,https://lwn.net/Articles/805759,haproxy,2019-11-28
DSA-4578-1,https://lwn.net/Articles/805798,libvpx,2019-11-28
DLA-2013-1,https://lwn.net/Articles/805760,libvorbis,2019-11-27
DLA-2009-1,https://lwn.net/Articles/805697,tiff,2019-11-26
DLA-2011-1,https://lwn.net/Articles/805698,xmlrpc-epi,2019-11-26
DLA-2012-1,https://lwn.net/Articles/805696,libvpx,2019-11-26
DLA-2010-1,https://lwn.net/Articles/805695,bsdiff,2019-11-26
DLA-2006-1,https://lwn.net/Articles/805625,libxdmcp,2019-11-25
DSA-4576-1,https://lwn.net/Articles/805627,php-imagick,2019-11-25
DLA-2008-1,https://lwn.net/Articles/805626,nss,2019-11-25
DLA-2007-1,https://lwn.net/Articles/805628,ruby2.1,2019-11-25
DSA-4571-2,https://lwn.net/Articles/805496,enigmail,2019-11-24
DLA-2003-1,https://lwn.net/Articles/805497,isc-dhcp,2019-11-24
DSA-4575-1,https://lwn.net/Articles/805495,chromium,2019-11-24
DLA-2002-1,https://lwn.net/Articles/805498,libice,2019-11-23
DLA-2000-1,https://lwn.net/Articles/805500,pam-python,2019-11-23
DLA-2001-1,https://lwn.net/Articles/805499,libofx,2019-11-23
DSA-4574-1,https://lwn.net/Articles/805211,redmine,2019-11-19
DLA-1999-1,https://lwn.net/Articles/805139,symfony,2019-11-18
DLA-1997-1,https://lwn.net/Articles/805141,thunderbird,2019-11-18
DLA-1998-1,https://lwn.net/Articles/805137,python-psutil,2019-11-18
DLA-1995-1,https://lwn.net/Articles/805047,angular.js,2019-11-18
DLA-1996-1,https://lwn.net/Articles/805048,libapache2-mod-auth-openidc,2019-11-18
DSA-4573-1,https://lwn.net/Articles/805140,symfony,2019-11-18
DSA-4572-1,https://lwn.net/Articles/805138,slurm-llnl,2019-11-18
DSA-4570-1,https://lwn.net/Articles/805049,mosquitto,2019-11-17
DSA-4571-1,https://lwn.net/Articles/805051,thunderbird,2019-11-17
DLA-1994-1,https://lwn.net/Articles/805050,postgresql-common,2019-11-15
DLA-1993-1,https://lwn.net/Articles/804862,mesa,2019-11-15
DLA-1992-1,https://lwn.net/Articles/804860,ghostscript,2019-11-14
DSA-4569-1,https://lwn.net/Articles/804861,ghostscript,2019-11-14
DSA-4568-1,https://lwn.net/Articles/804863,postgresql-common,2019-11-14
DLA-1990-1,https://lwn.net/Articles/804748,linux-4.9,2019-11-13
DSA-4565-1,https://lwn.net/Articles/804572,intel-microcode,2019-11-13
DLA-1991-1,https://lwn.net/Articles/804575,libssh2,2019-11-13
DSA-4563-1,https://lwn.net/Articles/804577,webkit2gtk,2019-11-12
DSA-4567-1,https://lwn.net/Articles/804571,dpdk,2019-11-12
DSA-4566-1,https://lwn.net/Articles/804576,qemu,2019-11-12
DSA-4564-1,https://lwn.net/Articles/804574,kernel,2019-11-12
DLA-1989-1,https://lwn.net/Articles/804573,kernel,2019-11-12
DLA-1986-1,https://lwn.net/Articles/804296,ruby-haml,2019-11-11
DLA-1988-1,https://lwn.net/Articles/804291,ampache,2019-11-11
DLA-1987-1,https://lwn.net/Articles/804294,firefox-esr,2019-11-10
DSA-4562-1,https://lwn.net/Articles/804292,chromium,2019-11-10
DLA-1984-1,https://lwn.net/Articles/804295,gdal,2019-11-09
DSA-4561-1,https://lwn.net/Articles/804184,fribidi,2019-11-08
DLA-1985-1,https://lwn.net/Articles/804293,djvulibre,2019-11-08
DLA-1982-1,https://lwn.net/Articles/803999,openafs,2019-11-06
DLA-1983-1,https://lwn.net/Articles/804001,simplesamlphp,2019-11-06
DSA-4560-1,https://lwn.net/Articles/804002,simplesamlphp,2019-11-06
DSA-4559-1,https://lwn.net/Articles/804000,proftpd-dfsg,2019-11-05
DLA-1980-1,https://lwn.net/Articles/804003,wordpress,2019-11-05
DLA-1981-1,https://lwn.net/Articles/803998,cpio,2019-11-05
DSA-4558-1,https://lwn.net/Articles/803874,webkit2gtk,2019-11-04
DSA-4556-1,https://lwn.net/Articles/803639,qtbase-opensource-src,2019-10-31
DSA-4557-1,https://lwn.net/Articles/803638,libarchive,2019-10-31
DLA-1978-1,https://lwn.net/Articles/803565,python-ecdsa,2019-10-30
DLA-1977-1,https://lwn.net/Articles/803457,libvncserver,2019-10-30
DLA-1976-1,https://lwn.net/Articles/803456,imapfilter,2019-10-30
DLA-1979-1,https://lwn.net/Articles/803564,italc,2019-10-30
DSA-4555-1,https://lwn.net/Articles/803458,pam-python,2019-10-29
DSA-4553-1,https://lwn.net/Articles/803367,php7.3,2019-10-28
DSA-4554-1,https://lwn.net/Articles/803368,ruby-loofah,2019-10-28
DLA-1975-1,https://lwn.net/Articles/803369,spip,2019-10-28
DSA-4552-1,https://lwn.net/Articles/803366,php7.0,2019-10-28
DLA-1974-1,https://lwn.net/Articles/803281,proftpd-dfsg,2019-10-27
DLA-1973-1,https://lwn.net/Articles/803278,libxslt,2019-10-27
DLA-1972-1,https://lwn.net/Articles/803279,mosquitto,2019-10-26
DLA-1970-1,https://lwn.net/Articles/803280,php5,2019-10-26
DLA-1971-1,https://lwn.net/Articles/803277,libarchive,2019-10-26
DSA-4551-1,https://lwn.net/Articles/803276,golang-1.11,2019-10-25
DSA-4550-1,https://lwn.net/Articles/803275,file,2019-10-25
DSA-4549-1,https://lwn.net/Articles/803149,firefox-esr,2019-10-24
DLA-1969-1,https://lwn.net/Articles/803051,file,2019-10-23
DLA-1967-1,https://lwn.net/Articles/802841,libpcap,2019-10-22
DSA-4547-1,https://lwn.net/Articles/802843,tcpdump,2019-10-21
DSA-4548-1,https://lwn.net/Articles/802842,openjdk-8,2019-10-21
DLA-1962-1,https://lwn.net/Articles/802752,graphite-web,2019-10-21
DLA-1968-1,https://lwn.net/Articles/802753,imagemagick,2019-10-21
DLA-1961-1,https://lwn.net/Articles/802755,milkytracker,2019-10-21
DSA-4546-1,https://lwn.net/Articles/802757,openjdk-11,2019-10-20
DLA-1966-1,https://lwn.net/Articles/802751,aspell,2019-10-19
DLA-1965-1,https://lwn.net/Articles/802756,nfs-utils,2019-10-19
DLA-1963-2,https://lwn.net/Articles/802611,poppler,2019-10-18
DLA-1963-1,https://lwn.net/Articles/802612,poppler,2019-10-18
DSA-4545-1,https://lwn.net/Articles/802754,mediawiki,2019-10-18
DLA-1964-1,https://lwn.net/Articles/802613,sudo,2019-10-17
DLA-1960-1,https://lwn.net/Articles/802614,wordpress,2019-10-17
DLA-1713-2,https://lwn.net/Articles/802515,libsdl1.2,2019-10-17
DLA-1714-2,https://lwn.net/Articles/802516,libsdl2,2019-10-17
DSA-4544-1,https://lwn.net/Articles/802429,unbound,2019-10-16
DSA-4509-3,https://lwn.net/Articles/802428,apache2,2019-10-15
DLA-1957-1,https://lwn.net/Articles/802244,tzdata,2019-10-14
DLA-1958-1,https://lwn.net/Articles/802241,libdatetime-timezone-perl,2019-10-14
DSA-4543-1,https://lwn.net/Articles/802314,sudo,2019-10-14
DLA-1953-2,https://lwn.net/Articles/802240,clamav,2019-10-14
DLA-1959-1,https://lwn.net/Articles/802315,xtrlock,2019-10-14
DSA-4539-3,https://lwn.net/Articles/802242,openssl,2019-10-13
DLA-1956-1,https://lwn.net/Articles/802079,ruby-openid,2019-10-11
DLA-1955-1,https://lwn.net/Articles/802243,tcpdump,2019-10-11
DLA-1953-1,https://lwn.net/Articles/801965,clamav,2019-10-10
DLA-1954-1,https://lwn.net/Articles/802078,lucene-solr,2019-10-10
DLA-1951-1,https://lwn.net/Articles/801966,libtomcrypt,2019-10-09
DLA-1952-1,https://lwn.net/Articles/801967,rsyslog,2019-10-09
DLA-1950-1,https://lwn.net/Articles/801675,openjpeg2,2019-10-08
DLA-1949-1,https://lwn.net/Articles/801677,xen,2019-10-08
DLA-1942-2,https://lwn.net/Articles/801442,phpbb3,2019-10-07
DSA-4539-2,https://lwn.net/Articles/801676,openssh,2019-10-07
DLA-1948-1,https://lwn.net/Articles/801443,ruby-mini-magick,2019-10-07
DLA-1947-1,https://lwn.net/Articles/801440,libreoffice,2019-10-06
DSA-4542-1,https://lwn.net/Articles/801438,jackson-databind,2019-10-06
DLA-1946-1,https://lwn.net/Articles/801441,novnc,2019-10-05
DSA-4541-1,https://lwn.net/Articles/801439,libapreq2,2019-10-04
DLA-1944-1,https://lwn.net/Articles/801210,libapreq2,2019-10-03
DLA-1945-1,https://lwn.net/Articles/801305,openconnect,2019-10-03
DLA-1943-1,https://lwn.net/Articles/801209,jackson-databind,2019-10-03
DSA-4509-2,https://lwn.net/Articles/801211,subversion,2019-10-02
DSA-4539-1,https://lwn.net/Articles/801107,openssl,2019-10-01
DSA-4540-1,https://lwn.net/Articles/801108,openssl1.0,2019-10-01
DLA-1940-1,https://lwn.net/Articles/800992,linux-4.9,2019-10-01
DLA-1942-1,https://lwn.net/Articles/800994,phpbb3,2019-10-01
DLA-1939-1,https://lwn.net/Articles/800995,poppler,2019-09-30
DLA-1941-1,https://lwn.net/Articles/800993,netty,2019-09-30
DLA-1938-1,https://lwn.net/Articles/800887,file-roller,2019-09-30
DLA-1900-2,https://lwn.net/Articles/800991,apache2,2019-09-30
DSA-4538-1,https://lwn.net/Articles/800891,wpa,2019-09-29
DSA-4537-1,https://lwn.net/Articles/800888,file-roller,2019-09-28
DLA-1936-1,https://lwn.net/Articles/800883,cups,2019-09-28
DLA-1937-1,https://lwn.net/Articles/800890,httpie,2019-09-28
DLA-1935-1,https://lwn.net/Articles/800884,e2fsprogs,2019-09-28
DLA-1934-1,https://lwn.net/Articles/800882,cimg,2019-09-28
DSA-4536-1,https://lwn.net/Articles/800886,exim4,2019-09-28
DSA-4534-1,https://lwn.net/Articles/800889,golang-1.11,2019-09-27
DSA-4535-1,https://lwn.net/Articles/800885,e2fsprogs,2019-09-27
DLA-1933-1,https://lwn.net/Articles/800635,ruby-nokogiri,2019-09-26
DSA-4531-1,https://lwn.net/Articles/800526,kernel,2019-09-25
DSA-4532-1,https://lwn.net/Articles/800528,spip,2019-09-25
DLA-1932-1,https://lwn.net/Articles/800634,openssl,2019-09-25
DSA-4533-1,https://lwn.net/Articles/800633,lemonldap-ng,2019-09-25
DLA-1930-1,https://lwn.net/Articles/800525,kernel,2019-09-25
DLA-1928-1,https://lwn.net/Articles/800421,php5,2019-09-24
DLA-1931-1,https://lwn.net/Articles/800527,libgcrypt20,2019-09-24
DSA-4530-1,https://lwn.net/Articles/800334,expat,2019-09-22
DSA-4529-1,https://lwn.net/Articles/800336,php7.0,2019-09-20
DLA-1927-1,https://lwn.net/Articles/800126,qemu,2019-09-20
DLA-1929-1,https://lwn.net/Articles/800335,php-pecl-http,2019-09-20
DSA-4528-1,https://lwn.net/Articles/800123,bird,2019-09-19
DSA-4527-1,https://lwn.net/Articles/800125,php7.3,2019-09-19
DSA-4526-1,https://lwn.net/Articles/800124,opendmarc,2019-09-19
DSA-4525-1,https://lwn.net/Articles/799952,ibus,2019-09-18
DLA-1926-1,https://lwn.net/Articles/799743,thunderbird,2019-09-18
DSA-4524-1,https://lwn.net/Articles/799492,dino-im,2019-09-16
DLA-1924-1,https://lwn.net/Articles/799494,python3.4,2019-09-16
DLA-1923-1,https://lwn.net/Articles/799291,ansible,2019-09-16
DLA-1922-1,https://lwn.net/Articles/799495,wpa,2019-09-16
DLA-1925-1,https://lwn.net/Articles/799493,python2.7,2019-09-16
DSA-4522-1,https://lwn.net/Articles/799292,faad2,2019-09-15
DSA-4523-1,https://lwn.net/Articles/799295,thunderbird,2019-09-15
DLA-1919-2,https://lwn.net/Articles/799294,linux-4.9,2019-09-15
DLA-1919-1,https://lwn.net/Articles/799293,linux-4.9,2019-09-14
DLA-1921-1,https://lwn.net/Articles/799097,dnsmasq,2019-09-13
DLA-1917-1,https://lwn.net/Articles/799096,curl,2019-09-13
DLA-1920-1,https://lwn.net/Articles/799098,golang-go.crypto,2019-09-13
DLA-1918-1,https://lwn.net/Articles/799035,libonig,2019-09-12
DLA-1916-1,https://lwn.net/Articles/799036,opensc,2019-09-11
DSA-4520-1,https://lwn.net/Articles/798872,trafficserver,2019-09-09
DLA-1914-1,https://lwn.net/Articles/798871,icedtea-web,2019-09-09
DSA-4521-1,https://lwn.net/Articles/798870,docker.io,2019-09-09
DLA-1915-1,https://lwn.net/Articles/798758,ghostscript,2019-09-09
DSA-4519-1,https://lwn.net/Articles/798760,libreoffice,2019-09-08
DLA-1913-1,https://lwn.net/Articles/798761,memcached,2019-09-07
DSA-4518-1,https://lwn.net/Articles/798759,ghostscript,2019-09-07
DLA-1910-1,https://lwn.net/Articles/798579,firefox-esr,2019-09-06
DLA-1911-1,https://lwn.net/Articles/798577,exim4,2019-09-06
DLA-1912-1,https://lwn.net/Articles/798757,expat,2019-09-06
DSA-4517-1,https://lwn.net/Articles/798578,exim4,2019-09-06
DSA-4516-1,https://lwn.net/Articles/798580,firefox-esr,2019-09-05
DSA-4515-1,https://lwn.net/Articles/798470,webkit2gtk,2019-09-04
DSA-4514-1,https://lwn.net/Articles/798332,varnish,2019-09-04
DLA-1909-1,https://lwn.net/Articles/798330,freetype,2019-09-04
DSA-4513-1,https://lwn.net/Articles/798331,samba,2019-09-03
DLA-1908-1,https://lwn.net/Articles/798107,pump,2019-09-02
DLA-1907-1,https://lwn.net/Articles/798104,libav,2019-09-02
DSA-4512-1,https://lwn.net/Articles/798202,qemu,2019-09-02
DSA-4511-1,https://lwn.net/Articles/798106,nghttp2,2019-09-01
DLA-1906-1,https://lwn.net/Articles/798108,python2.7,2019-08-31
DLA-1905-1,https://lwn.net/Articles/798103,gosa,2019-08-31
DLA-1904-1,https://lwn.net/Articles/798105,libextractor,2019-08-30
DLA-1900-1,https://lwn.net/Articles/797761,apache2,2019-08-29
DLA-1901-1,https://lwn.net/Articles/797925,dovecot,2019-08-29
DLA-1903-1,https://lwn.net/Articles/797926,subversion,2019-08-29
DLA-1902-1,https://lwn.net/Articles/797924,djvulibre,2019-08-29
DSA-4510-1,https://lwn.net/Articles/797561,dovecot,2019-08-28
DLA-1899-1,https://lwn.net/Articles/797762,faad2,2019-08-28
DLA-1898-1,https://lwn.net/Articles/797368,xymon,2019-08-26
DSA-4509-1,https://lwn.net/Articles/797367,apache2,2019-08-26
DLA-1897-1,https://lwn.net/Articles/797265,tiff,2019-08-25
DSA-4508-1,https://lwn.net/Articles/797260,h2o,2019-08-24
DSA-4506-1,https://lwn.net/Articles/797263,qemu,2019-08-24
DSA-4507-1,https://lwn.net/Articles/797264,squid,2019-08-24
DLA-1896-1,https://lwn.net/Articles/797259,commons-beanutils,2019-08-24
DLA-1886-2,https://lwn.net/Articles/797043,openjdk-7,2019-08-23
DLA-1894-1,https://lwn.net/Articles/797261,libapache2-mod-auth-openidc,2019-08-23
DLA-1895-1,https://lwn.net/Articles/797262,libmspack,2019-08-23
DSA-4505-1,https://lwn.net/Articles/797042,nginx,2019-08-22
DLA-1893-1,https://lwn.net/Articles/797041,cups,2019-08-22
DLA-1892-1,https://lwn.net/Articles/796739,flask,2019-08-20
DLA-1891-1,https://lwn.net/Articles/796603,openldap,2019-08-19
DLA-1890-1,https://lwn.net/Articles/796602,kde4libs,2019-08-19
DSA-4503-1,https://lwn.net/Articles/796600,golang-1.11,2019-08-18
DLA-1889-1,https://lwn.net/Articles/796604,python3.4,2019-08-17
DSA-4502-1,https://lwn.net/Articles/796599,ffmpeg,2019-08-16
DLA-1888-1,https://lwn.net/Articles/796601,imagemagick,2019-08-16
DLA-1887-1,https://lwn.net/Articles/796401,freetype,2019-08-15
DSA-4501-1,https://lwn.net/Articles/796402,libreoffice,2019-08-15
DLA-1886-1,https://lwn.net/Articles/796403,openjdk-7,2019-08-15
DLA-1877-1,https://lwn.net/Articles/796161,otrs2,2019-08-14
DLA-1884-1,https://lwn.net/Articles/796159,kernel,2019-08-14
DLA-1885-1,https://lwn.net/Articles/796160,linux-4.9,2019-08-14
DLA-1883-1,https://lwn.net/Articles/796162,tomcat8,2019-08-13
DLA-1882-1,https://lwn.net/Articles/796048,atril,2019-08-13
DSA-4497-1,https://lwn.net/Articles/796054,kernel,2019-08-13
DLA-1881-1,https://lwn.net/Articles/796050,evince,2019-08-13
DSA-4500-1,https://lwn.net/Articles/796049,chromium,2019-08-13
DLA-1880-1,https://lwn.net/Articles/796051,ghostscript,2019-08-13
DLA-1879-1,https://lwn.net/Articles/796053,jackson-databind,2019-08-12
DSA-4498-1,https://lwn.net/Articles/795929,python-django,2019-08-12
DLA-1878-1,https://lwn.net/Articles/796055,php5,2019-08-12
DSA-4499-1,https://lwn.net/Articles/796052,ghostscript,2019-08-12
DLA-1876-1,https://lwn.net/Articles/795925,gosa,2019-08-11
DLA-1875-1,https://lwn.net/Articles/795924,fusiondirectory,2019-08-11
DSA-4496-1,https://lwn.net/Articles/795928,pango1.0,2019-08-11
DSA-4495-1,https://lwn.net/Articles/795927,kernel,2019-08-10
DSA-4494-1,https://lwn.net/Articles/795926,kconfig,2019-08-09
DLA-1874-1,https://lwn.net/Articles/795808,postgresql-9.4,2019-08-09
DSA-4492-1,https://lwn.net/Articles/795809,postgresql-9.6,2019-08-08
DSA-4493-1,https://lwn.net/Articles/795807,postgresql-11,2019-08-08
DLA-1873-1,https://lwn.net/Articles/795713,proftpd-dfsg,2019-08-07
DLA-1872-1,https://lwn.net/Articles/795488,python-django,2019-08-06
DLA-1866-2,https://lwn.net/Articles/795487,glib2.0,2019-08-06
DSA-4491-1,https://lwn.net/Articles/795334,proftpd-dfsg,2019-08-04
DLA-1871-1,https://lwn.net/Articles/795335,vim,2019-08-03
DLA-1869-1,https://lwn.net/Articles/795176,firefox-esr,2019-08-02
DLA-1870-1,https://lwn.net/Articles/795177,thunderbird,2019-08-02
DLA-1868-1,https://lwn.net/Articles/795065,squirrelmail,2019-08-01
DLA-1867-1,https://lwn.net/Articles/795067,wpa,2019-08-01
DLA-1866-1,https://lwn.net/Articles/795064,glib2.0,2019-07-31
DSA-4490-1,https://lwn.net/Articles/795066,subversion,2019-07-31
DLA-1730-4,https://lwn.net/Articles/794982,libssh2,2019-07-30
DLA-1846-2,https://lwn.net/Articles/794829,unzip,2019-07-28
DSA-4489-1,https://lwn.net/Articles/794827,patch,2019-07-27
DLA-1865-1,https://lwn.net/Articles/794828,sdl-image1.2,2019-07-27
DSA-4488-1,https://lwn.net/Articles/794605,exim4,2019-07-25
DLA-1730-3,https://lwn.net/Articles/794681,libssh2,2019-07-25
DLA-1864-1,https://lwn.net/Articles/794682,patch,2019-07-25
DLA-1863-1,https://lwn.net/Articles/794488,linux-4.9,2019-07-23
DLA-1862-1,https://lwn.net/Articles/794487,kernel,2019-07-23
DSA-4487-1,https://lwn.net/Articles/794489,neovim,2019-07-23
DLA-1861-1,https://lwn.net/Articles/794427,libsdl2-image,2019-07-22
DLA-1860-1,https://lwn.net/Articles/794428,libxslt,2019-07-22
DSA-4485-1,https://lwn.net/Articles/794322,openjdk-8,2019-07-21
DSA-4486-1,https://lwn.net/Articles/794321,openjdk-11,2019-07-21
DLA-1859-1,https://lwn.net/Articles/794317,bind9,2019-07-21
DLA-1858-1,https://lwn.net/Articles/794324,squid3,2019-07-20
DLA-1857-1,https://lwn.net/Articles/794320,nss,2019-07-20
DSA-4484-1,https://lwn.net/Articles/794319,kernel,2019-07-20
DLA-1856-1,https://lwn.net/Articles/794323,patch,2019-07-19
DLA-1855-1,https://lwn.net/Articles/794318,exiv2,2019-07-19
DLA-1833-2,https://lwn.net/Articles/794170,bzip2,2019-07-18
DLA-1854-1,https://lwn.net/Articles/794094,libonig,2019-07-17
DSA-4483-1,https://lwn.net/Articles/793958,libreoffice,2019-07-16
DSA-4482-1,https://lwn.net/Articles/793715,thunderbird,2019-07-14
DSA-4481-1,https://lwn.net/Articles/793714,ruby-mini-magick,2019-07-13
DLA-1853-1,https://lwn.net/Articles/793713,libspring-java,2019-07-13
DSA-4479-1,https://lwn.net/Articles/793550,firefox-esr,2019-07-11
DLA-1852-1,https://lwn.net/Articles/793551,python3.4,2019-07-11
DSA-4480-1,https://lwn.net/Articles/793552,redis,2019-07-11
DLA-1850-1,https://lwn.net/Articles/793349,redis,2019-07-10
DSA-4478-1,https://lwn.net/Articles/793428,dosbox,2019-07-10
DLA-1851-1,https://lwn.net/Articles/793429,openjpeg2,2019-07-10
DLA-1848-1,https://lwn.net/Articles/793214,libspring-security-2.0-java,2019-07-09
DLA-1849-1,https://lwn.net/Articles/793215,zeromq3,2019-07-08
DSA-4477-1,https://lwn.net/Articles/793216,zeromq3,2019-07-08
DLA-1845-1,https://lwn.net/Articles/793041,dosbox,2019-07-07
DLA-1846-1,https://lwn.net/Articles/793044,unzip,2019-07-07
DLA-1847-1,https://lwn.net/Articles/793043,squid3,2019-07-07
DSA-4476-1,https://lwn.net/Articles/793042,python-django,2019-07-05
DLA-1844-1,https://lwn.net/Articles/792823,lemonldap-ng,2019-07-04
DLA-1843-1,https://lwn.net/Articles/792686,pdns,2019-07-03
DLA-1837-2,https://lwn.net/Articles/792439,rdesktop,2019-07-01
DSA-4474-1,https://lwn.net/Articles/792567,firefox-esr,2019-07-01
DSA-4475-1,https://lwn.net/Articles/792568,openssl,2019-07-01
DLA-1842-1,https://lwn.net/Articles/792569,python-django,2019-07-01
DLA-1840-1,https://lwn.net/Articles/792437,golang-go.crypto,2019-06-30
DLA-1841-1,https://lwn.net/Articles/792438,gpac,2019-06-30
DLA-1839-1,https://lwn.net/Articles/792436,expat,2019-06-29
DSA-4472-1,https://lwn.net/Articles/792307,expat,2019-06-28
DLA-1838-1,https://lwn.net/Articles/792308,mupdf,2019-06-28
DSA-4473-1,https://lwn.net/Articles/792440,rdesktop,2019-06-28
DLA-1837-1,https://lwn.net/Articles/791981,rdesktop,2019-06-25
DLA-1835-2,https://lwn.net/Articles/792105,python3.4,2019-06-25
DLA-1836-1,https://lwn.net/Articles/791982,thunderbird,2019-06-25
DSA-4471-1,https://lwn.net/Articles/791983,thunderbird,2019-06-24
DLA-1833-1,https://lwn.net/Articles/791977,bzip2,2019-06-24
DLA-1835-1,https://lwn.net/Articles/791980,python3.4,2019-06-24
DLA-1834-1,https://lwn.net/Articles/791979,python2.7,2019-06-24
DLA-1832-1,https://lwn.net/Articles/791978,libvirt,2019-06-24
DSA-4470-1,https://lwn.net/Articles/791868,pdns,2019-06-23
DSA-4467-2,https://lwn.net/Articles/791869,vim,2019-06-23
DSA-4469-1,https://lwn.net/Articles/791867,libvirt,2019-06-22
DLA-1831-1,https://lwn.net/Articles/791866,jackson-databind,2019-06-21
DSA-4468-1,https://lwn.net/Articles/791641,php-horde-form,2019-06-21
DLA-1828-1,https://lwn.net/Articles/791555,python-urllib3,2019-06-20
DLA-1829-1,https://lwn.net/Articles/791552,firefox-esr,2019-06-20
DLA-1789-2,https://lwn.net/Articles/791640,intel-microcode,2019-06-20
DLA-1830-1,https://lwn.net/Articles/791642,znc,2019-06-20
DSA-4447-2,https://lwn.net/Articles/791554,intel-microcode,2019-06-20
DLA-1827-1,https://lwn.net/Articles/791553,gvfs,2019-06-19
DLA-1823-1,https://lwn.net/Articles/791331,kernel,2019-06-18
DSA-4467-1,https://lwn.net/Articles/791430,vim,2019-06-18
DSA-4466-1,https://lwn.net/Articles/791428,firefox-esr,2019-06-18
DLA-1826-1,https://lwn.net/Articles/791429,glib2.0,2019-06-18
DLA-1825-1,https://lwn.net/Articles/791330,kdepim,2019-06-18
DLA-1824-1,https://lwn.net/Articles/791333,linux-4.9,2019-06-18
DLA-1820-1,https://lwn.net/Articles/791260,thunderbird,2019-06-17
DLA-1821-1,https://lwn.net/Articles/791334,phpmyadmin,2019-06-17
DSA-4465-1,https://lwn.net/Articles/791332,kernel,2019-06-17
DLA-1822-1,https://lwn.net/Articles/791258,php-horde-form,2019-06-16
DLA-1819-1,https://lwn.net/Articles/791259,pyxdg,2019-06-16
DSA-4464-1,https://lwn.net/Articles/791261,thunderbird,2019-06-15
DSA-4463-1,https://lwn.net/Articles/791262,znc,2019-06-14
DLA-1818-1,https://lwn.net/Articles/791142,dbus,2019-06-14
DSA-4462-1,https://lwn.net/Articles/791143,dbus,2019-06-13
DSA-4461-1,https://lwn.net/Articles/790960,zookeeper,2019-06-11
DSA-4460-1,https://lwn.net/Articles/790957,mediawiki,2019-06-11
DLA-1816-1,https://lwn.net/Articles/790958,otrs2,2019-06-11
DSA-4459-1,https://lwn.net/Articles/790959,vlc,2019-06-11
DLA-1817-1,https://lwn.net/Articles/790956,libgd2,2019-06-11
DSA-4458-1,https://lwn.net/Articles/790787,cyrus-imapd,2019-06-08
DSA-4457-1,https://lwn.net/Articles/790632,evolution,2019-06-07
DSA-4454-2,https://lwn.net/Articles/790633,qemu,2019-06-06
DLA-1815-1,https://lwn.net/Articles/790528,poppler,2019-06-06
DLA-1814-1,https://lwn.net/Articles/790393,python-django,2019-06-05
DSA-4456-1,https://lwn.net/Articles/790527,exim4,2019-06-05
DLA-1813-1,https://lwn.net/Articles/790135,php5,2019-06-03
DSA-4455-1,https://lwn.net/Articles/790252,heimdal,2019-06-03
DLA-1812-1,https://lwn.net/Articles/790134,doxygen,2019-06-01
DLA-1810-1,https://lwn.net/Articles/789837,tomcat7,2019-05-30
DLA-1811-1,https://lwn.net/Articles/789976,miniupnpd,2019-05-30
DSA-4454-1,https://lwn.net/Articles/789977,qemu,2019-05-30
DSA-4453-1,https://lwn.net/Articles/789836,openjdk-8,2019-05-29
DLA-1809-1,https://lwn.net/Articles/789695,libav,2019-05-29
DLA-1799-1,https://lwn.net/Articles/789693,kernel,2019-05-28
DLA-1808-1,https://lwn.net/Articles/789572,sox,2019-05-28
DLA-1799-2,https://lwn.net/Articles/789694,kernel,2019-05-28
DLA-1806-1,https://lwn.net/Articles/789480,thunderbird,2019-05-27
DLA-1807-1,https://lwn.net/Articles/789573,vcftools,2019-05-27
DLA-1805-1,https://lwn.net/Articles/789478,minissdpd,2019-05-26
DLA-1804-1,https://lwn.net/Articles/789476,curl,2019-05-26
DLA-1802-1,https://lwn.net/Articles/789482,wireshark,2019-05-25
DLA-1803-1,https://lwn.net/Articles/789479,php5,2019-05-25
DSA-4451-1,https://lwn.net/Articles/789481,thunderbird,2019-05-24
DSA-4450-1,https://lwn.net/Articles/789483,wpa,2019-05-24
DSA-4452-1,https://lwn.net/Articles/789477,jackson-databind,2019-05-24
DLA-1801-1,https://lwn.net/Articles/789339,zookeeper,2019-05-24
DLA-1800-1,https://lwn.net/Articles/789215,firefox-esr,2019-05-23
DSA-4448-1,https://lwn.net/Articles/789216,firefox-esr,2019-05-22
DSA-4449-1,https://lwn.net/Articles/789214,ffmpeg,2019-05-22
DLA-1753-3,https://lwn.net/Articles/789110,proftpd-dfsg,2019-05-21
DLA-1798-1,https://lwn.net/Articles/789007,jackson-databind,2019-05-21
DLA-1797-1,https://lwn.net/Articles/789006,drupal7,2019-05-20
DLA-1795-1,https://lwn.net/Articles/788878,graphicsmagick,2019-05-20
DLA-1796-1,https://lwn.net/Articles/788879,jruby,2019-05-20
DLA-1793-1,https://lwn.net/Articles/788875,dhcpcd5,2019-05-19
DLA-1791-1,https://lwn.net/Articles/788876,faad2,2019-05-19
DLA-1794-1,https://lwn.net/Articles/788882,libspring-security-2.0-java,2019-05-19
DLA-1792-2,https://lwn.net/Articles/788874,cups-filters,2019-05-19
DLA-1792-1,https://lwn.net/Articles/788877,ghostscript,2019-05-19
DLA-1790-1,https://lwn.net/Articles/788880,lemonldap-ng,2019-05-18
DLA-1791-1,https://lwn.net/Articles/788881,lemonldap-ng,2019-05-18
DLA-1777-2,https://lwn.net/Articles/788753,jquery,2019-05-17
DLA-1789-1,https://lwn.net/Articles/788642,intel-microcode,2019-05-16
DSA-4447-1,https://lwn.net/Articles/788482,intel-microcode,2019-05-15
DLA-1788-1,https://lwn.net/Articles/788644,samba,2019-05-15
DLA-1787-1,https://lwn.net/Articles/788643,linux-4.9,2019-05-15
DSA-4443-1,https://lwn.net/Articles/788357,samba,2019-05-14
DLA-1785-1,https://lwn.net/Articles/788355,imagemagick,2019-05-14
DSA-4444-1,https://lwn.net/Articles/788483,kernel,2019-05-14
DSA-4445-1,https://lwn.net/Articles/788481,drupal7,2019-05-14
DSA-4446-1,https://lwn.net/Articles/788484,lemonldap-ng,2019-05-14
DLA-1786-1,https://lwn.net/Articles/788356,qt4-x11,2019-05-14
DLA-1784-1,https://lwn.net/Articles/788226,postgresql-9.4,2019-05-13
DSA-4442-2,https://lwn.net/Articles/788354,cups-filters,2019-05-13
DSA-4442-1,https://lwn.net/Articles/788224,ghostscript,2019-05-12
DLA-1783-1,https://lwn.net/Articles/788223,atftp,2019-05-12
DLA-1782-1,https://lwn.net/Articles/788225,openjdk-7,2019-05-10
DSA-4441-1,https://lwn.net/Articles/788045,symfony,2019-05-10
DSA-4440-1,https://lwn.net/Articles/788042,bind9,2019-05-09
DLA-1781-1,https://lwn.net/Articles/788044,qemu,2019-05-09
DSA-4439-1,https://lwn.net/Articles/788043,postgresql-9.6,2019-05-09
DLA-1780-1,https://lwn.net/Articles/787719,firefox-esr,2019-05-07
DSA-4438-1,https://lwn.net/Articles/787826,atftp,2019-05-07
DLA-1778-1,https://lwn.net/Articles/787720,symfony,2019-05-06
DLA-1779-1,https://lwn.net/Articles/787718,389-ds-base,2019-05-06
DLA-1777-1,https://lwn.net/Articles/787584,jquery,2019-05-06
DLA-1776-1,https://lwn.net/Articles/787585,librecad,2019-05-05
DLA-1775-1,https://lwn.net/Articles/787586,phpbb3,2019-05-04
DLA-1774-1,https://lwn.net/Articles/787393,otrs2,2019-05-03
DLA-1771-1,https://lwn.net/Articles/787392,linux-4.9,2019-05-03
DLA-1773-1,https://lwn.net/Articles/787293,signing-party,2019-05-01
DLA-1753-2,https://lwn.net/Articles/787292,proftpd-dfsg,2019-05-01
DLA-1772-1,https://lwn.net/Articles/787145,libvirt,2019-04-30
DSA-4437-1,https://lwn.net/Articles/787144,gst-plugins-base1.0,2019-04-29
DSA-4436-1,https://lwn.net/Articles/787025,imagemagick,2019-04-28
DLA-1769-1,https://lwn.net/Articles/787023,gst-plugins-base0.10,2019-04-28
DLA-1768-1,https://lwn.net/Articles/787021,checkstyle,2019-04-28
DLA-1770-1,https://lwn.net/Articles/787024,gst-plugins-base1.0,2019-04-28
DSA-4435-1,https://lwn.net/Articles/787026,libpng1.6,2019-04-27
DLA-1762-2,https://lwn.net/Articles/787028,systemd,2019-04-26
DLA-1766-1,https://lwn.net/Articles/787022,evolution,2019-04-26
DLA-1767-1,https://lwn.net/Articles/787027,monit,2019-04-26
DLA-1764-1,https://lwn.net/Articles/786867,mercurial,2019-04-25
DLA-1765-1,https://lwn.net/Articles/786866,gpac,2019-04-25
DLA-1762-1,https://lwn.net/Articles/786732,systemd,2019-04-24
DLA-1763-1,https://lwn.net/Articles/786731,putty,2019-04-24
DLA-1761-1,https://lwn.net/Articles/786529,ghostscript,2019-04-23
DLA-1759-1,https://lwn.net/Articles/786433,clamav,2019-04-22
DLA-1760-1,https://lwn.net/Articles/786530,wget,2019-04-22
DLA-1758-1,https://lwn.net/Articles/786434,debian-security-support,2019-04-20
DSA-4434-1,https://lwn.net/Articles/786435,drupal7,2019-04-20
DLA-1757-1,https://lwn.net/Articles/786086,cacti,2019-04-16
DSA-4433-1,https://lwn.net/Articles/786146,ruby2.3,2019-04-16
DSA-4432-1,https://lwn.net/Articles/786145,ghostscript,2019-04-16
DLA-1756-1,https://lwn.net/Articles/786087,libxslt,2019-04-15
DLA-1755-1,https://lwn.net/Articles/786011,graphicsmagick,2019-04-14
DSA-4431-1,https://lwn.net/Articles/786013,libssh2,2019-04-13
DLA-1628-2,https://lwn.net/Articles/786012,jasper,2019-04-13
DSA-4430-1,https://lwn.net/Articles/785650,wpa,2019-04-11
DSA-4429-1,https://lwn.net/Articles/785459,spip,2019-04-10
DLA-1754-1,https://lwn.net/Articles/785458,samba,2019-04-09
DLA-1753-1,https://lwn.net/Articles/785343,proftpd-dfsg,2019-04-09
DLA-1752-1,https://lwn.net/Articles/785342,poppler,2019-04-08
DSA-4428-1,https://lwn.net/Articles/785345,systemd,2019-04-08
DLA-1751-1,https://lwn.net/Articles/785344,suricata,2019-04-08
DSA-4427-1,https://lwn.net/Articles/785190,samba,2019-04-08
DLA-1750-1,https://lwn.net/Articles/785189,roundup,2019-04-07
DSA-4426-1,https://lwn.net/Articles/785191,tryton-server,2019-04-07
DSA-4425-1,https://lwn.net/Articles/785192,wget,2019-04-05
DSA-4424-1,https://lwn.net/Articles/785028,pdns,2019-04-04
DSA-4423-1,https://lwn.net/Articles/784912,putty,2019-04-03
DLA-1748-1,https://lwn.net/Articles/784910,apache2,2019-04-03
DLA-1749-1,https://lwn.net/Articles/784911,golang,2019-04-03
DSA-4422-1,https://lwn.net/Articles/784759,apache2,2019-04-03
DLA-1730-2,https://lwn.net/Articles/784646,libssh2,2019-04-02
DLA-1747-1,https://lwn.net/Articles/784644,firmware-nonfree,2019-04-02
DLA-1745-1,https://lwn.net/Articles/784516,libdatetime-timezone-perl,2019-04-01
DLA-1731-2,https://lwn.net/Articles/784645,kernel,2019-04-01
DLA-1743-1,https://lwn.net/Articles/784519,thunderbird,2019-04-01
DLA-1742-1,https://lwn.net/Articles/784523,wordpress,2019-04-01
DLA-1746-1,https://lwn.net/Articles/784513,drupal7,2019-04-01
DLA-1744-1,https://lwn.net/Articles/784522,tzdata,2019-04-01
DLA-1739-1,https://lwn.net/Articles/784518,rails,2019-03-31
DLA-1741-1,https://lwn.net/Articles/784517,php5,2019-03-31
DSA-4421-1,https://lwn.net/Articles/784512,chromium,2019-03-31
DLA-1740-1,https://lwn.net/Articles/784515,libav,2019-03-31
DLA-1738-1,https://lwn.net/Articles/784514,gpsd,2019-03-30
DSA-4420-1,https://lwn.net/Articles/784520,thunderbird,2019-03-30
DLA-1737-1,https://lwn.net/Articles/784343,pdns,2019-03-29
DLA-1736-1,https://lwn.net/Articles/784341,dovecot,2019-03-29
DSA-4419-1,https://lwn.net/Articles/784521,twig,2019-03-29
DLA-1735-1,https://lwn.net/Articles/784336,ruby2.1,2019-03-29
DLA-1734-1,https://lwn.net/Articles/784342,libraw,2019-03-28
DSA-4418-1,https://lwn.net/Articles/784340,dovecot,2019-03-28
DLA-1733-1,https://lwn.net/Articles/784235,wpa,2019-03-28
DLA-1732-1,https://lwn.net/Articles/784087,openjdk-7,2019-03-27
DLA-1731-1,https://lwn.net/Articles/784234,kernel,2019-03-27
DLA-1730-1,https://lwn.net/Articles/784020,libssh2,2019-03-26
DLA-1729-1,https://lwn.net/Articles/784021,wireshark,2019-03-25
DLA-1726-1,https://lwn.net/Articles/783920,bash,2019-03-25
DLA-1727-1,https://lwn.net/Articles/783921,firefox-esr,2019-03-25
DLA-1728-1,https://lwn.net/Articles/783925,openssh,2019-03-25
DSA-4416-1,https://lwn.net/Articles/783928,wireshark,2019-03-24
DLA-1725-1,https://lwn.net/Articles/783927,rsync,2019-03-24
DSA-4417-1,https://lwn.net/Articles/783922,firefox-esr,2019-03-24
DSA-4415-1,https://lwn.net/Articles/783926,passenger,2019-03-24
DSA-4414-1,https://lwn.net/Articles/783923,libapache2-mod-auth-mellon,2019-03-23
DLA-1724-1,https://lwn.net/Articles/783924,ntfs-3g,2019-03-22
DLA-1722-1,https://lwn.net/Articles/783643,firefox-esr,2019-03-21
DLA-1723-1,https://lwn.net/Articles/783731,cron,2019-03-21
DSA-4413-1,https://lwn.net/Articles/783732,ntfs-3g,2019-03-21
DSA-4411-1,https://lwn.net/Articles/783642,firefox-esr,2019-03-20
DSA-4410-1,https://lwn.net/Articles/783644,openjdk-8,2019-03-20
DSA-4411-1,https://lwn.net/Articles/783642,firefox-esr,2019-03-20
DLA-1721-1,https://lwn.net/Articles/783464,otrs2,2019-03-19
DLA-1718-1,https://lwn.net/Articles/783350,sqlalchemy,2019-03-18
DSA-4409-1,https://lwn.net/Articles/783463,neutron,2019-03-18
DLA-1717-1,https://lwn.net/Articles/783349,rdflib,2019-03-18
DLA-1719-1,https://lwn.net/Articles/783461,libjpeg-turbo,2019-03-18
DLA-1716-1,https://lwn.net/Articles/783346,ikiwiki,2019-03-18
DLA-1720-1,https://lwn.net/Articles/783462,liblivemedia,2019-03-18
DSA-4408-1,https://lwn.net/Articles/783347,liblivemedia,2019-03-17
DLA-1715-1,https://lwn.net/Articles/783348,linux-4.9,2019-03-15
DLA-1714-1,https://lwn.net/Articles/783028,libsdl2,2019-03-13
DLA-1713-1,https://lwn.net/Articles/783027,libsdl1.2,2019-03-13
DLA-1710-1,https://lwn.net/Articles/782902,xmltooling,2019-03-13
DLA-1712-1,https://lwn.net/Articles/782898,libsndfile,2019-03-13
DLA-1711-1,https://lwn.net/Articles/782899,systemd,2019-03-13
DLA-1709-1,https://lwn.net/Articles/782900,waagent,2019-03-13
DSA-4407-1,https://lwn.net/Articles/782903,xmltooling,2019-03-12
DSA-4406-1,https://lwn.net/Articles/782901,waagent,2019-03-12
DLA-1708-1,https://lwn.net/Articles/782830,zabbix,2019-03-11
DSA-4405-1,https://lwn.net/Articles/782752,openjpeg2,2019-03-10
DSA-4404-1,https://lwn.net/Articles/782751,chromium,2019-03-09
DLA-1707-1,https://lwn.net/Articles/782755,symfony,2019-03-09
DSA-4403-1,https://lwn.net/Articles/782753,php7.0,2019-03-08
DLA-1706-1,https://lwn.net/Articles/782754,poppler,2019-03-08
DLA-1705-1,https://lwn.net/Articles/782437,sox,2019-03-05
DSA-4402-1,https://lwn.net/Articles/782436,mumble,2019-03-05
DLA-1704-1,https://lwn.net/Articles/781356,nss,2019-03-04
DLA-1703-1,https://lwn.net/Articles/781217,jackson-databind,2019-03-04
DLA-1702-1,https://lwn.net/Articles/781215,advancecomp,2019-03-02
DSA-4387-2,https://lwn.net/Articles/781218,openssh,2019-03-02
DLA-1700-1,https://lwn.net/Articles/781068,uw-imap,2019-03-01
DLA-1699-1,https://lwn.net/Articles/781065,ldb,2019-03-01
DLA-1701-1,https://lwn.net/Articles/781219,openssl,2019-03-01
DLA-1696-1,https://lwn.net/Articles/781216,ceph,2019-03-01
DSA-4401-1,https://lwn.net/Articles/781069,wordpress,2019-03-01
DLA-1695-1,https://lwn.net/Articles/780953,sox,2019-02-28
DSA-4397-1,https://lwn.net/Articles/781064,ldb,2019-02-28
DSA-4399-1,https://lwn.net/Articles/781063,ikiwiki,2019-02-28
DSA-4400-1,https://lwn.net/Articles/781066,openssl1.0,2019-02-28
DLA-1698-1,https://lwn.net/Articles/781062,file,2019-02-28
DLA-1697-1,https://lwn.net/Articles/781061,bind9,2019-02-28
DSA-4398-1,https://lwn.net/Articles/781067,php7.0,2019-02-28
DLA-1694-1,https://lwn.net/Articles/780952,qemu,2019-02-28
DLA-1692-1,https://lwn.net/Articles/780833,phpmyadmin,2019-02-27
DLA-1693-1,https://lwn.net/Articles/780951,gpac,2019-02-27
DSA-4395-2,https://lwn.net/Articles/780831,chromium,2019-02-27
DLA-1691-1,https://lwn.net/Articles/780832,exiv2,2019-02-26
DLA-1690-1,https://lwn.net/Articles/780745,liblivemedia,2019-02-26
DLA-1689-1,https://lwn.net/Articles/780744,elfutils,2019-02-25
DLA-1688-1,https://lwn.net/Articles/780674,waagent,2019-02-25
DLA-1687-1,https://lwn.net/Articles/780673,sox,2019-02-24
DLA-1686-1,https://lwn.net/Articles/780671,freedink-dfarc,2019-02-24
DSA-4377-3,https://lwn.net/Articles/780672,rssh,2019-02-22
DLA-1685-1,https://lwn.net/Articles/780329,drupal7,2019-02-20
DLA-1684-1,https://lwn.net/Articles/780330,systemd,2019-02-19
DSA-4396-1,https://lwn.net/Articles/780328,ansible,2019-02-19
DLA-1660-2,https://lwn.net/Articles/780199,rssh,2019-02-19
DLA-1683-1,https://lwn.net/Articles/780197,rdesktop,2019-02-19
DLA-1680-1,https://lwn.net/Articles/780044,tiff,2019-02-18
DLA-1682-1,https://lwn.net/Articles/780201,uriparser,2019-02-18
DSA-4394-1,https://lwn.net/Articles/780198,rdesktop,2019-02-18
DSA-4393-1,https://lwn.net/Articles/780200,systemd,2019-02-18
DSA-4395-1,https://lwn.net/Articles/780196,chromium,2019-02-18
DLA-1681-1,https://lwn.net/Articles/780039,gsoap,2019-02-18
DSA-4388-2,https://lwn.net/Articles/780040,mosquitto,2019-02-17
DSA-4392-1,https://lwn.net/Articles/780043,thunderbird,2019-02-16
DLA-1678-1,https://lwn.net/Articles/780042,thunderbird,2019-02-16
DLA-1679-1,https://lwn.net/Articles/780041,php5,2019-02-16
DLA-1677-1,https://lwn.net/Articles/779912,firefox-esr,2019-02-15
DLA-1676-1,https://lwn.net/Articles/779914,unbound,2019-02-14
DSA-4391-1,https://lwn.net/Articles/779913,firefox-esr,2019-02-14
DLA-1675-1,https://lwn.net/Articles/779785,python-gnupg,2019-02-14
DSA-4390-1,https://lwn.net/Articles/779679,flatpak,2019-02-12
DLA-1673-1,https://lwn.net/Articles/779532,wordpress,2019-02-12
DLA-1674-1,https://lwn.net/Articles/779530,php5,2019-02-12
DSA-4389-1,https://lwn.net/Articles/779449,libu2f-host,2019-02-11
DSA-4377-2,https://lwn.net/Articles/779531,rssh,2019-02-11
DLA-1672-1,https://lwn.net/Articles/779529,curl,2019-02-11
DLA-1670-1,https://lwn.net/Articles/779447,ghostscript,2019-02-11
DLA-1671-1,https://lwn.net/Articles/779445,coturn,2019-02-11
DSA-4388-1,https://lwn.net/Articles/779450,mosquitto,2019-02-10
DSA-4387-1,https://lwn.net/Articles/779451,openssh,2019-02-09
DLA-1666-1,https://lwn.net/Articles/779446,freerdp,2019-02-09
DLA-1669-1,https://lwn.net/Articles/779448,libreoffice,2019-02-08
DLA-1663-1,https://lwn.net/Articles/779177,python3.4,2019-02-07
DLA-1668-1,https://lwn.net/Articles/779283,libarchive,2019-02-07
DLA-1667-1,https://lwn.net/Articles/779282,dovecot,2019-02-07
DLA-1665-1,https://lwn.net/Articles/779176,netmask,2019-02-06
DLA-1664-1,https://lwn.net/Articles/779173,golang,2019-02-06
DLA-1662-1,https://lwn.net/Articles/779174,libthrift-java,2019-02-06
DLA-1654-1,https://lwn.net/Articles/779087,libav,2019-02-06
DSA-4386-1,https://lwn.net/Articles/779172,curl,2019-02-06
DLA-1661-1,https://lwn.net/Articles/779175,mumble,2019-02-06
DLA-1660-1,https://lwn.net/Articles/779178,rssh,2019-02-05
DSA-4385-1,https://lwn.net/Articles/779086,dovecot,2019-02-05
DSA-4384-1,https://lwn.net/Articles/778481,libgd2,2019-02-04
DSA-4383-1,https://lwn.net/Articles/778392,libvncserver,2019-02-03
DSA-4382-1,https://lwn.net/Articles/778394,rssh,2019-02-02
DSA-4381-1,https://lwn.net/Articles/778391,libreoffice,2019-02-02
DLA-1659-1,https://lwn.net/Articles/778390,drupal7,2019-02-02
DLA-1658-1,https://lwn.net/Articles/778393,phpmyadmin,2019-02-01
DLA-1657-1,https://lwn.net/Articles/778389,debian-security-support,2019-02-01
DLA-1655-1,https://lwn.net/Articles/778253,mariadb-10.0,2019-02-01
DSA-4380-1,https://lwn.net/Articles/778252,golang-1.8,2019-02-01
DSA-4379-1,https://lwn.net/Articles/778251,golang-1.7,2019-02-01
DLA-1656-1,https://lwn.net/Articles/778250,agg,2019-02-01
DLA-1653-1,https://lwn.net/Articles/778254,postgis,2019-01-31
DLA-1652-1,https://lwn.net/Articles/778080,libvncserver,2019-01-31
DLA-1649-1,https://lwn.net/Articles/778083,spice,2019-01-30
DLA-1650-1,https://lwn.net/Articles/778082,rssh,2019-01-30
DSA-4378-1,https://lwn.net/Articles/778081,php-pear,2019-01-30
DSA-4377-1,https://lwn.net/Articles/777907,rssh,2019-01-30
DLA-1651-1,https://lwn.net/Articles/778079,libgd2,2019-01-30
DSA-4376-1,https://lwn.net/Articles/777905,firefox-esr,2019-01-30
DLA-1648-1,https://lwn.net/Articles/778078,firefox-esr,2019-01-30
DSA-4375-1,https://lwn.net/Articles/777908,spice,2019-01-29
DLA-1646-1,https://lwn.net/Articles/777906,qemu,2019-01-29
DLA-1647-1,https://lwn.net/Articles/777904,apache2,2019-01-29
DSA-4374-1,https://lwn.net/Articles/777674,qtbase-opensource-src,2019-01-28
DLA-1644-1,https://lwn.net/Articles/777673,policykit-1,2019-01-28
DLA-1645-1,https://lwn.net/Articles/777795,wireshark,2019-01-28
DSA-4373-1,https://lwn.net/Articles/777670,coturn,2019-01-28
DSA-4372-1,https://lwn.net/Articles/777671,ghostscript,2019-01-26
DLA-1643-1,https://lwn.net/Articles/777672,krb5,2019-01-25
DLA-1642-1,https://lwn.net/Articles/777536,postgresql-9.4,2019-01-25
DLA-1641-1,https://lwn.net/Articles/777535,mxml,2019-01-25
DLA-1640-1,https://lwn.net/Articles/777537,tmpreaper,2019-01-24
DLA-1636-1,https://lwn.net/Articles/777300,aria2,2019-01-22
DSA-4371-1,https://lwn.net/Articles/777299,apt,2019-01-22
DLA-1637-1,https://lwn.net/Articles/777298,apt,2019-01-22
DLA-1639-1,https://lwn.net/Articles/777368,systemd,2019-01-22
DLA-1637-1,https://lwn.net/Articles/777297,apt,2019-01-22
DLA-1638-1,https://lwn.net/Articles/777367,libjpeg-turbo,2019-01-22
DLA-1635-1,https://lwn.net/Articles/777005,sssd,2019-01-17
DSA-4370-1,https://lwn.net/Articles/777112,drupal7,2019-01-17
DLA-1634-1,https://lwn.net/Articles/776871,wireshark,2019-01-15
DSA-4367-2,https://lwn.net/Articles/776870,systemd,2019-01-15
DSA-4368-1,https://lwn.net/Articles/776758,zeromq3,2019-01-14
DSA-4369-1,https://lwn.net/Articles/776757,xen,2019-01-14
DSA-4367-1,https://lwn.net/Articles/776656,systemd,2019-01-13
DSA-4366-1,https://lwn.net/Articles/776657,vlc,2019-01-12
DLA-1633-1,https://lwn.net/Articles/776655,sqlite3,2019-01-11
DSA-4365-1,https://lwn.net/Articles/776492,tmpreaper,2019-01-10
DLA-1632-1,https://lwn.net/Articles/776491,libsndfile,2019-01-10
DLA-1631-1,https://lwn.net/Articles/776385,libcaca,2019-01-09
DSA-4364-1,https://lwn.net/Articles/776301,ruby-loofah,2019-01-08
DSA-4363-1,https://lwn.net/Articles/776300,python-django,2019-01-08
DLA-1630-1,https://lwn.net/Articles/776210,libav,2019-01-07
DLA-1629-1,https://lwn.net/Articles/776136,python-django,2019-01-06
DLA-1627-1,https://lwn.net/Articles/775929,qtbase-opensource-src,2019-01-03
DLA-1625-1,https://lwn.net/Articles/775931,tzdata,2019-01-02
DLA-1624-1,https://lwn.net/Articles/775930,thunderbird,2019-01-02
DLA-1626-1,https://lwn.net/Articles/775928,libdatetime-timezone-perl,2019-01-02
DLA-1628-1,https://lwn.net/Articles/775927,jasper,2019-01-02
DSA-4362-1,https://lwn.net/Articles/775848,thunderbird,2019-01-01
DLA-1623-1,https://lwn.net/Articles/775755,tar,2018-12-31
DLA-1622-1,https://lwn.net/Articles/775753,debian-security-support,2018-12-30
DSA-4361-1,https://lwn.net/Articles/775754,libextractor,2018-12-28
DLA-1621-1,https://lwn.net/Articles/775752,c3p0,2018-12-28
DLA-1591-2,https://lwn.net/Articles/775665,libphp-phpmailer,2018-12-28
DSA-4358-1,https://lwn.net/Articles/775627,ruby-sanitize,2018-12-27
DLA-1617-1,https://lwn.net/Articles/775626,libvncserver,2018-12-27
DSA-4360-1,https://lwn.net/Articles/775624,libarchive,2018-12-27
DLA-1619-1,https://lwn.net/Articles/775623,graphicsmagick,2018-12-27
DLA-1620-1,https://lwn.net/Articles/775622,ghostscript,2018-12-27
DSA-4359-1,https://lwn.net/Articles/775628,wireshark,2018-12-27
DLA-1618-1,https://lwn.net/Articles/775625,libsndfile,2018-12-26
DLA-1615-1,https://lwn.net/Articles/775579,nagios3,2018-12-24
DLA-1616-1,https://lwn.net/Articles/775578,libextractor,2018-12-24
DSA-4346-2,https://lwn.net/Articles/775513,ghostscript,2018-12-23
DLA-1613-1,https://lwn.net/Articles/775516,sqlite3,2018-12-22
DLA-1614-1,https://lwn.net/Articles/775515,openjpeg2,2018-12-22
DLA-1612-1,https://lwn.net/Articles/775514,libarchive,2018-12-21
DLA-1611-2,https://lwn.net/Articles/775394,libav,2018-12-21
DSA-4356-1,https://lwn.net/Articles/775395,netatalk,2018-12-20
DLA-1611-1,https://lwn.net/Articles/775393,libav,2018-12-20
DSA-4357-1,https://lwn.net/Articles/775392,libapache-mod-jk,2018-12-20
DSA-4355-1,https://lwn.net/Articles/775321,openssl1.0,2018-12-19
DLA-1610-1,https://lwn.net/Articles/775154,sleuthkit,2018-12-17
DLA-1609-1,https://lwn.net/Articles/775153,libapache-mod-jk,2018-12-17
DLA-1608-1,https://lwn.net/Articles/775061,php5,2018-12-16
DLA-1607-1,https://lwn.net/Articles/775063,samba,2018-12-15
DLA-1606-1,https://lwn.net/Articles/774936,gcc-4.9,2018-12-14
DLA-1562-3,https://lwn.net/Articles/775062,poppler,2018-12-14
DLA-1605-1,https://lwn.net/Articles/774827,firefox-esr,2018-12-13
DSA-4354-1,https://lwn.net/Articles/774828,firefox-esr,2018-12-12
DLA-1604-1,https://lwn.net/Articles/774456,lxml,2018-12-10
DSA-4353-1,https://lwn.net/Articles/774566,php7.0,2018-12-10
DSA-4352-1,https://lwn.net/Articles/774455,chromium-browser,2018-12-07
DSA-4351-1,https://lwn.net/Articles/774241,libphp-phpmailer,2018-12-07
DSA-4350-1,https://lwn.net/Articles/774242,policykit-1,2018-12-06
DLA-1603-1,https://lwn.net/Articles/773957,suricata,2018-12-04
DSA-4349-1,https://lwn.net/Articles/773626,tiff,2018-11-30
DSA-4348-1,https://lwn.net/Articles/773624,openssl,2018-11-30
DLA-1602-1,https://lwn.net/Articles/773623,nsis,2018-11-30
DLA-1599-1,https://lwn.net/Articles/773418,qemu,2018-11-30
DLA-1601-1,https://lwn.net/Articles/773416,perl,2018-11-30
DLA-1562-2,https://lwn.net/Articles/773625,poppler,2018-11-29
DSA-4347-1,https://lwn.net/Articles/773417,perl,2018-11-29
DLA-1600-1,https://lwn.net/Articles/773415,libarchive,2018-11-29
DLA-1598-1,https://lwn.net/Articles/773143,ghostscript,2018-11-28
DSA-4345-1,https://lwn.net/Articles/773034,samba,2018-11-27
DSA-4346-1,https://lwn.net/Articles/773144,ghostscript,2018-11-27
DLA-1596-1,https://lwn.net/Articles/772932,squid3,2018-11-26
DLA-1597-1,https://lwn.net/Articles/773033,gnuplot,2018-11-26
DLA-1589-1,https://lwn.net/Articles/772927,icecast2,2018-11-26
DLA-1588-1,https://lwn.net/Articles/772926,icecast2,2018-11-26
DLA-1595-1,https://lwn.net/Articles/772925,gnuplot5,2018-11-25
DLA-1594-1,https://lwn.net/Articles/772933,xml-security-c,2018-11-24
DSA-4344-1,https://lwn.net/Articles/772931,roundcube,2018-11-24
DLA-1593-1,https://lwn.net/Articles/772930,phpbb3,2018-11-24
DLA-1592-1,https://lwn.net/Articles/772929,otrs2,2018-11-23
DSA-4343-1,https://lwn.net/Articles/772928,liblivemedia,2018-11-23
DLA-1591-1,https://lwn.net/Articles/772834,libphp-phpmailer,2018-11-23
DLA-1590-1,https://lwn.net/Articles/772835,openjdk-7,2018-11-22
DLA-1587-1,https://lwn.net/Articles/772794,pixman,2018-11-22
DLA-1585-1,https://lwn.net/Articles/772698,ruby-rack,2018-11-21
DLA-1584-1,https://lwn.net/Articles/772697,ruby-i18n,2018-11-21
DLA-1583-1,https://lwn.net/Articles/772695,jasper,2018-11-21
DLA-1586-1,https://lwn.net/Articles/772793,openssl,2018-11-21
DSA-4339-2,https://lwn.net/Articles/772792,ceph,2018-11-21
DLA-1582-1,https://lwn.net/Articles/772696,liblivemedia,2018-11-20
DLA-1581-1,https://lwn.net/Articles/772611,uriparser,2018-11-20
DLA-1579-1,https://lwn.net/Articles/772609,openjpeg2,2018-11-20
DLA-1580-1,https://lwn.net/Articles/772610,systemd,2018-11-19
DSA-4341-1,https://lwn.net/Articles/772608,mariadb-10.1,2018-11-19
DSA-4340-1,https://lwn.net/Articles/772482,chromium-browser,2018-11-18
DLA-1578-1,https://lwn.net/Articles/771872,spamassassin,2018-11-13
DLA-1573-1,https://lwn.net/Articles/771679,firmware-nonfree,2018-11-13
DSA-4339-1,https://lwn.net/Articles/771871,ceph,2018-11-13
DLA-1576-1,https://lwn.net/Articles/771515,ansible,2018-11-12
DLA-1574-1,https://lwn.net/Articles/771680,imagemagick,2018-11-12
DLA-1575-1,https://lwn.net/Articles/771518,thunderbird,2018-11-12
DLA-1577-1,https://lwn.net/Articles/771520,xen,2018-11-12
DSA-4338-1,https://lwn.net/Articles/771517,qemu,2018-11-11
DSA-4336-1,https://lwn.net/Articles/771516,ghostscript,2018-11-10
DSA-4337-1,https://lwn.net/Articles/771519,thunderbird,2018-11-10
DSA-4335-1,https://lwn.net/Articles/771290,nginx,2018-11-08
DLA-1572-1,https://lwn.net/Articles/771289,nginx,2018-11-08
DLA-1570-1,https://lwn.net/Articles/771116,mariadb-10.0,2018-11-07
DLA-1569-1,https://lwn.net/Articles/771114,libdatetime-timezone-perl,2018-11-07
DLA-1569-2,https://lwn.net/Articles/771115,libdatetime-timezone-perl,2018-11-07
DLA-1571-1,https://lwn.net/Articles/771113,firefox-esr,2018-11-07
DLA-1568-1,https://lwn.net/Articles/770930,curl,2018-11-06
DLA-1566-1,https://lwn.net/Articles/770845,mysql-5.5,2018-11-05
DLA-1567-1,https://lwn.net/Articles/770844,gthumb,2018-11-05
DLA-1565-1,https://lwn.net/Articles/770843,glusterfs,2018-11-05
DSA-4334-1,https://lwn.net/Articles/770713,mupdf,2018-11-04
DSA-4333-1,https://lwn.net/Articles/770712,icecast2,2018-11-04
DSA-4332-1,https://lwn.net/Articles/770714,ruby2.3,2018-11-03
DSA-4330-1,https://lwn.net/Articles/770469,chromium-browser,2018-11-02
DSA-4331-1,https://lwn.net/Articles/770711,curl,2018-11-02
DLA-1564-1,https://lwn.net/Articles/770470,mono,2018-11-01
DLA-1563-1,https://lwn.net/Articles/770349,tzdata,2018-11-01
DLA-1562-1,https://lwn.net/Articles/770348,poppler,2018-10-31
DLA-1561-1,https://lwn.net/Articles/770347,phpldapadmin,2018-10-31
DLA-1560-1,https://lwn.net/Articles/770165,gnutls28,2018-10-30
DLA-1559-1,https://lwn.net/Articles/770024,xen,2018-10-30
DLA-1557-1,https://lwn.net/Articles/769858,tiff,2018-10-28
DSA-4329-1,https://lwn.net/Articles/769857,teeworlds,2018-10-28
DLA-1558-1,https://lwn.net/Articles/769856,ruby2.1,2018-10-28
DSA-4321-2,https://lwn.net/Articles/769853,graphicsmagick,2018-10-28
DLA-1556-1,https://lwn.net/Articles/769855,paramiko,2018-10-27
DLA-1555-1,https://lwn.net/Articles/769854,libmspack,2018-10-26
DLA-1554-1,https://lwn.net/Articles/769507,389-ds-base,2018-10-25
DSA-4325-1,https://lwn.net/Articles/769510,mosquitto,2018-10-25
DLA-1554-2,https://lwn.net/Articles/769585,389-ds-base,2018-10-25
DSA-4328-1,https://lwn.net/Articles/769588,xorg-server,2018-10-25
DSA-4327-1,https://lwn.net/Articles/769587,thunderbird,2018-10-25
DSA-4326-1,https://lwn.net/Articles/769586,openjdk-8,2018-10-25
DSA-4324-1,https://lwn.net/Articles/769509,firefox-esr,2018-10-24
DLA-1553-1,https://lwn.net/Articles/769508,clamav,2018-10-24
DLA-1552-1,https://lwn.net/Articles/769133,ghostscript,2018-10-22
DLA-1551-1,https://lwn.net/Articles/769132,exiv2,2018-10-21
DLA-1550-1,https://lwn.net/Articles/769131,drupal7,2018-10-19
DLA-1549-1,https://lwn.net/Articles/768761,xen,2018-10-18
DLA-1548-1,https://lwn.net/Articles/768919,libssh,2018-10-18
DSA-4323-1,https://lwn.net/Articles/768918,drupal7,2018-10-18
DSA-4322-1,https://lwn.net/Articles/768760,libssh,2018-10-17
DLA-1547-1,https://lwn.net/Articles/768605,libpdfbox-java,2018-10-16
DSA-4321-1,https://lwn.net/Articles/768604,graphicsmagick,2018-10-16
DSA-4320-1,https://lwn.net/Articles/768603,asterisk,2018-10-16
DLA-1545-1,https://lwn.net/Articles/768461,tomcat8,2018-10-15
DSA-4319-1,https://lwn.net/Articles/768460,spice,2018-10-15
DSA-4318-1,https://lwn.net/Articles/768459,moin,2018-10-15
DLA-1546-1,https://lwn.net/Articles/768458,moin,2018-10-15
DLA-1544-1,https://lwn.net/Articles/768378,tomcat7,2018-10-14
DSA-4317-1,https://lwn.net/Articles/768377,otrs2,2018-10-14
DSA-4315-1,https://lwn.net/Articles/768379,wireshark,2018-10-12
DSA-4316-1,https://lwn.net/Articles/768376,imagemagick,2018-10-12
DSA-4314-1,https://lwn.net/Articles/768221,net-snmp,2018-10-11
DLA-1543-1,https://lwn.net/Articles/768124,gnulib,2018-10-11
DLA-1542-1,https://lwn.net/Articles/768123,dnsruby,2018-10-11
DLA-1541-1,https://lwn.net/Articles/768125,jekyll,2018-10-10
DLA-1540-1,https://lwn.net/Articles/768031,net-snmp,2018-10-09
DLA-1537-1,https://lwn.net/Articles/767834,php-horde-kronolith,2018-10-08
DLA-1536-1,https://lwn.net/Articles/767833,php-horde-core,2018-10-08
DSA-4312-1,https://lwn.net/Articles/767938,tinc,2018-10-08
DLA-1535-1,https://lwn.net/Articles/767832,php-horde,2018-10-08
DLA-1538-1,https://lwn.net/Articles/767937,tinc,2018-10-08
DLA-1539-1,https://lwn.net/Articles/767936,samba,2018-10-08
DSA-4313-1,https://lwn.net/Articles/767935,kernel,2018-10-08
DLA-1534-1,https://lwn.net/Articles/767829,adplug,2018-10-07
DSA-4311-1,https://lwn.net/Articles/767831,git,2018-10-05
DLA-1533-1,https://lwn.net/Articles/767830,git,2018-10-05
DLA-1531-1,https://lwn.net/Articles/767601,linux-4.9,2018-10-04
DLA-1532-1,https://lwn.net/Articles/767598,dnsmasq,2018-10-04
DLA-1529-1,https://lwn.net/Articles/767672,kernel,2018-10-04
DLA-1530-1,https://lwn.net/Articles/767600,imagemagick,2018-10-03
DSA-4310-1,https://lwn.net/Articles/767599,firefox-esr,2018-10-03
DSA-4309-1,https://lwn.net/Articles/767454,strongswan,2018-10-02
DLA-1528-1,https://lwn.net/Articles/767453,strongswan,2018-10-02
DLA-1527-2,https://lwn.net/Articles/767340,ghostscript,2018-10-01
DSA-4308-1,https://lwn.net/Articles/767452,kernel,2018-10-01
DLA-1527-1,https://lwn.net/Articles/767339,ghostscript,2018-09-30
DLA-1526-1,https://lwn.net/Articles/767338,389-ds-base,2018-09-29
DSA-4307-1,https://lwn.net/Articles/767342,python3.5,2018-09-28
DLA-1525-1,https://lwn.net/Articles/767341,mosquitto,2018-09-28
DSA-4306-1,https://lwn.net/Articles/767096,python2.7,2018-09-27
DLA-1524-1,https://lwn.net/Articles/767095,libxml2,2018-09-27
DLA-1523-1,https://lwn.net/Articles/766926,asterisk,2018-09-27
DLA-1522-1,https://lwn.net/Articles/766928,strongswan,2018-09-26
DLA-1521-1,https://lwn.net/Articles/766927,otrs2,2018-09-26
DLA-1520-1,https://lwn.net/Articles/766734,python3.4,2018-09-25
DLA-1519-1,https://lwn.net/Articles/766733,python2.7,2018-09-25
DLA-1518-1,https://lwn.net/Articles/766639,polarssl,2018-09-25
DSA-4305-1,https://lwn.net/Articles/766499,strongswan,2018-09-24
DLA-1517-1,https://lwn.net/Articles/766638,dom4j,2018-09-24
DSA-4302-1,https://lwn.net/Articles/766498,openafs,2018-09-23
DSA-4303-1,https://lwn.net/Articles/766496,okular,2018-09-23
DLA-1516-1,https://lwn.net/Articles/766495,okular,2018-09-23
DSA-4304-1,https://lwn.net/Articles/766491,firefox-esr,2018-09-23
DLA-1514-1,https://lwn.net/Articles/766500,texlive-bin,2018-09-22
DSA-4301-1,https://lwn.net/Articles/766494,mediawiki,2018-09-22
DSA-4300-1,https://lwn.net/Articles/766493,libarchive-zip-perl,2018-09-22
DLA-1515-1,https://lwn.net/Articles/766492,hylafax,2018-09-22
DLA-1513-1,https://lwn.net/Articles/766497,openafs,2018-09-21
DSA-4299-1,https://lwn.net/Articles/766095,texlive-bin,2018-09-21
DLA-1512-1,https://lwn.net/Articles/766094,sympa,2018-09-21
DLA-1511-1,https://lwn.net/Articles/765797,reportbug,2018-09-20
DLA-1510-1,https://lwn.net/Articles/765795,glusterfs,2018-09-20
DSA-4298-1,https://lwn.net/Articles/766093,hylafax,2018-09-20
DLA-1508-1,https://lwn.net/Articles/765798,suricata,2018-09-19
DLA-1509-1,https://lwn.net/Articles/765796,php5,2018-09-19
DSA-4297-1,https://lwn.net/Articles/765566,chromium-browser,2018-09-19
DLA-1507-1,https://lwn.net/Articles/765567,libapache2-mod-perl2,2018-09-18
DSA-4295-1,https://lwn.net/Articles/765002,thunderbird,2018-09-16
DSA-4296-1,https://lwn.net/Articles/765001,mbedtls,2018-09-16
DSA-4273-2,https://lwn.net/Articles/765000,intel-microcode,2018-09-16
DLA-1506-1,https://lwn.net/Articles/764999,intel-microcode,2018-09-16
DSA-4294-1,https://lwn.net/Articles/764998,ghostscript,2018-09-16
DLA-1505-1,https://lwn.net/Articles/765003,zutils,2018-09-15
DSA-4293-1,https://lwn.net/Articles/764997,discount,2018-09-14
DLA-1504-1,https://lwn.net/Articles/764704,ghostscript,2018-09-13
DLA-1502-1,https://lwn.net/Articles/764628,mgetty,2018-09-12
DLA-1500-2,https://lwn.net/Articles/764705,openssh,2018-09-12
DLA-1503-1,https://lwn.net/Articles/764625,kamailio,2018-09-12
DSA-4291-1,https://lwn.net/Articles/764629,mgetty,2018-09-11
DLA-1501-1,https://lwn.net/Articles/764627,libextractor,2018-09-11
DSA-4292-1,https://lwn.net/Articles/764626,kamailio,2018-09-11
DLA-1500-1,https://lwn.net/Articles/764493,openssh,2018-09-10
DSA-4290-1,https://lwn.net/Articles/764561,libextractor,2018-09-10
DLA-1499-1,https://lwn.net/Articles/764490,discount,2018-09-08
DLA-1498-1,https://lwn.net/Articles/764489,curl,2018-09-08
DSA-4288-1,https://lwn.net/Articles/764492,ghostscript,2018-09-07
DSA-4287-1,https://lwn.net/Articles/764491,firefox-esr,2018-09-07
DSA-4289-1,https://lwn.net/Articles/764488,chromium-browser,2018-09-07
DLA-1496-1,https://lwn.net/Articles/764278,lcms2,2018-09-06
DLA-1493-1,https://lwn.net/Articles/764373,xen,2018-09-06
DLA-1497-1,https://lwn.net/Articles/764372,qemu,2018-09-06
DSA-4285-1,https://lwn.net/Articles/764279,sympa,2018-09-05
DLA-1495-1,https://lwn.net/Articles/764277,git-annex,2018-09-05
DLA-1494-1,https://lwn.net/Articles/764276,gdm3,2018-09-05
DSA-4286-1,https://lwn.net/Articles/764275,curl,2018-09-05
DSA-4284-1,https://lwn.net/Articles/764176,lcms2,2018-09-04
DLA-1492-1,https://lwn.net/Articles/764007,dojo,2018-09-03
DLA-1491-1,https://lwn.net/Articles/764015,tomcat8,2018-09-02
DLA-1489-1,https://lwn.net/Articles/764014,spice-gtk,2018-09-01
DLA-1486-1,https://lwn.net/Articles/764012,spice,2018-09-01
DLA-1490-1,https://lwn.net/Articles/764010,php5,2018-09-01
DSA-4282-1,https://lwn.net/Articles/764016,trafficserver,2018-08-31
DLA-1488-1,https://lwn.net/Articles/764013,spice,2018-08-31
DSA-4283-1,https://lwn.net/Articles/764011,ruby-json-jwt,2018-08-31
DLA-1488-1,https://lwn.net/Articles/764009,mariadb-10.0,2018-08-31
DLA-1487-1,https://lwn.net/Articles/764008,libtirpc,2018-08-31
DLA-1484-1,https://lwn.net/Articles/763893,squirrelmail,2018-08-30
DLA-1485-1,https://lwn.net/Articles/763892,bind9,2018-08-30
DLA-1483-1,https://lwn.net/Articles/763891,389-ds-base,2018-08-30
DLA-1482-1,https://lwn.net/Articles/763807,libx11,2018-08-30
DSA-4281-1,https://lwn.net/Articles/763695,tomcat8,2018-08-29
DLA-1481-1,https://lwn.net/Articles/763694,linux-4.9,2018-08-28
DLA-1476-1,https://lwn.net/Articles/763517,dropbear,2018-08-27
DLA-1479-1,https://lwn.net/Articles/763607,twitter-bootstrap3,2018-08-27
DLA-1480-1,https://lwn.net/Articles/763606,ruby2.1,2018-08-27
DLA-1478-1,https://lwn.net/Articles/763518,libextractor,2018-08-26
DLA-1477-1,https://lwn.net/Articles/763519,libgit2,2018-08-25
DLA-1475-1,https://lwn.net/Articles/763264,tomcat-native,2018-08-22
DSA-4280-1,https://lwn.net/Articles/763144,openssh,2018-08-22
DSA-4279-2,https://lwn.net/Articles/763263,kernel,2018-08-22
DLA-1473-1,https://lwn.net/Articles/763145,otrs2,2018-08-21
DLA-1474-1,https://lwn.net/Articles/763143,openssh,2018-08-21
DLA-1472-1,https://lwn.net/Articles/763085,libcgroup,2018-08-20
DLA-1461-1,https://lwn.net/Articles/763084,clamav,2018-08-20
DSA-4279-1,https://lwn.net/Articles/763002,kernel,2018-08-20
DLA-1471-1,https://lwn.net/Articles/763001,kamailio,2018-08-19
DSA-4278-1,https://lwn.net/Articles/763000,jetty9,2018-08-19
DLA-1470-1,https://lwn.net/Articles/762999,confuse,2018-08-19
DLA-1469-1,https://lwn.net/Articles/763003,libxcursor,2018-08-18
DSA-4276-1,https://lwn.net/Articles/762884,php-horde-image,2018-08-17
DSA-4277-1,https://lwn.net/Articles/763004,mutt,2018-08-17
DSA-4274-1,https://lwn.net/Articles/762885,xen,2018-08-16
DSA-4275-1,https://lwn.net/Articles/762883,keystone,2018-08-16
DSA-4273-1,https://lwn.net/Articles/762882,intel-microcode,2018-08-16
DLA-1468-1,https://lwn.net/Articles/762774,fuse,2018-08-15
DLA-1467-1,https://lwn.net/Articles/762657,ruby-zip,2018-08-15
DLA-1464-1,https://lwn.net/Articles/762656,postgresql-9.4,2018-08-15
DLA-1466-1,https://lwn.net/Articles/762655,linux-4.9,2018-08-15
DSA-4272-1,https://lwn.net/Articles/762654,kernel,2018-08-14
DSA-4271-1,https://lwn.net/Articles/762548,samba,2018-08-14
DSA-4270-1,https://lwn.net/Articles/762547,gdm3,2018-08-13
DLA-1465-1,https://lwn.net/Articles/762473,blender,2018-08-13
DLA-1463-1,https://lwn.net/Articles/762476,sam2p,2018-08-10
DSA-4269-1,https://lwn.net/Articles/762475,postgresql-9.6,2018-08-10
DSA-4268-1,https://lwn.net/Articles/762474,openjdk-8,2018-08-10
DLA-1462-1,https://lwn.net/Articles/762190,wpa,2018-08-09
DSA-4267-1,https://lwn.net/Articles/762189,kamailio,2018-08-08
DLA-1437-2,https://lwn.net/Articles/762086,slurm-llnl,2018-08-08
DLA-1458-1,https://lwn.net/Articles/761891,xml-security-c,2018-08-06
DLA-1460-1,https://lwn.net/Articles/761887,libmspack,2018-08-06
DLA-1459-1,https://lwn.net/Articles/761885,cgit,2018-08-06
DSA-4266-1,https://lwn.net/Articles/761997,kernel,2018-08-06
DSA-4265-1,https://lwn.net/Articles/761892,xml-security-c,2018-08-05
DSA-4264-1,https://lwn.net/Articles/761888,python-django,2018-08-05
DLA-1457-1,https://lwn.net/Articles/761884,ant,2018-08-05
DSA-4263-1,https://lwn.net/Articles/761886,cgit,2018-08-04
DSA-4261-1,https://lwn.net/Articles/761890,vim-syntastic,2018-08-03
DSA-4262-1,https://lwn.net/Articles/761889,symfony,2018-08-03
DLA-1445-3,https://lwn.net/Articles/761740,busybox,2018-08-03
DSA-4260-1,https://lwn.net/Articles/761742,libmspack,2018-08-02
DLA-1456-1,https://lwn.net/Articles/761741,graphicsmagick,2018-08-02
DLA-1455-1,https://lwn.net/Articles/761611,mutt,2018-08-02
DLA-1445-2,https://lwn.net/Articles/761610,busybox,2018-08-02
DLA-1454-1,https://lwn.net/Articles/761354,network-manager-vpnc,2018-07-31
DSA-4259-1,https://lwn.net/Articles/761482,ruby2.3,2018-07-31
DLA-1452-1,https://lwn.net/Articles/761284,wordpress,2018-07-30
DLA-1453-1,https://lwn.net/Articles/761281,tomcat7,2018-07-30
DLA-1451-1,https://lwn.net/Articles/761283,wireshark,2018-07-29
DLA-1450-1,https://lwn.net/Articles/761282,tomcat8,2018-07-29
DSA-4258-1,https://lwn.net/Articles/761275,ffmpeg,2018-07-29
DLA-1448-1,https://lwn.net/Articles/761280,policykit-1,2018-07-28
DLA-1449-1,https://lwn.net/Articles/761279,openssl,2018-07-28
DSA-4257-1,https://lwn.net/Articles/761276,fuse,2018-07-28
DLA-1414-2,https://lwn.net/Articles/761278,mercurial,2018-07-27
DLA-1442-2,https://lwn.net/Articles/761074,mailman,2018-07-27
DLA-1447-1,https://lwn.net/Articles/761277,libidn,2018-07-27
DLA-1446-1,https://lwn.net/Articles/761073,intel-microcode,2018-07-27
DSA-4256-1,https://lwn.net/Articles/761072,chromium-browser,2018-07-27
DLA-1445-1,https://lwn.net/Articles/761071,busybox,2018-07-27
DLA-1444-1,https://lwn.net/Articles/761075,vim-syntastic,2018-07-26
DLA-1443-1,https://lwn.net/Articles/760782,evolution-data-server,2018-07-25
DLA-1441-1,https://lwn.net/Articles/760787,sympa,2018-07-24
DSA-4254-1,https://lwn.net/Articles/760786,slurm-llnl,2018-07-24
DLA-1439-1,https://lwn.net/Articles/760785,resiprocate,2018-07-24
DLA-1442-1,https://lwn.net/Articles/760784,mailman,2018-07-24
DLA-1440-1,https://lwn.net/Articles/760783,libarchive-zip-perl,2018-07-24
DSA-4255-1,https://lwn.net/Articles/760781,ant,2018-07-24
DSA-4253-1,https://lwn.net/Articles/760661,network-manager-vpnc,2018-07-23
DLA-1438-1,https://lwn.net/Articles/760562,opencv,2018-07-22
DLA-1437-1,https://lwn.net/Articles/760563,slurm-llnl,2018-07-21
DLA-1436-1,https://lwn.net/Articles/760561,gosa,2018-07-21
DLA-1434-1,https://lwn.net/Articles/760434,linux-base,2018-07-20
DLA-1435-1,https://lwn.net/Articles/760433,dnsmasq,2018-07-20
DLA-1433-1,https://lwn.net/Articles/760435,openjpeg2,2018-07-19
DLA-1431-1,https://lwn.net/Articles/760316,ant,2018-07-19
DLA-1432-1,https://lwn.net/Articles/760317,gpac,2018-07-19
DLA-1424-1,https://lwn.net/Articles/760319,linux-latest-4.9,2018-07-18
DLA-1430-1,https://lwn.net/Articles/760320,taglib,2018-07-18
DSA-4250-1,https://lwn.net/Articles/760152,wordpress,2018-07-18
DSA-4252-1,https://lwn.net/Articles/760322,znc,2018-07-18
DSA-4251-1,https://lwn.net/Articles/760321,vlc,2018-07-18
DLA-1423-1,https://lwn.net/Articles/760318,linux-4.9,2018-07-18
DSA-4249-1,https://lwn.net/Articles/760151,ffmpeg,2018-07-17
DSA-4248-1,https://lwn.net/Articles/760150,blender,2018-07-17
DLA-1429-1,https://lwn.net/Articles/759953,sssd,2018-07-16
DSA-4247-1,https://lwn.net/Articles/760053,ruby-rack-protection,2018-07-16
DLA-1427-1,https://lwn.net/Articles/759956,znc,2018-07-15
DLA-1422-2,https://lwn.net/Articles/759950,kernel,2018-07-15
DSA-4246-1,https://lwn.net/Articles/759951,mailman,2018-07-15
DLA-1428-1,https://lwn.net/Articles/759946,389-ds-base,2018-07-15
DLA-1425-1,https://lwn.net/Articles/759954,thunderbird,2018-07-14
DLA-1421-1,https://lwn.net/Articles/759952,ruby2.1,2018-07-14
DLA-1422-1,https://lwn.net/Articles/759949,kernel,2018-07-14
DSA-4245-1,https://lwn.net/Articles/759948,imagemagick,2018-07-14
DLA-1426-1,https://lwn.net/Articles/759947,cups,2018-07-14
DSA-4244-1,https://lwn.net/Articles/759955,thunderbird,2018-07-13
DLA-1420-1,https://lwn.net/Articles/759729,cinnamon,2018-07-13
DLA-1419-1,https://lwn.net/Articles/759602,ruby-sprockets,2018-07-12
DSA-4243-1,https://lwn.net/Articles/759510,cups,2018-07-11
DSA-4242-1,https://lwn.net/Articles/759429,ruby-sprockets,2018-07-09
DLA-1417-1,https://lwn.net/Articles/759342,ca-certificates,2018-07-07
DLA-1418-1,https://lwn.net/Articles/759341,bouncycastle,2018-07-07
DLA-1415-1,https://lwn.net/Articles/759194,phpmyadmin,2018-07-06
DLA-1416-1,https://lwn.net/Articles/759191,libsoup2.4,2018-07-06
DSA-4240-1,https://lwn.net/Articles/759193,php7.0,2018-07-05
DLA-1414-1,https://lwn.net/Articles/759192,mercurial,2018-07-05
DSA-4241-1,https://lwn.net/Articles/759190,libsoup2.4,2018-07-05
DLA-1413-1,https://lwn.net/Articles/759189,dokuwiki,2018-07-05
DSA-4239-1,https://lwn.net/Articles/759015,gosa,2018-07-03
DSA-4238-1,https://lwn.net/Articles/759014,exiv2,2018-07-03
DLA-1412-1,https://lwn.net/Articles/759013,cups,2018-07-03
DLA-1411-1,https://lwn.net/Articles/758821,tiff,2018-07-02
DLA-1400-2,https://lwn.net/Articles/758822,tomcat7,2018-07-01
DLA-1410-1,https://lwn.net/Articles/758819,python-pysaml2,2018-07-01
DSA-4237-1,https://lwn.net/Articles/758817,chromium-browser,2018-06-30
DLA-1407-1,https://lwn.net/Articles/758641,mariadb-10.0,2018-06-29
DLA-1408-1,https://lwn.net/Articles/758820,simplesamlphp,2018-06-29
DLA-1405-1,https://lwn.net/Articles/758640,libgcrypt20,2018-06-29
DLA-1409-1,https://lwn.net/Articles/758818,mosquitto,2018-06-29
DLA-1406-1,https://lwn.net/Articles/758638,firefox-esr,2018-06-29
DLA-1403-1,https://lwn.net/Articles/758642,zendframework,2018-06-28
DLA-1404-1,https://lwn.net/Articles/758639,lava-server,2018-06-28
DLA-1402-1,https://lwn.net/Articles/758526,exiv2,2018-06-28
DSA-4236-1,https://lwn.net/Articles/758532,xen,2018-06-27
DLA-1400-1,https://lwn.net/Articles/758531,tomcat7,2018-06-27
DLA-1399-1,https://lwn.net/Articles/758530,ruby-passenger,2018-06-27
DLA-1398-1,https://lwn.net/Articles/758529,php-horde-crypt,2018-06-27
DLA-1401-1,https://lwn.net/Articles/758528,graphicsmagick,2018-06-27
DSA-4235-1,https://lwn.net/Articles/758527,firefox-esr,2018-06-27
DLA-DLA-1396-1,https://lwn.net/Articles/758422,redis,2018-06-26
DLA-1397-1,https://lwn.net/Articles/758421,php5,2018-06-26
DLA-1394-1,https://lwn.net/Articles/758420,imagemagick,2018-06-26
DSA-4234-1,https://lwn.net/Articles/758175,lava-server,2018-06-22
DSA-4233-1,https://lwn.net/Articles/758174,bouncycastle,2018-06-22
DLA-1395-1,https://lwn.net/Articles/758016,php-horde-image,2018-06-22
DSA-4232-1,https://lwn.net/Articles/757840,xen,2018-06-20
DSA-4230-1,https://lwn.net/Articles/757721,redis,2018-06-17
DSA-4231-1,https://lwn.net/Articles/757720,libgcrypt20,2018-06-17
DSA-4229-1,https://lwn.net/Articles/757722,strongswan,2018-06-16
DSA-4228-1,https://lwn.net/Articles/757513,spip,2018-06-14
DSA-4227-1,https://lwn.net/Articles/757413,plexus-archiver,2018-06-12
DSA-4226-1,https://lwn.net/Articles/757288,perl,2018-06-12
DSA-4225-1,https://lwn.net/Articles/757155,openjdk-7,2018-06-10
DSA-4221-1,https://lwn.net/Articles/757154,libvncserver,2018-06-08
DSA-4222-1,https://lwn.net/Articles/757153,gnupg2,2018-06-08
DSA-4223-1,https://lwn.net/Articles/757152,gnupg1,2018-06-08
DSA-4224-1,https://lwn.net/Articles/757151,gnupg,2018-06-08
DSA-4220-1,https://lwn.net/Articles/757150,firefox-esr,2018-06-08
DSA-4219-1,https://lwn.net/Articles/756933,jruby,2018-06-08
DSA-4218-1,https://lwn.net/Articles/756839,memcached,2018-06-06
DSA-4217-1,https://lwn.net/Articles/756473,wireshark,2018-06-03
DSA-4191-2,https://lwn.net/Articles/756472,redmine,2018-06-03
DSA-4216-1,https://lwn.net/Articles/756471,prosody,2018-06-02
DSA-4215-1,https://lwn.net/Articles/756470,batik,2018-06-02
DSA-4214-1,https://lwn.net/Articles/756474,zookeeper,2018-06-01
DLA-1391-1,https://lwn.net/Articles/756238,tiff,2018-06-01
DLA-1392-1,https://lwn.net/Articles/756236,kernel,2018-06-01
DLA-1390-1,https://lwn.net/Articles/756237,procps,2018-05-31
DLA-1389-1,https://lwn.net/Articles/756001,apache2,2018-05-30
DSA-4213-1,https://lwn.net/Articles/756003,qemu,2018-05-29
DSA-4212-1,https://lwn.net/Articles/756002,git,2018-05-29
DLA-1388-1,https://lwn.net/Articles/755871,wireshark,2018-05-28
DLA-1387-1,https://lwn.net/Articles/755763,cups,2018-05-26
DLA-1386-1,https://lwn.net/Articles/755765,ming,2018-05-26
DSA-4206-2,https://lwn.net/Articles/755764,gitlab,2018-05-26
DLA-1385-1,https://lwn.net/Articles/755762,batik,2018-05-25
DSA-4210-1,https://lwn.net/Articles/755651,xen,2018-05-25
DLA-1383-1,https://lwn.net/Articles/755650,xen,2018-05-25
DLA-1384-1,https://lwn.net/Articles/755649,xdg-utils,2018-05-25
DSA-4209-1,https://lwn.net/Articles/755648,thunderbird,2018-05-25
DLA-1382-1,https://lwn.net/Articles/755647,thunderbird,2018-05-25
DSA-4211-1,https://lwn.net/Articles/755766,xdg-utils,2018-05-25
DLA-1381-1,https://lwn.net/Articles/755521,imagemagick,2018-05-23
DSA-4207-1,https://lwn.net/Articles/755177,packagekit,2018-05-22
DSA-4208-1,https://lwn.net/Articles/755343,procps,2018-05-22
DSA-4206-1,https://lwn.net/Articles/755176,gitlab,2018-05-21
DLA-1380-1,https://lwn.net/Articles/754847,libmad,2018-05-18
DSA-4204-1,https://lwn.net/Articles/755052,imagemagick,2018-05-18
DSA-4203-1,https://lwn.net/Articles/754848,vlc,2018-05-17
DLA-1379-1,https://lwn.net/Articles/754751,curl,2018-05-16
DSA-4202-1,https://lwn.net/Articles/754750,curl,2018-05-16
DSA-4201-1,https://lwn.net/Articles/754604,xen,2018-05-15
DSA-4200-1,https://lwn.net/Articles/754482,kwallet-pam,2018-05-14
DLA-1378-1,https://lwn.net/Articles/754403,tiff3,2018-05-13
DLA-1377-1,https://lwn.net/Articles/754402,tiff,2018-05-13
DLA-1374-1,https://lwn.net/Articles/754230,firebird2.5,2018-05-11
DLA-1375-1,https://lwn.net/Articles/754233,wget,2018-05-11
DLA-1376-1,https://lwn.net/Articles/754231,firefox-esr,2018-05-11
DSA-4199-1,https://lwn.net/Articles/754232,firefox-esr,2018-05-10
DSA-4197-1,https://lwn.net/Articles/754120,wavpack,2018-05-09
DSA-4198-1,https://lwn.net/Articles/754119,prosody,2018-05-09
DLA-1373-1,https://lwn.net/Articles/754118,php5,2018-05-09
DSA-4196-1,https://lwn.net/Articles/754000,kernel,2018-05-08
DSA-4195-1,https://lwn.net/Articles/753879,wget,2018-05-08
DSA-4194-1,https://lwn.net/Articles/753670,lucene-solr,2018-05-06
DSA-4193-1,https://lwn.net/Articles/753672,wordpress,2018-05-05
DLA-1371-1,https://lwn.net/Articles/753671,tzdata,2018-05-05
DLA-1372-1,https://lwn.net/Articles/753668,libdatetime-timezone-perl,2018-05-05
DSA-4192-1,https://lwn.net/Articles/753669,libmad,2018-05-04
DLA-1370-1,https://lwn.net/Articles/753555,quassel,2018-05-04
DSA-4191-1,https://lwn.net/Articles/753556,redmine,2018-05-03
DSA-4190-1,https://lwn.net/Articles/753554,jackson-databind,2018-05-03
DSA-4189-1,https://lwn.net/Articles/753445,quassel,2018-05-02
DLA-1369-1,https://lwn.net/Articles/753444,kernel,2018-05-02
DSA-4188-1,https://lwn.net/Articles/753310,kernel,2018-05-01
DSA-4187-1,https://lwn.net/Articles/753309,kernel,2018-05-01
DLA-1368-1,https://lwn.net/Articles/753121,libvorbis,2018-04-29
DSA-4183-1,https://lwn.net/Articles/753126,tor,2018-04-28
DLA-1367-1,https://lwn.net/Articles/753125,slurm-llnl,2018-04-28
DSA-4184-1,https://lwn.net/Articles/753124,sdl-image1.2,2018-04-28
DSA-4181-1,https://lwn.net/Articles/753123,roundcube,2018-04-28
DSA-4185-1,https://lwn.net/Articles/753122,openjdk-8,2018-04-28
DSA-4186-1,https://lwn.net/Articles/753120,gunicorn,2018-04-28
DSA-4182-1,https://lwn.net/Articles/753119,chromium-browser,2018-04-28
DLA-1366-1,https://lwn.net/Articles/752944,wordpress,2018-04-27
DLA-1365-1,https://lwn.net/Articles/752844,drupal7,2018-04-26
DLA-1364-1,https://lwn.net/Articles/752848,openslp-dfsg,2018-04-25
DLA-1363-1,https://lwn.net/Articles/752847,ghostscript,2018-04-25
DLA-1362-1,https://lwn.net/Articles/752846,gcc-4.9-backport,2018-04-25
DSA-4180-1,https://lwn.net/Articles/752845,drupal7,2018-04-25
DLA-1361-1,https://lwn.net/Articles/752764,psensor,2018-04-24
DLA-1360-1,https://lwn.net/Articles/752763,lucene-solr,2018-04-24
DSA-4179-1,https://lwn.net/Articles/752651,linux-tools,2018-04-24
DLA-1358-1,https://lwn.net/Articles/752517,ruby1.9.1,2018-04-23
DLA-1359-1,https://lwn.net/Articles/752516,ruby1.8,2018-04-23
DLA-1357-1,https://lwn.net/Articles/752513,gunicorn,2018-04-22
DSA-4177-1,https://lwn.net/Articles/752515,libsdl2-image,2018-04-20
DSA-4178-1,https://lwn.net/Articles/752514,libreoffice,2018-04-20
DSA-4176-1,https://lwn.net/Articles/752398,mysql-5.5,2018-04-20
DLA-1355-1,https://lwn.net/Articles/752397,mysql-5.5,2018-04-19
DLA-1356-1,https://lwn.net/Articles/752396,libreoffice,2018-04-19
DLA-1352-1,https://lwn.net/Articles/752161,jruby,2018-04-18
DSA-4175-1,https://lwn.net/Articles/752160,freeplane,2018-04-18
DLA-1353-1,https://lwn.net/Articles/752313,wireshark,2018-04-18
DLA-1354-1,https://lwn.net/Articles/752312,opencv,2018-04-18
DLA-1350-1,https://lwn.net/Articles/752014,qemu-kvm,2018-04-17
DLA-1351-1,https://lwn.net/Articles/752013,qemu,2018-04-17
DSA-4174-1,https://lwn.net/Articles/752011,corosync,2018-04-17
DLA-1344-1,https://lwn.net/Articles/751931,squirrelmail,2018-04-16
DSA-4173-1,https://lwn.net/Articles/752015,r-cran-readxl,2018-04-16
DLA-1348-1,https://lwn.net/Articles/751927,patch,2018-04-16
DLA-1349-1,https://lwn.net/Articles/752012,linux-tools,2018-04-16
DLA-1347-1,https://lwn.net/Articles/751933,tiff3,2018-04-15
DLA-1346-1,https://lwn.net/Articles/751932,tiff,2018-04-15
DLA-1345-1,https://lwn.net/Articles/751928,perl,2018-04-15
DSA-4172-1,https://lwn.net/Articles/751929,perl,2018-04-14
DSA-4171-1,https://lwn.net/Articles/751930,ruby-loofah,2018-04-13
DSA-4079-2,https://lwn.net/Articles/751660,poppler,2018-04-12
DSA-4169-1,https://lwn.net/Articles/751540,pcs,2018-04-11
DLA-1283-2,https://lwn.net/Articles/751312,python-crypto,2018-04-09
DLA-1343-1,https://lwn.net/Articles/751311,ming,2018-04-09
DSA-4170-1,https://lwn.net/Articles/751435,pjproject,2018-04-09
DLA-1342-1,https://lwn.net/Articles/751310,ldap-account-manager,2018-04-09
DSA-4168-1,https://lwn.net/Articles/751315,squirrelmail,2018-04-08
DLA-1341-1,https://lwn.net/Articles/751314,sdl-image1.2,2018-04-07
DLA-1340-1,https://lwn.net/Articles/751313,sam2p,2018-04-07
DSA-4167-1,https://lwn.net/Articles/751128,sharutils,2018-04-05
DSA-4166-1,https://lwn.net/Articles/751015,openjdk-7,2018-04-04
DSA-4165-1,https://lwn.net/Articles/750886,ldap-account-manager,2018-04-04
DLA-1339-1,https://lwn.net/Articles/750887,openjdk-7,2018-04-03
DSA-4164-1,https://lwn.net/Articles/750885,apache2,2018-04-03
DLA-1338-1,https://lwn.net/Articles/750821,beep,2018-04-03
DLA-1337-1,https://lwn.net/Articles/750823,jruby,2018-04-02
DSA-4163-1,https://lwn.net/Articles/750822,beep,2018-04-02
DLA-1335-1,https://lwn.net/Articles/750741,zsh,2018-04-01
DLA-1336-1,https://lwn.net/Articles/750740,rubygems,2018-04-01
DSA-4159-1,https://lwn.net/Articles/750739,remctl,2018-04-01
DSA-4161-1,https://lwn.net/Articles/750738,python-django,2018-04-01
DSA-4160-1,https://lwn.net/Articles/750733,libevt,2018-04-01
DSA-4162-1,https://lwn.net/Articles/750732,irssi,2018-04-01
DLA-1334-1,https://lwn.net/Articles/750736,mosquitto,2018-03-31
DLA-1332-1,https://lwn.net/Articles/750734,libvncserver,2018-03-31
DLA-1333-1,https://lwn.net/Articles/750731,dovecot,2018-03-31
DLA-1330-1,https://lwn.net/Articles/750737,openssl,2018-03-30
DLA-1331-1,https://lwn.net/Articles/750735,mercurial,2018-03-30
DLA-1328-1,https://lwn.net/Articles/750546,xerces-c,2018-03-29
DLA-1327-1,https://lwn.net/Articles/750545,thunderbird,2018-03-29
DLA-1326-1,https://lwn.net/Articles/750544,php5,2018-03-29
DSA-4158-1,https://lwn.net/Articles/750543,openssl1.0,2018-03-29
DLA-1325-1,https://lwn.net/Articles/750410,drupal7,2018-03-29
DSA-4157-1,https://lwn.net/Articles/750542,openssl,2018-03-29
DLA-1329-1,https://lwn.net/Articles/750541,memcached,2018-03-29
DLA-1323-1,https://lwn.net/Articles/750414,tzdata,2018-03-28
DSA-4155-1,https://lwn.net/Articles/750413,thunderbird,2018-03-28
DLA-1324-1,https://lwn.net/Articles/750412,libdatetime-timezone-perl,2018-03-28
DLA-1322-1,https://lwn.net/Articles/750411,graphicsmagick,2018-03-28
DSA-4156-1,https://lwn.net/Articles/750409,drupal7,2018-03-28
DSA-4154-1,https://lwn.net/Articles/750266,net-snmp,2018-03-28
DLA-1321-1,https://lwn.net/Articles/750263,firefox-esr,2018-03-28
DLA-1320-1,https://lwn.net/Articles/750267,samba,2018-03-27
DSA-4152-1,https://lwn.net/Articles/750265,mupdf,2018-03-27
DSA-4153-1,https://lwn.net/Articles/750264,firefox-esr,2018-03-27
DLA-1319-1,https://lwn.net/Articles/750188,firefox-esr,2018-03-27
DLA-1317-1,https://lwn.net/Articles/750122,net-snmp,2018-03-26
DSA-4151-1,https://lwn.net/Articles/750190,librelp,2018-03-26
DLA-1318-1,https://lwn.net/Articles/750189,irssi,2018-03-26
DLA-1315-1,https://lwn.net/Articles/750121,libvirt,2018-03-24
DLA-1316-1,https://lwn.net/Articles/750119,freeplane,2018-03-24
DSA-4150-1,https://lwn.net/Articles/750120,icu,2018-03-23
DLA-1314-1,https://lwn.net/Articles/750009,simplesamlphp,2018-03-23
DSA-4149-1,https://lwn.net/Articles/750008,plexus-utils2,2018-03-22
DLA-1312-1,https://lwn.net/Articles/750007,libvorbisidec,2018-03-22
DSA-4148-1,https://lwn.net/Articles/750006,kamailio,2018-03-22
DLA-1313-1,https://lwn.net/Articles/750005,isc-dhcp,2018-03-22
DLA-1311-1,https://lwn.net/Articles/750004,adminer,2018-03-22
DSA-4147-1,https://lwn.net/Articles/749952,polarssl,2018-03-21
DLA-1310-1,https://lwn.net/Articles/749951,exempi,2018-03-21
DSA-4146-1,https://lwn.net/Articles/749846,plexus-utils,2018-03-20
DSA-4145-1,https://lwn.net/Articles/749619,gitlab,2018-03-18
DLA-1309-1,https://lwn.net/Articles/749617,curl,2018-03-18
DSA-4142-1,https://lwn.net/Articles/749623,uwsgi,2018-03-17
DSA-4144-1,https://lwn.net/Articles/749622,openjdk-8,2018-03-17
DSA-4143-1,https://lwn.net/Articles/749618,firefox-esr,2018-03-17
DSA-4141-1,https://lwn.net/Articles/749621,libvorbisidec,2018-03-16
DSA-4140-1,https://lwn.net/Articles/749620,libvorbis,2018-03-16
DLA-1307-1,https://lwn.net/Articles/749500,clamav,2018-03-16
DSA-4138-1,https://lwn.net/Articles/749392,mbedtls,2018-03-15
DLA-1308-1,https://lwn.net/Articles/749502,firefox-esr,2018-03-15
DSA-4139-1,https://lwn.net/Articles/749501,firefox-esr,2018-03-15
DSA-4137-1,https://lwn.net/Articles/749391,libvirt,2018-03-14
DSA-4136-1,https://lwn.net/Articles/749390,curl,2018-03-14
DSA-4135-1,https://lwn.net/Articles/749166,samba,2018-03-13
DLA-1306-1,https://lwn.net/Articles/749075,vips,2018-03-11
DLA-1305-1,https://lwn.net/Articles/749073,ming,2018-03-11
DSA-4134-1,https://lwn.net/Articles/749074,util-linux,2018-03-10
DLA-1304-1,https://lwn.net/Articles/749076,zsh,2018-03-09
DLA-1303-1,https://lwn.net/Articles/748841,python-django,2018-03-08
DLA-1302-1,https://lwn.net/Articles/748697,leptonlib,2018-03-07
DSA-4133-1,https://lwn.net/Articles/748840,isc-dhcp,2018-03-07
DLA-1300-1,https://lwn.net/Articles/748616,xen,2018-03-06
DLA-1301-1,https://lwn.net/Articles/748615,tomcat7,2018-03-06
DSA-4131-1,https://lwn.net/Articles/748549,xen,2018-03-04
DSA-4132-1,https://lwn.net/Articles/748547,libvpx,2018-03-04
DLA-1299-1,https://lwn.net/Articles/748546,libjgraphx-java,2018-03-04
DSA-4120-2,https://lwn.net/Articles/748545,kernel,2018-03-03
DSA-4128-1,https://lwn.net/Articles/748548,trafficserver,2018-03-02
DSA-4129-1,https://lwn.net/Articles/748544,freexl,2018-03-02
DLA-1297-1,https://lwn.net/Articles/748410,simplesamlphp,2018-03-02
DSA-4130-1,https://lwn.net/Articles/748543,dovecot,2018-03-02
DSA-4127-1,https://lwn.net/Articles/748409,simplesamlphp,2018-03-02
DLA-1296-1,https://lwn.net/Articles/748339,xmltooling,2018-03-01
DLA-1297-1,https://lwn.net/Articles/748408,freexl,2018-03-01
DLA-1295-1,https://lwn.net/Articles/748246,drupal7,2018-02-28
DSA-4126-1,https://lwn.net/Articles/748249,xmltooling,2018-02-27
DSA-4125-1,https://lwn.net/Articles/748248,wavpack,2018-02-27
DSA-4124-1,https://lwn.net/Articles/748247,lucene-solr,2018-02-27
DLA-1293-1,https://lwn.net/Articles/748041,imagemagick,2018-02-25
DLA-1294-1,https://lwn.net/Articles/748040,golang,2018-02-25
DLA-1291-1,https://lwn.net/Articles/748044,tzdata,2018-02-24
DLA-1290-1,https://lwn.net/Articles/748043,libvpx,2018-02-24
DLA-1292-1,https://lwn.net/Articles/748042,libdatetime-timezone-perl,2018-02-24
DSA-4123-1,https://lwn.net/Articles/748039,drupal7,2018-02-24
DSA-4122-1,https://lwn.net/Articles/747896,squid3,2018-02-22
DSA-4120-1,https://lwn.net/Articles/747895,kernel,2018-02-22
DLA-1289-1,https://lwn.net/Articles/747894,irssi,2018-02-22
DSA-4121-1,https://lwn.net/Articles/747893,gcc-6,2018-02-22
DLA-1288-1,https://lwn.net/Articles/747892,cups,2018-02-22
DLA-1287-1,https://lwn.net/Articles/747682,zziplib,2018-02-20
DSA-4119-1,https://lwn.net/Articles/747622,libav,2018-02-19
DSA-4118-1,https://lwn.net/Articles/747533,tomcat-native,2018-02-17
DSA-4117-1,https://lwn.net/Articles/747530,gcc-4.9,2018-02-17
DLA-1286-1,https://lwn.net/Articles/747532,quagga,2018-02-16
DSA-4116-1,https://lwn.net/Articles/747531,plasma-workspace,2018-02-16
DLA-1285-1,https://lwn.net/Articles/747529,bind9,2018-02-16
DLA-1283-1,https://lwn.net/Articles/747327,python-crypto,2018-02-15
DLA-1284-1,https://lwn.net/Articles/747325,leptonlib,2018-02-15
DSA-4114-1,https://lwn.net/Articles/747324,jackson-databind,2018-02-15
DSA-4115-1,https://lwn.net/Articles/747423,quagga,2018-02-15
DLA-1282-1,https://lwn.net/Articles/747240,graphicsmagick,2018-02-14
DSA-4112-1,https://lwn.net/Articles/747328,xen,2018-02-14
DSA-4113-1,https://lwn.net/Articles/747326,libvorbis,2018-02-14
DLA-1281-1,https://lwn.net/Articles/747239,advancecomp,2018-02-13
DLA-1280-1,https://lwn.net/Articles/747156,pound,2018-02-13
DLA-1278-1,https://lwn.net/Articles/747107,librsvg,2018-02-12
DLA-1277-1,https://lwn.net/Articles/747103,audacity,2018-02-12
DLA-1279-1,https://lwn.net/Articles/747154,clamav,2018-02-12
DSA-4111-2,https://lwn.net/Articles/747155,libreoffice,2018-02-12
DLA-1276-1,https://lwn.net/Articles/747109,tomcat-native,2018-02-11
DSA-4111-1,https://lwn.net/Articles/747106,libreoffice,2018-02-11
DLA-1275-1,https://lwn.net/Articles/747110,uwsgi,2018-02-10
DSA-4109-1,https://lwn.net/Articles/747108,ruby-omniauth,2018-02-10
DSA-4110-1,https://lwn.net/Articles/747105,exim4,2018-02-10
DLA-1274-1,https://lwn.net/Articles/747104,exim4,2018-02-10
DLA-1273-1,https://lwn.net/Articles/746980,simplesamlphp,2018-02-09
DSA-4105-2,https://lwn.net/Articles/746979,mpv,2018-02-09
DLA-1272-1,https://lwn.net/Articles/746978,mailman,2018-02-09
DSA-4108-1,https://lwn.net/Articles/746977,mailman,2018-02-09
DSA-4106-1,https://lwn.net/Articles/746892,libtasn1-6,2018-02-07
DLA-1271-1,https://lwn.net/Articles/746893,postgresql-9.1,2018-02-07
DSA-4107-1,https://lwn.net/Articles/746891,django-anymail,2018-02-07
DSA-4105-1,https://lwn.net/Articles/746781,mpv,2018-02-07
DLA-1270-1,https://lwn.net/Articles/746665,xen,2018-02-06
DSA-4104-1,https://lwn.net/Articles/746556,p7zip,2018-02-04
DLA-1269-1,https://lwn.net/Articles/746554,dokuwiki,2018-02-04
DLA-1266-1,https://lwn.net/Articles/746309,squid3,2018-02-02
DLA-1267-1,https://lwn.net/Articles/746308,squid,2018-02-02
DLA-1268-1,https://lwn.net/Articles/746555,p7zip,2018-02-02
DLA-1249-2,https://lwn.net/Articles/746054,smarty3,2018-02-01
DLA-1265-1,https://lwn.net/Articles/746053,krb5,2018-01-31
DSA-4103-1,https://lwn.net/Articles/746052,chromium-browser,2018-01-31
DLA-1264-1,https://lwn.net/Articles/745890,unbound,2018-01-30
DSA-4094-2,https://lwn.net/Articles/745888,smarty3,2018-01-30
DSA-4102-1,https://lwn.net/Articles/745889,thunderbird,2018-01-30
DLA-1263-1,https://lwn.net/Articles/745762,curl,2018-01-29
DLA-1262-1,https://lwn.net/Articles/745652,thunderbird,2018-01-29
DSA-4101-1,https://lwn.net/Articles/745656,wireshark,2018-01-28
DSA-4100-1,https://lwn.net/Articles/745653,tiff,2018-01-27
DLA-1261-1,https://lwn.net/Articles/745650,clamav,2018-01-27
DSA-4099-1,https://lwn.net/Articles/745651,ffmpeg,2018-01-27
DLA-1259-1,https://lwn.net/Articles/745654,tiff,2018-01-27
DLA-1260-1,https://lwn.net/Articles/745655,tiff3,2018-01-27
DLA-1258-1,https://lwn.net/Articles/745457,wireshark,2018-01-26
DSA-4098-1,https://lwn.net/Articles/745455,curl,2018-01-26
DLA-1257-1,https://lwn.net/Articles/745456,openssh,2018-01-26
DLA-1256-1,https://lwn.net/Articles/745342,firefox-esr,2018-01-25
DSA-4097-1,https://lwn.net/Articles/745345,poppler,2018-01-25
DSA-4096-1,https://lwn.net/Articles/745343,firefox-esr,2018-01-25
DSA-4095-1,https://lwn.net/Articles/745344,gcab,2018-01-24
DSA-4093-1,https://lwn.net/Articles/745028,openocd,2018-01-22
DSA-4094-1,https://lwn.net/Articles/745140,smarty3,2018-01-22
DLA-1254-1,https://lwn.net/Articles/744886,lucene-solr,2018-01-21
DLA-1255-1,https://lwn.net/Articles/744884,bind9,2018-01-21
DLA-1253-1,https://lwn.net/Articles/744888,openocd,2018-01-21
DLA-1252-1,https://lwn.net/Articles/744885,couchdb,2018-01-21
DLA-1251-1,https://lwn.net/Articles/744889,php5,2018-01-20
DSA-4092-1,https://lwn.net/Articles/744782,awstats,2018-01-19
DLA-1250-1,https://lwn.net/Articles/744887,mysql-5.5,2018-01-19
DLA-1248-1,https://lwn.net/Articles/744783,libgd2,2018-01-19
DLA-1247-1,https://lwn.net/Articles/744785,rsync,2018-01-19
DLA-1249-1,https://lwn.net/Articles/744786,smarty3,2018-01-19
DSA-4091-1,https://lwn.net/Articles/744784,mysql-5.5,2018-01-18
DLA-1246-1,https://lwn.net/Articles/744787,transmission,2018-01-18
DSA-4090-1,https://lwn.net/Articles/744588,wordpress,2018-01-17
DLA-1244-1,https://lwn.net/Articles/744492,ca-certificates,2018-01-16
DSA-4089-1,https://lwn.net/Articles/744587,bind9,2018-01-16
DLA-1243-1,https://lwn.net/Articles/744589,xbmc,2018-01-16
DSA-4088-1,https://lwn.net/Articles/744493,gdk-pixbuf,2018-01-15
DLA-1245-1,https://lwn.net/Articles/744494,graphicsmagick,2018-01-15
DLA-1241-1,https://lwn.net/Articles/744357,libkohana2-php,2018-01-14
DLA-1242-1,https://lwn.net/Articles/744360,xmltooling,2018-01-14
DSA-4087-1,https://lwn.net/Articles/744359,transmission,2018-01-14
DSA-4086-1,https://lwn.net/Articles/744358,libxml2,2018-01-13
DSA-4085-1,https://lwn.net/Articles/744361,xmltooling,2018-01-12
DSA-4084-1,https://lwn.net/Articles/744153,gifsicle,2018-01-12
DSA-4083-1,https://lwn.net/Articles/744063,poco,2018-01-11
DLA-1240-1,https://lwn.net/Articles/744061,ming,2018-01-11
DLA-1238-1,https://lwn.net/Articles/743861,awstats,2018-01-10
DLA-1239-1,https://lwn.net/Articles/744062,poco,2018-01-10
DLA-1234-2,https://lwn.net/Articles/743862,gdk-pixbuf,2018-01-09
DLA-1236-1,https://lwn.net/Articles/743863,plexus-utils,2018-01-09
DLA-1237-1,https://lwn.net/Articles/743864,plexus-utils2,2018-01-09
DSA-4082-1,https://lwn.net/Articles/743681,kernel,2018-01-09
DLA-1233-1,https://lwn.net/Articles/743543,gifsicle,2018-01-08
DLA-1235-1,https://lwn.net/Articles/743682,opencv,2018-01-08
DLA-1234-1,https://lwn.net/Articles/743542,gdk-pixbuf,2018-01-08
DLA-1231-1,https://lwn.net/Articles/743544,graphicsmagick,2018-01-08
DSA-4081-1,https://lwn.net/Articles/743683,php5,2018-01-08
DSA-4080-1,https://lwn.net/Articles/743684,php7.0,2018-01-08
DSA-4079-1,https://lwn.net/Articles/743546,poppler,2018-01-07
DLA-1232-1,https://lwn.net/Articles/743545,kernel,2018-01-07
DLA-1230-1,https://lwn.net/Articles/743219,xen,2018-01-05
DSA-4078-1,https://lwn.net/Articles/743218,kernel,2018-01-04
DLA-1229-1,https://lwn.net/Articles/742922,imagemagick,2018-01-04
DLA-1228-1,https://lwn.net/Articles/742638,poppler,2018-01-03
DLA-1227-1,https://lwn.net/Articles/742533,imagemagick,2018-01-01
DLA-1226-1,https://lwn.net/Articles/742457,wireshark,2017-12-31
DSA-4077-1,https://lwn.net/Articles/742455,gimp,2017-12-30
DLA-1225-1,https://lwn.net/Articles/742453,asterisk,2017-12-30
DSA-4076-1,https://lwn.net/Articles/742454,asterisk,2017-12-30
DSA-4075-1,https://lwn.net/Articles/742456,thunderbird,2017-12-29
DLA-1224-1,https://lwn.net/Articles/742366,mercurial,2017-12-28
DSA-4074-1,https://lwn.net/Articles/742365,imagemagick,2017-12-28
DLA-1223-1,https://lwn.net/Articles/742367,thunderbird,2017-12-27
DLA-1221-1,https://lwn.net/Articles/742260,ruby1.9.1,2017-12-25
DLA-1222-1,https://lwn.net/Articles/742259,ruby1.8,2017-12-25
DLA-1219-1,https://lwn.net/Articles/742254,enigmail,2017-12-23
DLA-1217-1,https://lwn.net/Articles/742256,irssi,2017-12-23
DSA-4073-1,https://lwn.net/Articles/742257,kernel,2017-12-23
DLA-1220-1,https://lwn.net/Articles/742255,gimp,2017-12-23
DLA-1218-1,https://lwn.net/Articles/742258,rsync,2017-12-23
DSA-4071-1,https://lwn.net/Articles/742115,sensible-utils,2017-12-21
DSA-4070-1,https://lwn.net/Articles/742114,enigmail,2017-12-21
DSA-4072-1,https://lwn.net/Articles/742113,bouncycastle,2017-12-21
DSA-4069-1,https://lwn.net/Articles/742040,otrs2,2017-12-20
DLA-1214-1,https://lwn.net/Articles/742038,libreoffice,2017-12-20
DLA-1213-1,https://lwn.net/Articles/742039,openafs,2017-12-20
DLA-1215-1,https://lwn.net/Articles/742041,otrs2,2017-12-20
DLA-1212-1,https://lwn.net/Articles/741924,otrs2,2017-12-19
DLA-1211-1,https://lwn.net/Articles/741849,libxml2,2017-12-18
DSA-4065-1,https://lwn.net/Articles/741740,openssl1.0,2017-12-17
DSA-4068-1,https://lwn.net/Articles/741743,rsync,2017-12-17
DSA-4066-1,https://lwn.net/Articles/741741,otrs2,2017-12-17
DSA-4067-1,https://lwn.net/Articles/741739,openafs,2017-12-17
DLA-1210-1,https://lwn.net/Articles/741738,kildclient,2017-12-16
DLA-1209-1,https://lwn.net/Articles/741744,sensible-utils,2017-12-15
DLA-1207-1,https://lwn.net/Articles/741569,erlang,2017-12-15
DLA-1208-1,https://lwn.net/Articles/741742,reportbug,2017-12-15
DLA-1206-1,https://lwn.net/Articles/741340,tiff,2017-12-13
DLA-1203-2,https://lwn.net/Articles/741436,xrdp,2017-12-13
DLA-1205-1,https://lwn.net/Articles/741231,simplesamlphp,2017-12-12
DSA-4064-1,https://lwn.net/Articles/741228,chromium-browser,2017-12-12
DLA-1204-1,https://lwn.net/Articles/741229,evince,2017-12-11
DSA-4063-1,https://lwn.net/Articles/741230,pdns-recursor,2017-12-11
DLA-1203-1,https://lwn.net/Articles/741108,xrdp,2017-12-11
DLA-1200-1,https://lwn.net/Articles/741101,kernel,2017-12-10
DSA-4061-1,https://lwn.net/Articles/741106,thunderbird,2017-12-10
DSA-4062-1,https://lwn.net/Articles/741100,firefox-esr,2017-12-10
DLA-1202-1,https://lwn.net/Articles/741099,firefox-esr,2017-12-10
DLA-1201-1,https://lwn.net/Articles/741102,libxcursor,2017-12-10
DSA-4060-1,https://lwn.net/Articles/741107,wireshark,2017-12-09
DLA-1199-1,https://lwn.net/Articles/741105,thunderbird,2017-12-09
DSA-4057-1,https://lwn.net/Articles/740964,erlang,2017-12-08
DSA-4058-1,https://lwn.net/Articles/741104,optipng,2017-12-08
DSA-4059-1,https://lwn.net/Articles/741103,libxcursor,2017-12-08
DSA-4055-1,https://lwn.net/Articles/740874,heimdal,2017-12-07
DSA-4056-1,https://lwn.net/Articles/740875,nova,2017-12-07
DLA-1198-1,https://lwn.net/Articles/740705,libextractor,2017-12-04
DSA-4054-1,https://lwn.net/Articles/740565,tor,2017-12-03
DLA-1197-1,https://lwn.net/Articles/740415,sox,2017-12-01
DSA-4053-1,https://lwn.net/Articles/740311,exim4,2017-11-30
DLA-1196-1,https://lwn.net/Articles/740414,optipng,2017-11-30
DLA-1194-1,https://lwn.net/Articles/740413,libxml2,2017-11-30
DLA-1195-1,https://lwn.net/Articles/740412,curl,2017-11-30
DSA-4051-1,https://lwn.net/Articles/740203,curl,2017-11-29
DSA-4052-1,https://lwn.net/Articles/740310,bzr,2017-11-29
DSA-4050-1,https://lwn.net/Articles/740204,xen,2017-11-28
DSA-4049-1,https://lwn.net/Articles/740115,ffmpeg,2017-11-27
DLA-1193-1,https://lwn.net/Articles/740116,roundcube,2017-11-27
DLA-1192-1,https://lwn.net/Articles/740023,libofx,2017-11-26
DLA-1189-1,https://lwn.net/Articles/739936,python2.7,2017-11-24
DLA-1190-1,https://lwn.net/Articles/739935,python2.6,2017-11-24
DLA-1191-1,https://lwn.net/Articles/740024,python-werkzeug,2017-11-24
DLA-1187-1,https://lwn.net/Articles/739932,openjdk-7,2017-11-23
DLA-1188-1,https://lwn.net/Articles/739931,libxml2,2017-11-23
DSA-4048-1,https://lwn.net/Articles/739933,openjdk-7,2017-11-23
DSA-4047-1,https://lwn.net/Articles/739934,otrs2,2017-11-23
DLA-1186-1,https://lwn.net/Articles/739897,xorg-server,2017-11-23
DLA-1185-1,https://lwn.net/Articles/739896,sam2p,2017-11-22
DSA-4046-1,https://lwn.net/Articles/739895,libspring-ldap-java,2017-11-22
DSA-4044-1,https://lwn.net/Articles/739732,swauth,2017-11-21
DLA-1184-1,https://lwn.net/Articles/739827,optipng,2017-11-21
DSA-4043-1,https://lwn.net/Articles/739828,samba,2017-11-21
DSA-4045-1,https://lwn.net/Articles/739830,vlc,2017-11-21
DLA-1183-1,https://lwn.net/Articles/739829,samba,2017-11-21
DLA-1181-1,https://lwn.net/Articles/739622,xen,2017-11-20
DLA-1182-1,https://lwn.net/Articles/739731,ldns,2017-11-20
DSA-4041-1,https://lwn.net/Articles/739620,procmail,2017-11-19
DLA-1180-1,https://lwn.net/Articles/739613,libspring-ldap-java,2017-11-19
DSA-4042-1,https://lwn.net/Articles/739614,libxml-libxml-perl,2017-11-19
DLA-1177-1,https://lwn.net/Articles/739618,poppler,2017-11-18
DLA-1173-1,https://lwn.net/Articles/739619,procmail,2017-11-18
DLA-1179-1,https://lwn.net/Articles/739621,shibboleth-sp2,2017-11-18
DLA-1176-1,https://lwn.net/Articles/739616,ming,2017-11-18
DLA-1174-1,https://lwn.net/Articles/739612,konversation,2017-11-18
DLA-1175-1,https://lwn.net/Articles/739615,lynx-cur,2017-11-18
DLA-1178-1,https://lwn.net/Articles/739617,opensaml2,2017-11-18
DSA-4040-1,https://lwn.net/Articles/739611,imagemagick,2017-11-17
DLA-1172-1,https://lwn.net/Articles/739262,firefox-esr,2017-11-16
DSA-4039-1,https://lwn.net/Articles/739424,opensaml2,2017-11-16
DSA-4038-1,https://lwn.net/Articles/739425,shibboleth-sp2,2017-11-16
DSA-4037-1,https://lwn.net/Articles/739263,jackson-databind,2017-11-16
DSA-4035-1,https://lwn.net/Articles/739261,firefox-esr,2017-11-15
DSA-4034-1,https://lwn.net/Articles/739131,varnish,2017-11-15
DSA-4036-1,https://lwn.net/Articles/739264,mediawiki,2017-11-15
DLA-1171-1,https://lwn.net/Articles/739130,libxml-libxml-perl,2017-11-14
DLA-1170-1,https://lwn.net/Articles/738982,graphicsmagick,2017-11-14
DSA-4033-1,https://lwn.net/Articles/738983,konversation,2017-11-13
DSA-4032-1,https://lwn.net/Articles/738855,imagemagick,2017-11-12
DLA-1151-2,https://lwn.net/Articles/738859,wordpress,2017-11-12
DSA-4031-1,https://lwn.net/Articles/738858,ruby2.3,2017-11-11
DLA-1169-1,https://lwn.net/Articles/738857,postgresql-common,2017-11-11
DLA-1168-1,https://lwn.net/Articles/738854,graphicsmagick,2017-11-10
DSA-4006-2,https://lwn.net/Articles/738856,mupdf,2017-11-10
DSA-4026-1,https://lwn.net/Articles/738707,bchunk,2017-11-09
DSA-4030-1,https://lwn.net/Articles/738711,roundcube,2017-11-09
DSA-4029-1,https://lwn.net/Articles/738710,postgresql-common,2017-11-09
DSA-4028-1,https://lwn.net/Articles/738709,postgresql-9.6,2017-11-09
DLA-1166-2,https://lwn.net/Articles/738712,tomcat7,2017-11-09
DSA-4027-1,https://lwn.net/Articles/738708,postgresql-9.4,2017-11-09
DLA-1157-1,https://lwn.net/Articles/738601,openssl,2017-11-09
DSA-4024-1,https://lwn.net/Articles/738455,chromium-browser,2017-11-08
DSA-4022-1,https://lwn.net/Articles/738600,libreoffice,2017-11-08
DSA-4025-1,https://lwn.net/Articles/738599,libpam4j,2017-11-08
DLA-1167-1,https://lwn.net/Articles/738602,ruby-yajl,2017-11-08
DSA-4021-1,https://lwn.net/Articles/738456,otrs2,2017-11-07
DSA-4023-1,https://lwn.net/Articles/738457,slurm-llnl,2017-11-07
DLA-1166-1,https://lwn.net/Articles/738458,tomcat7,2017-11-07
DLA-1165-1,https://lwn.net/Articles/738363,libpam4j,2017-11-07
DLA-1164-1,https://lwn.net/Articles/738364,mupdf,2017-11-07
DSA-4020-1,https://lwn.net/Articles/738362,chromium-browser,2017-11-07
DLA-1162-1,https://lwn.net/Articles/738360,apr,2017-11-06
DLA-1163-1,https://lwn.net/Articles/738361,apr-util,2017-11-06
DSA-4019-1,https://lwn.net/Articles/738252,imagemagick,2017-11-05
DLA-1161-1,https://lwn.net/Articles/738256,redis,2017-11-05
DLA-1160-1,https://lwn.net/Articles/738257,wordpress,2017-11-04
DLA-1159-1,https://lwn.net/Articles/738251,graphicsmagick,2017-11-03
DSA-4017-1,https://lwn.net/Articles/738255,openssl1.0,2017-11-03
DSA-4018-1,https://lwn.net/Articles/738254,openssl,2017-11-03
DSA-4016-1,https://lwn.net/Articles/738253,irssi,2017-11-03
DLA-1158-1,https://lwn.net/Articles/738020,bchunk,2017-11-03
DSA-4015-1,https://lwn.net/Articles/738021,openjdk-8,2017-11-02
DLA-1153-1,https://lwn.net/Articles/737870,thunderbird,2017-11-01
DSA-4014-1,https://lwn.net/Articles/737966,thunderbird,2017-11-01
DLA-1151-1,https://lwn.net/Articles/737802,wordpress,2017-10-31
DLA-1156-1,https://lwn.net/Articles/737868,libdatetime-timezone-perl,2017-10-31
DLA-1155-1,https://lwn.net/Articles/737871,tzdata,2017-10-31
DLA-1150-1,https://lwn.net/Articles/737803,wpa,2017-10-31
DSA-4012-1,https://lwn.net/Articles/737799,libav,2017-10-31
DSA-4013-1,https://lwn.net/Articles/737869,openjpeg2,2017-10-31
DLA-1152-1,https://lwn.net/Articles/737801,quagga,2017-10-31
DLA-1154-1,https://lwn.net/Articles/737867,graphicsmagick,2017-10-31
DSA-4011-1,https://lwn.net/Articles/737800,quagga,2017-10-30
DSA-4010-1,https://lwn.net/Articles/737722,git-annex,2017-10-30
DSA-4009-1,https://lwn.net/Articles/737725,shadowsocks-libev,2017-10-29
DSA-4008-1,https://lwn.net/Articles/737726,wget,2017-10-28
DLA-1144-1,https://lwn.net/Articles/737723,git-annex,2017-10-27
DSA-4007-1,https://lwn.net/Articles/737721,curl,2017-10-27
DLA-1149-1,https://lwn.net/Articles/737727,wget,2017-10-27
DLA-1148-1,https://lwn.net/Articles/737724,golang,2017-10-27
DLA-1146-1,https://lwn.net/Articles/737595,mosquitto,2017-10-26
DLA-1145-1,https://lwn.net/Articles/737596,zoneminder,2017-10-26
DLA-1147-1,https://lwn.net/Articles/737594,exiv2,2017-10-26
DSA-4006-1,https://lwn.net/Articles/737379,mupdf,2017-10-24
DLA-1143-1,https://lwn.net/Articles/737378,curl,2017-10-24
DLA-1133-1,https://lwn.net/Articles/737179,ming,2017-10-21
DLA-1142-1,https://lwn.net/Articles/737178,libav,2017-10-21
DSA-4005-1,https://lwn.net/Articles/737180,openjfx,2017-10-20
DSA-4004-1,https://lwn.net/Articles/737000,jackson-databind,2017-10-20
DLA-1141-1,https://lwn.net/Articles/737002,mysql-5.5,2017-10-19
DLA-1139-1,https://lwn.net/Articles/736861,imagemagick,2017-10-19
DSA-4003-1,https://lwn.net/Articles/737001,libvirt,2017-10-19
DSA-4001-1,https://lwn.net/Articles/736863,yadifa,2017-10-19
DSA-4002-1,https://lwn.net/Articles/737003,mysql-5.5,2017-10-19
DLA-1140-1,https://lwn.net/Articles/736860,graphicsmagick,2017-10-19
DLA-1138-1,https://lwn.net/Articles/736862,nss,2017-10-19
DLA-1135-1,https://lwn.net/Articles/736857,db,2017-10-18
DLA-1136-1,https://lwn.net/Articles/736859,db4.8,2017-10-18
DLA-1137-1,https://lwn.net/Articles/736858,db4.7,2017-10-18
DSA-4000-1,https://lwn.net/Articles/736752,xorg-server,2017-10-17
DSA-3999-1,https://lwn.net/Articles/736503,wpa,2017-10-16
DLA-1134-1,https://lwn.net/Articles/736633,sdl-image1.2,2017-10-16
DSA-3997-1,https://lwn.net/Articles/736033,wordpress,2017-10-11
DLA-1132-1,https://lwn.net/Articles/736034,xen,2017-10-11
DSA-3998-1,https://lwn.net/Articles/736156,nss,2017-10-11
DLA-1131-1,https://lwn.net/Articles/736031,imagemagick,2017-10-10
DSA-3996-1,https://lwn.net/Articles/736030,ffmpeg,2017-10-10
DSA-3995-1,https://lwn.net/Articles/736032,libxfont,2017-10-10
DLA-1129-1,https://lwn.net/Articles/735848,qemu,2017-10-08
DSA-3994-1,https://lwn.net/Articles/735847,nautilus,2017-10-08
DLA-1128-1,https://lwn.net/Articles/735849,qemu-kvm,2017-10-08
DLA-1127-1,https://lwn.net/Articles/735850,sam2p,2017-10-08
DLA-1126-1,https://lwn.net/Articles/735846,libxfont,2017-10-07
DLA-1125-1,https://lwn.net/Articles/735843,botan1.10,2017-10-06
DLA-1123-1,https://lwn.net/Articles/735645,golang,2017-10-06
DSA-3993-1,https://lwn.net/Articles/735851,tor,2017-10-06
DLA-1124-1,https://lwn.net/Articles/735845,dnsmasq,2017-10-06
DSA-3992-1,https://lwn.net/Articles/735844,curl,2017-10-06
DLA-1121-1,https://lwn.net/Articles/735554,curl,2017-10-05
DLA-1122-1,https://lwn.net/Articles/735553,asterisk,2017-10-05
DSA-3991-1,https://lwn.net/Articles/735459,qemu,2017-10-03
DSA-3990-1,https://lwn.net/Articles/735458,asterisk,2017-10-03
DLA-1120-1,https://lwn.net/Articles/735345,git,2017-10-02
DSA-3989-1,https://lwn.net/Articles/735344,dnsmasq,2017-10-02
DSA-3988-1,https://lwn.net/Articles/735248,libidn2-0,2017-09-30
DLA-1119-1,https://lwn.net/Articles/735250,otrs2,2017-09-30
DLA-1118-1,https://lwn.net/Articles/735245,firefox-esr,2017-09-30
DSA-3986-1,https://lwn.net/Articles/735247,ghostscript,2017-09-29
DSA-3987-1,https://lwn.net/Articles/735246,firefox-esr,2017-09-29
DLA-1117-1,https://lwn.net/Articles/735249,opencv,2017-09-29
DSA-3985-1,https://lwn.net/Articles/735009,chromium-browser,2017-09-28
DLA-1115-1,https://lwn.net/Articles/734895,debsecan,2017-09-27
DLA-1116-1,https://lwn.net/Articles/735010,poppler,2017-09-27
DLA-1112-1,https://lwn.net/Articles/734899,rubygems,2017-09-26
DSA-3984-1,https://lwn.net/Articles/734896,git,2017-09-26
DLA-1113-1,https://lwn.net/Articles/734897,ruby1.8,2017-09-26
DLA-1111-1,https://lwn.net/Articles/734900,weechat,2017-09-26
DLA-1114-1,https://lwn.net/Articles/734898,ruby1.9.1,2017-09-26
DLA-1110-1,https://lwn.net/Articles/734732,samba,2017-09-25
DLA-1109-1,https://lwn.net/Articles/734731,libraw,2017-09-24
DLA-1108-1,https://lwn.net/Articles/734734,tomcat7,2017-09-24
DLA-1107-1,https://lwn.net/Articles/734728,bzr,2017-09-23
DLA-1106-1,https://lwn.net/Articles/734730,libgd2,2017-09-22
DSA-3983-1,https://lwn.net/Articles/734733,samba,2017-09-22
DLA-1105-1,https://lwn.net/Articles/734729,clamav,2017-09-22
DLA-1102-1,https://lwn.net/Articles/734587,apache2,2017-09-21
DSA-3982-1,https://lwn.net/Articles/734476,perl,2017-09-21
DLA-1104-1,https://lwn.net/Articles/734590,newsbeuter,2017-09-21
DLA-1103-1,https://lwn.net/Articles/734588,bluez,2017-09-21
DLA-1101-1,https://lwn.net/Articles/734589,emacs23,2017-09-21
DLA-1099-1,https://lwn.net/Articles/734474,kernel,2017-09-20
DSA-3981-1,https://lwn.net/Articles/734475,kernel,2017-09-20
DLA-1100-1,https://lwn.net/Articles/734256,gdk-pixbuf,2017-09-20
DSA-3980-1,https://lwn.net/Articles/734255,apache2,2017-09-20
DSA-3979-1,https://lwn.net/Articles/734257,pyjwt,2017-09-19
DSA-3977-1,https://lwn.net/Articles/734125,newsbeuter,2017-09-18
DSA-3978-1,https://lwn.net/Articles/734124,gdk-pixbuf,2017-09-18
DSA-3976-1,https://lwn.net/Articles/733973,freexl,2017-09-17
DLA-1098-1,https://lwn.net/Articles/733972,freexl,2017-09-17
DLA-1097-1,https://lwn.net/Articles/733811,tcpdump,2017-09-15
DSA-3974-1,https://lwn.net/Articles/733974,tomcat8,2017-09-15
DSA-3975-1,https://lwn.net/Articles/733971,emacs25,2017-09-15
DSA-3973-1,https://lwn.net/Articles/733812,wordpress-shibboleth,2017-09-14
DSA-3972-1,https://lwn.net/Articles/733564,bluez,2017-09-13
DLA-1096-1,https://lwn.net/Articles/733688,wordpress-shibboleth,2017-09-13
DSA-3971-1,https://lwn.net/Articles/733566,tcpdump,2017-09-13
DSA-3970-1,https://lwn.net/Articles/733565,emacs24,2017-09-12
DSA-3969-1,https://lwn.net/Articles/733567,xen,2017-09-12
DSA-3968-1,https://lwn.net/Articles/733451,icedove,2017-09-11
DLA-1095-1,https://lwn.net/Articles/733357,freerdp,2017-09-11
DLA-1094-1,https://lwn.net/Articles/733360,tiff3,2017-09-09
DLA-1093-1,https://lwn.net/Articles/733359,tiff,2017-09-09
DSA-3967-1,https://lwn.net/Articles/733358,mbedtls,2017-09-08
DLA-1092-1,https://lwn.net/Articles/733242,libarchive,2017-09-08
DLA-1091-1,https://lwn.net/Articles/733243,unrar-free,2017-09-07
DLA-1087-2,https://lwn.net/Articles/733241,icedove,2017-09-07
DLA-1090-1,https://lwn.net/Articles/733026,tcpdump,2017-09-06
DLA-1087-1,https://lwn.net/Articles/733023,icedove,2017-09-05
DLA-1089-1,https://lwn.net/Articles/733024,irssi,2017-09-05
DSA-3966-1,https://lwn.net/Articles/733025,ruby2.3,2017-09-05
DSA-3965-1,https://lwn.net/Articles/733022,file,2017-09-05
DLA-1088-1,https://lwn.net/Articles/732935,irssi,2017-09-04
DSA-3964-1,https://lwn.net/Articles/732934,asterisk,2017-09-04
DSA-3963-1,https://lwn.net/Articles/732841,mercurial,2017-09-04
DLA-1085-1,https://lwn.net/Articles/732840,libidn2-0,2017-09-03
DSA-3962-1,https://lwn.net/Articles/732842,strongswan,2017-09-03
DLA-1086-1,https://lwn.net/Articles/732836,enigmail,2017-09-03
DSA-3961-1,https://lwn.net/Articles/732838,libgd2,2017-09-03
DLA-1084-1,https://lwn.net/Articles/732839,libidn,2017-09-02
DSA-3960-1,https://lwn.net/Articles/732837,gnupg,2017-09-01
DLA-1083-1,https://lwn.net/Articles/732630,openexr,2017-09-01
DLA-1081-1,https://lwn.net/Articles/732518,imagemagick,2017-08-31
DLA-1080-1,https://lwn.net/Articles/732517,gnupg,2017-08-31
DLA-1079-1,https://lwn.net/Articles/732519,libdbd-mysql-perl,2017-08-31
DLA-1082-1,https://lwn.net/Articles/732629,graphicsmagick,2017-08-31
DLA-1072-1,https://lwn.net/Articles/732520,mercurial,2017-08-31
DLA-1078-1,https://lwn.net/Articles/732515,connman,2017-08-30
DLA-1076-1,https://lwn.net/Articles/732521,php5,2017-08-30
DLA-1077-1,https://lwn.net/Articles/732516,faad2,2017-08-30
DLA-1074-1,https://lwn.net/Articles/732384,poppler,2017-08-29
DSA-3959-1,https://lwn.net/Articles/732383,libgcrypt20,2017-08-29
DSA-3958-1,https://lwn.net/Articles/732246,fontforge,2017-08-29
DLA-1075-1,https://lwn.net/Articles/732385,wordpress,2017-08-29
DLA-1073-1,https://lwn.net/Articles/732247,openjdk-7,2017-08-29
DSA-3957-1,https://lwn.net/Articles/732245,ffmpeg,2017-08-28
DLA-1071-1,https://lwn.net/Articles/732154,qemu-kvm,2017-08-28
DLA-1070-1,https://lwn.net/Articles/732153,qemu,2017-08-28
DLA-1068-1,https://lwn.net/Articles/732149,git,2017-08-27
DLA-1069-1,https://lwn.net/Articles/732155,tenshi,2017-08-27
DSA-3956-1,https://lwn.net/Articles/732146,connman,2017-08-27
DLA-1066-1,https://lwn.net/Articles/732152,php5,2017-08-26
DLA-1067-1,https://lwn.net/Articles/732145,augeas,2017-08-26
DLA-1065-1,https://lwn.net/Articles/732147,fontforge,2017-08-26
DSA-3955-1,https://lwn.net/Articles/732150,mariadb-10.1,2017-08-26
DLA-1064-1,https://lwn.net/Articles/732148,freeradius,2017-08-25
DSA-3954-1,https://lwn.net/Articles/732151,openjdk-7,2017-08-25
DSA-3952-1,https://lwn.net/Articles/731748,libxml2,2017-08-23
DSA-3953-1,https://lwn.net/Articles/731857,aodh,2017-08-23
DSA-3951-1,https://lwn.net/Articles/731747,smb4k,2017-08-22
DSA-3950-1,https://lwn.net/Articles/731619,libraw,2017-08-21
DLA-1063-1,https://lwn.net/Articles/731618,extplorer,2017-08-21
DSA-3949-1,https://lwn.net/Articles/731519,augeas,2017-08-21
DLA-1062-1,https://lwn.net/Articles/731520,curl,2017-08-20
DLA-1060-1,https://lwn.net/Articles/731522,libxml2,2017-08-19
DLA-1061-1,https://lwn.net/Articles/731524,newsbeuter,2017-08-19
DSA-3948-1,https://lwn.net/Articles/731521,ioquake3,2017-08-19
DLA-1059-1,https://lwn.net/Articles/731525,strongswan,2017-08-18
DSA-3946-1,https://lwn.net/Articles/731381,libmspack,2017-08-18
DSA-3947-1,https://lwn.net/Articles/731523,newsbeuter,2017-08-18
DSA-3945-1,https://lwn.net/Articles/731380,kernel,2017-08-17
DSA-3944-1,https://lwn.net/Articles/731284,mariadb-10.0,2017-08-17
DSA-3928-2,https://lwn.net/Articles/731283,firefox-esr,2017-08-16
DLA-1058-1,https://lwn.net/Articles/731021,krb5,2017-08-14
DLA-1057-1,https://lwn.net/Articles/731022,libraw,2017-08-14
DSA-3943-1,https://lwn.net/Articles/731020,gajim,2017-08-14
DSA-3942-1,https://lwn.net/Articles/730866,supervisor,2017-08-13
DSA-3940-1,https://lwn.net/Articles/730862,iortcw,2017-08-13
DSA-3940-1,https://lwn.net/Articles/730860,cvs,2017-08-13
DLA-1056-1,https://lwn.net/Articles/730859,cvs,2017-08-13
DLA-1053-1,https://lwn.net/Articles/730861,firefox-esr,2017-08-12
DLA-1054-1,https://lwn.net/Articles/730865,libgxps,2017-08-12
DSA-3937-1,https://lwn.net/Articles/730867,zabbix,2017-08-12
DSA-3938-1,https://lwn.net/Articles/730864,libgd2,2017-08-12
DLA-1055-1,https://lwn.net/Articles/730863,libgd2,2017-08-12
DSA-3939-1,https://lwn.net/Articles/730858,botan1.10,2017-08-12
DLA-1052-1,https://lwn.net/Articles/730592,subversion,2017-08-11
DSA-3933-1,https://lwn.net/Articles/730588,pjproject,2017-08-10
DSA-3932-1,https://lwn.net/Articles/730593,subversion,2017-08-10
DSA-3936-1,https://lwn.net/Articles/730591,postgresql-9.6,2017-08-10
DSA-3935-1,https://lwn.net/Articles/730590,postgresql-9.4,2017-08-10
DLA-1051-1,https://lwn.net/Articles/730589,postgresql-9.1,2017-08-10
DSA-3929-1,https://lwn.net/Articles/730587,libsoup2.4,2017-08-10
DSA-3934-1,https://lwn.net/Articles/730586,git,2017-08-10
DSA-3930-1,https://lwn.net/Articles/730585,freeradius,2017-08-10
DSA-3928-1,https://lwn.net/Articles/730472,firefox-esr,2017-08-10
DLA-??????,https://lwn.net/Articles/730594,xchat,2017-08-10
DSA-3927-1,https://lwn.net/Articles/730081,kernel,2017-08-07
DLA-1049-1,https://lwn.net/Articles/730082,libsndfile,2017-08-07
DSA-3925-1,https://lwn.net/Articles/730083,qemu,2017-08-04
DSA-3926-1,https://lwn.net/Articles/730080,chromium-browser,2017-08-04
DSA-3924-1,https://lwn.net/Articles/729605,varnish,2017-08-02
DSA-3923-1,https://lwn.net/Articles/729442,freerdp,2017-08-01
DLA-1048-1,https://lwn.net/Articles/729443,ghostscript,2017-08-01
DLA-1047-1,https://lwn.net/Articles/729324,supervisor,2017-07-31
DLA-1046-1,https://lwn.net/Articles/729320,lucene-solr,2017-07-30
DLA-1045-1,https://lwn.net/Articles/729317,graphicsmagick,2017-07-30
DLA-841-2,https://lwn.net/Articles/729315,apache2,2017-07-29
DLA-1044-1,https://lwn.net/Articles/729318,ipsec-tools,2017-07-29
DSA-3921-1,https://lwn.net/Articles/729316,enigmail,2017-07-28
DLA-1042-1,https://lwn.net/Articles/729319,libquicktime,2017-07-28
DLA-1043-1,https://lwn.net/Articles/729321,mysql-5.5,2017-07-28
DLA-1041-1,https://lwn.net/Articles/729323,nasm,2017-07-28
DSA-3922-1,https://lwn.net/Articles/729322,mysql-5.5,2017-07-28
DLA-613-2,https://lwn.net/Articles/729115,roundcube,2017-07-27
DLA-1040-1,https://lwn.net/Articles/729029,resiprocate,2017-07-26
DSA-3919-1,https://lwn.net/Articles/728904,openjdk-8,2017-07-25
DLA-1025-2,https://lwn.net/Articles/728902,bind9,2017-07-25
DSA-3918-1,https://lwn.net/Articles/728903,icedove,2017-07-25
DSA-3920-1,https://lwn.net/Articles/728905,qemu,2017-07-25
DLA-1039-1,https://lwn.net/Articles/728906,rkhunter,2017-07-25
DLA-1038-1,https://lwn.net/Articles/728742,libtasn1-3,2017-07-24
DLA-1036-1,https://lwn.net/Articles/728741,gsoap,2017-07-24
DLA-1037-1,https://lwn.net/Articles/728740,catdoc,2017-07-24
DSA-3917-1,https://lwn.net/Articles/728639,catdoc,2017-07-23
DSA-3904-2,https://lwn.net/Articles/728638,bind9,2017-07-23
DSA-3916-1,https://lwn.net/Articles/728637,atril,2017-07-21
DLA-1035-1,https://lwn.net/Articles/728640,qemu,2017-07-21
DLA-1034-1,https://lwn.net/Articles/728505,php5,2017-07-21
DSA-3915-1,https://lwn.net/Articles/728506,ruby-mixlib-archive,2017-07-20
DLA-1033-1,https://lwn.net/Articles/728416,memcached,2017-07-20
DLA-1032-1,https://lwn.net/Articles/728268,unattended-upgrades,2017-07-19
DSA-3914-1,https://lwn.net/Articles/728267,imagemagick,2017-07-18
DLA-1031-1,https://lwn.net/Articles/728266,evince,2017-07-18
DSA-3913-1,https://lwn.net/Articles/728265,apache2,2017-07-18
DLA-1030-1,https://lwn.net/Articles/728269,vim,2017-07-18
DLA-1028-1,https://lwn.net/Articles/728102,apache2,2017-07-17
DLA-1029-1,https://lwn.net/Articles/728183,libmtp,2017-07-17
DSA-3912-1,https://lwn.net/Articles/728104,heimdal,2017-07-16
DLA-1026-1,https://lwn.net/Articles/727910,xorg-server,2017-07-14
DSA-3910-1,https://lwn.net/Articles/728105,knot,2017-07-14
DSA-3911-1,https://lwn.net/Articles/728103,evince,2017-07-14
DLA-1027-1,https://lwn.net/Articles/727908,heimdal,2017-07-14
DSA-3909-1,https://lwn.net/Articles/727909,samba,2017-07-14
DLA-1025-1,https://lwn.net/Articles/727907,bind9,2017-07-13
DLA-1024-1,https://lwn.net/Articles/727802,nginx,2017-07-13
DSA-3908-1,https://lwn.net/Articles/727801,nginx,2017-07-12
DLA-1023-1,https://lwn.net/Articles/727545,tiff3,2017-07-11
DLA-1021-1,https://lwn.net/Articles/727543,jetty8,2017-07-11
DLA-1022-1,https://lwn.net/Articles/727544,tiff,2017-07-11
DSA-3907-1,https://lwn.net/Articles/727632,spice,2017-07-11
DSA-3906-1,https://lwn.net/Articles/727633,undertow,2017-07-11
DLA-1020-1,https://lwn.net/Articles/727434,jetty,2017-07-10
DLA-1019-1,https://lwn.net/Articles/727436,phpldapadmin,2017-07-09
DSA-3905-1,https://lwn.net/Articles/727438,xorg-server,2017-07-09
DLA-1018-1,https://lwn.net/Articles/727437,sqlite3,2017-07-09
DSA-3904-1,https://lwn.net/Articles/727433,bind9,2017-07-08
DLA-1017-1,https://lwn.net/Articles/727435,mpg123,2017-07-08
DLA-1015-1,https://lwn.net/Articles/727291,libgcrypt11,2017-07-06
DLA-1016-1,https://lwn.net/Articles/727292,radare2,2017-07-06
DSA-3902-1,https://lwn.net/Articles/727289,jabberd2,2017-07-05
DLA-1014-1,https://lwn.net/Articles/727290,libclamunrar,2017-07-05
DLA-1013-1,https://lwn.net/Articles/727164,graphite2,2017-07-05
DSA-3903-1,https://lwn.net/Articles/727293,tiff,2017-07-05
DLA-1007-1,https://lwn.net/Articles/727011,icedove,2017-07-03
DLA-1011-1,https://lwn.net/Articles/727074,sudo,2017-07-03
DLA-1012-1,https://lwn.net/Articles/727073,puppet,2017-07-03
DLA-1010-1,https://lwn.net/Articles/727014,vorbis-tools,2017-07-03
DSA-3901-1,https://lwn.net/Articles/727012,libgcrypt20,2017-07-02
DLA-1009-1,https://lwn.net/Articles/727010,apache2,2017-07-02
DLA-1006-1,https://lwn.net/Articles/726869,libarchive,2017-06-30
DLA-1008-1,https://lwn.net/Articles/727013,libxml2,2017-06-30
DLA-1005-1,https://lwn.net/Articles/726870,mercurial,2017-06-29
DLA-1004-1,https://lwn.net/Articles/726757,drupal7,2017-06-28
DSA-3886-2,https://lwn.net/Articles/726634,kernel,2017-06-27
DSA-3899-1,https://lwn.net/Articles/726545,vlc,2017-06-27
DSA-3900-1,https://lwn.net/Articles/726635,openvpn,2017-06-27
DLA-993-2,https://lwn.net/Articles/726633,kernel,2017-06-27
DLA-1003-1,https://lwn.net/Articles/726544,unrar-nonfree,2017-06-27
DLA-1002-1,https://lwn.net/Articles/726454,smb4k,2017-06-26
DSA-3898-1,https://lwn.net/Articles/726452,expat,2017-06-25
DSA-3897-1,https://lwn.net/Articles/726450,drupal7,2017-06-24
DLA-1000-1,https://lwn.net/Articles/726453,imagemagick,2017-06-24
DLA-1001-1,https://lwn.net/Articles/726451,exim4,2017-06-24
DSA-3896-1,https://lwn.net/Articles/726310,apache2,2017-06-22
DSA-3892-1,https://lwn.net/Articles/726222,tomcat7,2017-06-22
DSA-3891-1,https://lwn.net/Articles/726223,tomcat8,2017-06-22
DSA-3895-1,https://lwn.net/Articles/726312,flatpak,2017-06-22
DSA-3893-1,https://lwn.net/Articles/726220,jython,2017-06-22
DLA-999-1,https://lwn.net/Articles/726314,openvpn,2017-06-22
DLA-998-1,https://lwn.net/Articles/726311,c-ares,2017-06-22
DSA-3894-1,https://lwn.net/Articles/726313,graphite2,2017-06-22
DLA-997-1,https://lwn.net/Articles/726097,libffi,2017-06-21
DSA-3890-1,https://lwn.net/Articles/726221,spip,2017-06-21
DLA-995-1,https://lwn.net/Articles/726098,swftools,2017-06-20
DLA-993-1,https://lwn.net/Articles/725951,kernel,2017-06-20
DLA-994-1,https://lwn.net/Articles/726100,zziplib,2017-06-20
DLA-996-1,https://lwn.net/Articles/726099,tomcat7,2017-06-20
DSA-3889-1,https://lwn.net/Articles/725952,libffi,2017-06-19
DSA-3886-1,https://lwn.net/Articles/725802,kernel,2017-06-19
DSA-3887-1,https://lwn.net/Articles/725798,glibc,2017-06-19
DSA-3888-1,https://lwn.net/Articles/725795,exim4,2017-06-19
DLA-992-1,https://lwn.net/Articles/725950,eglibc,2017-06-19
DLA-991-1,https://lwn.net/Articles/725797,firefox-esr,2017-06-18
DLA-989-1,https://lwn.net/Articles/725801,jython,2017-06-18
DLA-990-1,https://lwn.net/Articles/725796,expat,2017-06-18
DSA-3885-1,https://lwn.net/Articles/725800,irssi,2017-06-18
DSA-3884-1,https://lwn.net/Articles/725799,gnutls28,2017-06-16
DLA-988-1,https://lwn.net/Articles/725571,rt-authen-externalauth,2017-06-16
DLA-986-1,https://lwn.net/Articles/725572,zookeeper,2017-06-15
DLA-985-1,https://lwn.net/Articles/725483,libsndfile,2017-06-15
DSA-3883-1,https://lwn.net/Articles/725570,rt-authen-externalauth,2017-06-15
DLA-987-1,https://lwn.net/Articles/725569,request-tracker4,2017-06-15
DSA-3882-1,https://lwn.net/Articles/725568,request-tracker4,2017-06-15
DSA-3880-1,https://lwn.net/Articles/725358,libgcrypt20,2017-06-14
DSA-3881-1,https://lwn.net/Articles/725482,firefox-esr,2017-06-14
DLA-984-1,https://lwn.net/Articles/725240,tiff,2017-06-13
DSA-3879-1,https://lwn.net/Articles/725359,libosip2,2017-06-13
DLA-983-1,https://lwn.net/Articles/725241,tiff3,2017-06-13
DSA-3878-1,https://lwn.net/Articles/725242,zziplib,2017-06-12
DLA-982-1,https://lwn.net/Articles/725056,tor,2017-06-10
DSA-3877-1,https://lwn.net/Articles/725057,tor,2017-06-10
DSA-3874-1,https://lwn.net/Articles/724903,ettercap,2017-06-09
DSA-3875-1,https://lwn.net/Articles/725054,libmwaw,2017-06-09
DSA-3876-1,https://lwn.net/Articles/725055,otrs2,2017-06-09
DLA-979-1,https://lwn.net/Articles/724859,dropping support for some packages,2017-06-07
DLA-981-1,https://lwn.net/Articles/724778,apng2gif,2017-06-07
DLA-980-1,https://lwn.net/Articles/724779,ming,2017-06-06
DLA-976-1,https://lwn.net/Articles/724685,yodl,2017-06-05
DSA-3873-1,https://lwn.net/Articles/724613,perl,2017-06-05
DLA-977-1,https://lwn.net/Articles/724683,freeradius,2017-06-05
DLA-978-1,https://lwn.net/Articles/724684,perl,2017-06-05
DLA-975-1,https://lwn.net/Articles/724476,wordpress,2017-06-02
DSA-3872-1,https://lwn.net/Articles/724472,nss,2017-06-01
DLA-964-1,https://lwn.net/Articles/724349,xen,2017-06-01
DLA-973-1,https://lwn.net/Articles/724475,strongswan,2017-06-01
DSA-3871-1,https://lwn.net/Articles/724477,zookeeper,2017-06-01
DLA-974-1,https://lwn.net/Articles/724474,picocom,2017-06-01
DLA-972-1,https://lwn.net/Articles/724473,openldap,2017-06-01
DSA-3869-1,https://lwn.net/Articles/724347,tnef,2017-06-01
DSA-3870-1,https://lwn.net/Articles/724348,wordpress,2017-06-01
DLA-970-1,https://lwn.net/Articles/724269,sudo,2017-05-31
DLA-965-1,https://lwn.net/Articles/724268,qemu-kvm,2017-05-31
DLA-971-1,https://lwn.net/Articles/724346,nss,2017-05-31
DLA-961-1,https://lwn.net/Articles/724116,mosquitto,2017-05-30
DLA-963-1,https://lwn.net/Articles/724110,exiv2,2017-05-30
DLA-968-1,https://lwn.net/Articles/724265,libpodofo,2017-05-30
DSA-3868-1,https://lwn.net/Articles/724266,openldap,2017-05-30
DSA-3866-1,https://lwn.net/Articles/724120,strongswan,2017-05-30
DLA-969-1,https://lwn.net/Articles/724271,tiff,2017-05-30
DSA-3867-1,https://lwn.net/Articles/724270,sudo,2017-05-30
DLA-966-1,https://lwn.net/Articles/724267,pngquant,2017-05-30
DLA-967-1,https://lwn.net/Articles/724264,gajim,2017-05-30
DLA-962-1,https://lwn.net/Articles/724121,tnef,2017-05-29
DSA-3865-1,https://lwn.net/Articles/724117,mosquitto,2017-05-29
DLA-958-1,https://lwn.net/Articles/724114,libonig,2017-05-28
DSA-3864-1,https://lwn.net/Articles/724111,fop,2017-05-28
DLA-959-1,https://lwn.net/Articles/724113,libical,2017-05-28
DLA-960-1,https://lwn.net/Articles/724112,imagemagick,2017-05-28
DLA-957-1,https://lwn.net/Articles/724109,bind9,2017-05-28
DLA-956-1,https://lwn.net/Articles/724115,libsndfile,2017-05-28
DLA-955-1,https://lwn.net/Articles/724119,rzip,2017-05-26
DLA-953-1,https://lwn.net/Articles/723897,graphicsmagick,2017-05-26
DLA-954-1,https://lwn.net/Articles/724118,openjdk-7,2017-05-26
DLA-952-1,https://lwn.net/Articles/723899,kde4libs,2017-05-25
DSA-3863-1,https://lwn.net/Articles/723898,imagemagick,2017-05-25
DSA-3862-1,https://lwn.net/Articles/723900,puppet,2017-05-25
DSA-3861-1,https://lwn.net/Articles/723665,libtasn1-6,2017-05-24
DLA-951-1,https://lwn.net/Articles/723666,samba,2017-05-24
DSA-3860-1,https://lwn.net/Articles/723667,samba,2017-05-24
DLA-950-1,https://lwn.net/Articles/723664,libtasn1-3,2017-05-23
DLA-949-1,https://lwn.net/Articles/723539,miniupnpc,2017-05-22
DLA-948-1,https://lwn.net/Articles/723453,dropbear,2017-05-21
DLA-947-1,https://lwn.net/Articles/723455,icu,2017-05-20
DLA-946-1,https://lwn.net/Articles/723302,nss,2017-05-19
DSA-3858-1,https://lwn.net/Articles/723456,openjdk-7,2017-05-19
DSA-3859-1,https://lwn.net/Articles/723454,dropbear,2017-05-19
DSA-3855-1,https://lwn.net/Articles/723300,jbig2dec,2017-05-18
DSA-3857-1,https://lwn.net/Articles/723301,mysql-connector-java,2017-05-18
DSA-3856-1,https://lwn.net/Articles/723299,deluge,2017-05-18
DLA-945-1,https://lwn.net/Articles/723023,mysql-connector-java,2017-05-17
DSA-3793-2,https://lwn.net/Articles/723208,shadow,2017-05-17
DLA-944-1,https://lwn.net/Articles/722891,openvpn,2017-05-16
DLA-943-1,https://lwn.net/Articles/722889,deluge,2017-05-16
DLA-941-1,https://lwn.net/Articles/722756,squirrelmail,2017-05-15
DSA-3853-1,https://lwn.net/Articles/722752,bitlbee,2017-05-15
DLA-942-1,https://lwn.net/Articles/722890,jbig2dec,2017-05-15
DSA-3854-1,https://lwn.net/Articles/722751,bind9,2017-05-14
DLA-940-1,https://lwn.net/Articles/722755,sane-backends,2017-05-13
DSA-3852-1,https://lwn.net/Articles/722757,squirrelmail,2017-05-13
DSA-3849-1,https://lwn.net/Articles/722577,kde4libs,2017-05-12
DSA-3850-1,https://lwn.net/Articles/722754,rtmpdump,2017-05-12
DSA-3851-1,https://lwn.net/Articles/722753,postgresql-9.4,2017-05-12
DLA-939-1,https://lwn.net/Articles/722454,qemu-kvm,2017-05-11
DLA-937-1,https://lwn.net/Articles/722333,rpcbind,2017-05-10
DLA-938-1,https://lwn.net/Articles/722453,git,2017-05-10
DLA-935-1,https://lwn.net/Articles/722331,lxterminal,2017-05-10
DLA-924-2,https://lwn.net/Articles/722455,tomcat7,2017-05-10
DSA-3848-1,https://lwn.net/Articles/722329,git,2017-05-10
DLA-936-1,https://lwn.net/Articles/722330,libtirpc,2017-05-10
DSA-3846-1,https://lwn.net/Articles/722226,libytnef,2017-05-09
DLA-934-1,https://lwn.net/Articles/722332,radicale,2017-05-09
DSA-3847-1,https://lwn.net/Articles/722334,xen,2017-05-09
DSA-3845-1,https://lwn.net/Articles/722225,libtirpc,2017-05-08
DLA-933-1,https://lwn.net/Articles/722148,roundcube,2017-05-07
DLA-932-1,https://lwn.net/Articles/722147,ghostscript,2017-05-07
DLA-931-1,https://lwn.net/Articles/722146,freetype,2017-05-06
DSA-3844-1,https://lwn.net/Articles/721830,tiff,2017-05-03
DSA-3843-1,https://lwn.net/Articles/721704,tomcat8,2017-05-03
DSA-3842-1,https://lwn.net/Articles/721703,tomcat7,2017-05-03
DSA-3840-1,https://lwn.net/Articles/721702,mysql-connector-java,2017-05-02
DSA-3841-1,https://lwn.net/Articles/721701,libxstream-java,2017-05-02
DLA-930-1,https://lwn.net/Articles/721484,libxstream-java,2017-05-01
DLA-927-1,https://lwn.net/Articles/721479,fop,2017-04-29
DLA-925-1,https://lwn.net/Articles/721481,kedpm,2017-04-29
DLA-929-1,https://lwn.net/Articles/721482,libpodofo,2017-04-29
DLA-928-1,https://lwn.net/Articles/721483,libsndfile,2017-04-29
DLA-926-1,https://lwn.net/Articles/721478,batik,2017-04-29
DSA-3838-1,https://lwn.net/Articles/721288,ghostscript,2017-04-28
DLA-924-1,https://lwn.net/Articles/721486,tomcat7,2017-04-28
DLA-923-1,https://lwn.net/Articles/721485,partclone,2017-04-28
DSA-3839-1,https://lwn.net/Articles/721480,freetype,2017-04-28
DLA-922-1,https://lwn.net/Articles/721289,kernel,2017-04-28
DSA-3836-1,https://lwn.net/Articles/721194,weechat,2017-04-27
DLA-921-1,https://lwn.net/Articles/721192,slurm-llnl,2017-04-27
DSA-3837-1,https://lwn.net/Articles/721290,libreoffice,2017-04-27
DLA-919-1,https://lwn.net/Articles/721193,weechat,2017-04-26
DLA-917-1,https://lwn.net/Articles/720996,rtmpdump,2017-04-26
DLA-920-1,https://lwn.net/Articles/721190,jasper,2017-04-26
DLA-918-1,https://lwn.net/Articles/721189,freetype,2017-04-26
DSA-3835-1,https://lwn.net/Articles/721191,python-django,2017-04-26
DLA-916-1,https://lwn.net/Articles/720995,mysql-5.5,2017-04-25
DSA-3834-1,https://lwn.net/Articles/720883,mysql-5.5,2017-04-25
DLA-915-1,https://lwn.net/Articles/720994,botan1.10,2017-04-25
DLA-913-1,https://lwn.net/Articles/720880,activemq,2017-04-24
DLA-912-1,https://lwn.net/Articles/720884,tiff3,2017-04-24
DLA-911-1,https://lwn.net/Articles/720763,tiff,2017-04-24
DSA-3833-1,https://lwn.net/Articles/720881,libav,2017-04-24
DLA-914-1,https://lwn.net/Articles/720882,minicom,2017-04-24
DLA-909-1,https://lwn.net/Articles/720761,libcroco,2017-04-23
DLA-908-1,https://lwn.net/Articles/720759,chicken,2017-04-23
DLA-910-1,https://lwn.net/Articles/720762,libreoffice,2017-04-23
DLA-907-1,https://lwn.net/Articles/720885,xen,2017-04-21
DLA-906-1,https://lwn.net/Articles/720760,firefox-esr,2017-04-21
DLA-905-1,https://lwn.net/Articles/720513,ghostscript,2017-04-20
DLA-903-1,https://lwn.net/Articles/720514,hunspell-en-us,2017-04-20
DLA-904-1,https://lwn.net/Articles/720515,uzbek-wordlist,2017-04-20
DSA-3831-1,https://lwn.net/Articles/720512,firefox-esr,2017-04-20
DSA-3832-1,https://lwn.net/Articles/720607,icedove,2017-04-20
DSA-3830-1,https://lwn.net/Articles/720386,icu,2017-04-19
DLA-896-1,https://lwn.net/Articles/720385,icedove,2017-04-19
DLA-902-1,https://lwn.net/Articles/720387,imagemagick,2017-04-18
DLA-899-1,https://lwn.net/Articles/720283,feh,2017-04-17
DLA-901-1,https://lwn.net/Articles/720285,radare2,2017-04-17
DLA-900-1,https://lwn.net/Articles/720284,freetype,2017-04-17
DLA-897-1,https://lwn.net/Articles/720181,qbittorrent,2017-04-16
DLA-898-1,https://lwn.net/Articles/720179,libosip2,2017-04-16
DLA-895-1,https://lwn.net/Articles/720180,openoffice.org-dictionaries,2017-04-14
DSA-3828-2,https://lwn.net/Articles/719673,dovecot,2017-04-11
DLA-894-1,https://lwn.net/Articles/719676,samba,2017-04-11
DSA-3829-1,https://lwn.net/Articles/719797,bouncycastle,2017-04-11
DLA-892-1,https://lwn.net/Articles/719675,libnl3,2017-04-10
DLA-890-1,https://lwn.net/Articles/719593,ming,2017-04-10
DLA-891-1,https://lwn.net/Articles/719674,libnl,2017-04-10
DSA-3828-1,https://lwn.net/Articles/719672,dovecot,2017-04-10
DLA-893-1,https://lwn.net/Articles/719671,bouncycastle,2017-04-10
DLA-889-1,https://lwn.net/Articles/719594,potrace,2017-04-09
DLA-888-1,https://lwn.net/Articles/719592,logback,2017-04-08
DLA-886-1,https://lwn.net/Articles/719595,tzdata,2017-04-07
DLA-887-1,https://lwn.net/Articles/719591,libdatetime-timezone-perl,2017-04-07
DSA-3827-1,https://lwn.net/Articles/719590,jasper,2017-04-07
DLA-885-1,https://lwn.net/Articles/718994,python-django,2017-04-05
DLA-883-1,https://lwn.net/Articles/718862,curl,2017-04-04
DLA-884-1,https://lwn.net/Articles/718861,collectd,2017-04-04
DSA-3826-1,https://lwn.net/Articles/718864,tryton-server,2017-04-04
DLA-882-1,https://lwn.net/Articles/718863,tryton-server,2017-04-04
DSA-3816-2,https://lwn.net/Articles/718681,samba,2017-04-02
DLA-881-1,https://lwn.net/Articles/718679,ejabberd,2017-04-01
DSA-3825-1,https://lwn.net/Articles/718680,jhead,2017-03-31
DLA-880-1,https://lwn.net/Articles/718604,tiff3,2017-03-30
DSA-3824-1,https://lwn.net/Articles/718474,firebird2.5,2017-03-29
DSA-3798-2,https://lwn.net/Articles/718358,tnef,2017-03-29
DLA-879-1,https://lwn.net/Articles/718475,firebird2.5,2017-03-29
DLA-547-2,https://lwn.net/Articles/718356,graphicsmagick,2017-03-28
DLA-875-1,https://lwn.net/Articles/718241,php5,2017-03-28
DLA-878-1,https://lwn.net/Articles/718357,libytnef,2017-03-28
DLA-876-1,https://lwn.net/Articles/718235,eject,2017-03-28
DSA-3823-1,https://lwn.net/Articles/718355,eject,2017-03-28
DLA-877-1,https://lwn.net/Articles/718242,tiff,2017-03-28
DLA-874-1,https://lwn.net/Articles/718153,jbig2dec,2017-03-27
DLA-872-1,https://lwn.net/Articles/718158,xrdp,2017-03-27
DSA-3822-1,https://lwn.net/Articles/718240,gstreamer1.0,2017-03-27
DSA-3821-1,https://lwn.net/Articles/718239,gst-plugins-ugly1.0,2017-03-27
DSA-3820-1,https://lwn.net/Articles/718238,gst-plugins-good1.0,2017-03-27
DSA-3819-1,https://lwn.net/Articles/718237,gst-plugins-base1.0,2017-03-27
DSA-3818-1,https://lwn.net/Articles/718236,gst-plugins-bad1.0,2017-03-27
DLA-873-1,https://lwn.net/Articles/718152,apt-cacher,2017-03-27
DLA-871-1,https://lwn.net/Articles/718156,python3.2,2017-03-25
DSA-3817-1,https://lwn.net/Articles/718154,jbig2dec,2017-03-24
DLA-868-1,https://lwn.net/Articles/718015,imagemagick,2017-03-24
DLA-869-1,https://lwn.net/Articles/718014,cgiemail,2017-03-24
DLA-839-2,https://lwn.net/Articles/718157,tnef,2017-03-24
DLA-870-1,https://lwn.net/Articles/718155,libplist,2017-03-24
DSA-3816-1,https://lwn.net/Articles/717908,samba,2017-03-23
DLA-866-1,https://lwn.net/Articles/717907,libxslt,2017-03-23
DSA-3815-1,https://lwn.net/Articles/717910,wordpress,2017-03-23
DLA-867-1,https://lwn.net/Articles/718013,audiofile,2017-03-23
DLA-865-1,https://lwn.net/Articles/717909,suricata,2017-03-22
DSA-3814-1,https://lwn.net/Articles/717905,audiofile,2017-03-22
DLA-864-1,https://lwn.net/Articles/717906,jhead,2017-03-22
DSA-3796-2,https://lwn.net/Articles/717677,sitesummary,2017-03-20
DSA-3813-1,https://lwn.net/Articles/717568,r-base,2017-03-19
DLA-863-1,https://lwn.net/Articles/717565,deluge,2017-03-19
DSA-3811-1,https://lwn.net/Articles/717569,wireshark,2017-03-18
DSA-3812-1,https://lwn.net/Articles/717566,ioquake3,2017-03-18
DLA-861-1,https://lwn.net/Articles/717567,r-base,2017-03-17
DLA-860-1,https://lwn.net/Articles/717473,wordpress,2017-03-17
DLA-858-1,https://lwn.net/Articles/717472,wireshark,2017-03-17
DLA-859-1,https://lwn.net/Articles/717469,calibre,2017-03-17
DLA-857-1,https://lwn.net/Articles/717470,libdatetime-timezone-perl,2017-03-16
DLA-856-1,https://lwn.net/Articles/717471,tzdata,2017-03-16
DSA-3810-1,https://lwn.net/Articles/717239,chromium-browser,2017-03-15
DSA-3809-1,https://lwn.net/Articles/717240,mariadb-10.0,2017-03-14
DLA-854-1,https://lwn.net/Articles/717087,icoutils,2017-03-13
DLA-855-1,https://lwn.net/Articles/717089,roundcube,2017-03-13
DSA-3808-1,https://lwn.net/Articles/717088,imagemagick,2017-03-13
DSA-3807-1,https://lwn.net/Articles/716927,icoutils,2017-03-12
DLA-853-1,https://lwn.net/Articles/716928,pidgin,2017-03-11
DSA-3806-1,https://lwn.net/Articles/716710,pidgin,2017-03-10
DLA-852-1,https://lwn.net/Articles/716926,firefox-esr,2017-03-10
DSA-3805-1,https://lwn.net/Articles/716709,firefox-esr,2017-03-09
DLA-849-1,https://lwn.net/Articles/716626,kernel,2017-03-09
DLA-850-1,https://lwn.net/Articles/716711,vim,2017-03-09
DLA-851-1,https://lwn.net/Articles/716627,wget,2017-03-09
DSA-3804-1,https://lwn.net/Articles/716625,kernel,2017-03-08
DSA-3803-1,https://lwn.net/Articles/716513,texlive-base,2017-03-08
DLA-847-1,https://lwn.net/Articles/716512,texlive-base,2017-03-08
DLA-848-1,https://lwn.net/Articles/716412,freetype,2017-03-07
DLA-846-1,https://lwn.net/Articles/716413,libzip-ruby,2017-03-06
DSA-3802-1,https://lwn.net/Articles/716340,zabbix,2017-03-05
DSA-3801-1,https://lwn.net/Articles/716339,ruby-zip,2017-03-04
DLA-836-2,https://lwn.net/Articles/716212,munin,2017-03-03
DSA-3794-3,https://lwn.net/Articles/716338,munin,2017-03-03
DSA-3794-2,https://lwn.net/Articles/716116,munin,2017-03-02
DSA-3800-1,https://lwn.net/Articles/716115,libquicktime,2017-03-02
DLA-844-1,https://lwn.net/Articles/716026,libquicktime,2017-03-01
DSA-3799-1,https://lwn.net/Articles/716114,imagemagick,2017-03-01
DSA-3798-1,https://lwn.net/Articles/716029,tnef,2017-03-01
DLA-845-1,https://lwn.net/Articles/716117,qemu,2017-03-01
DSA-3797-1,https://lwn.net/Articles/716027,mupdf,2017-02-28
DLA-843-1,https://lwn.net/Articles/716025,bind9,2017-02-28
DLA-841-1,https://lwn.net/Articles/715888,apache2,2017-02-28
DLA-842-1,https://lwn.net/Articles/716028,qemu-kvm,2017-02-28
DLA-840-1,https://lwn.net/Articles/715889,libplist,2017-02-28
DLA-838-1,https://lwn.net/Articles/715786,shadow,2017-02-27
DLA-839-1,https://lwn.net/Articles/715890,tnef,2017-02-27
DSA-3795-1,https://lwn.net/Articles/715697,bind9,2017-02-26
DSA-3796-1,https://lwn.net/Articles/715784,apache2,2017-02-26
DLA-837-1,https://lwn.net/Articles/715785,radare2,2017-02-26
DSA-3794-1,https://lwn.net/Articles/715693,munin,2017-02-25
DLA-836-1,https://lwn.net/Articles/715692,munin,2017-02-25
DLA-835-1,https://lwn.net/Articles/715673,cakephp,2017-02-24
DLA-834-1,https://lwn.net/Articles/715511,phpmyadmin,2017-02-24
DSA-3793-1,https://lwn.net/Articles/715672,shadow,2017-02-24
DSA-3792-1,https://lwn.net/Articles/715510,libreoffice,2017-02-23
DLA-823-2,https://lwn.net/Articles/715376,tomcat7,2017-02-22
DSA-3791-1,https://lwn.net/Articles/715374,kernel,2017-02-22
DLA-833-1,https://lwn.net/Articles/715375,kernel,2017-02-22
DSA-3787-2,https://lwn.net/Articles/715248,tomcat7,2017-02-22
DSA-3788-2,https://lwn.net/Articles/715249,tomcat8,2017-02-22
DLA-832-1,https://lwn.net/Articles/715373,bitlbee,2017-02-20
DSA-3790-1,https://lwn.net/Articles/714833,spice,2017-02-16
DSA-3789-1,https://lwn.net/Articles/714571,libevent,2017-02-15
DSA-3786-1,https://lwn.net/Articles/714483,vim,2017-02-13
DSA-3788-1,https://lwn.net/Articles/714482,tomcat8,2017-02-13
DSA-3787-1,https://lwn.net/Articles/714481,tomcat7,2017-02-13
DSA-3784-1,https://lwn.net/Articles/714106,viewvc,2017-02-09
DSA-3785-1,https://lwn.net/Articles/714229,jasper,2017-02-09
DSA-3783-1,https://lwn.net/Articles/714105,php5,2017-02-09
DSA-3782-1,https://lwn.net/Articles/714104,openjdk-7,2017-02-08
DSA-3781-1,https://lwn.net/Articles/713740,svgsalamander,2017-02-05
DSA-3780-1,https://lwn.net/Articles/713383,ntfs-3g,2017-02-01
DSA-3779-1,https://lwn.net/Articles/713255,wordpress,2017-02-01
DSA-3776-1,https://lwn.net/Articles/713126,chromium-browser,2017-01-31
DSA-3778-1,https://lwn.net/Articles/713254,ruby-archive-tar-minitar,2017-01-31
DSA-3777-1,https://lwn.net/Articles/713253,libgd2,2017-01-31
DSA-3775-1,https://lwn.net/Articles/712991,tcpdump,2017-01-29
DSA-3774-1,https://lwn.net/Articles/712989,lcms2,2017-01-29
DSA-3773-1,https://lwn.net/Articles/712990,openssl,2017-01-27
DSA-3772-1,https://lwn.net/Articles/712785,libxpm,2017-01-26
DSA-3771-1,https://lwn.net/Articles/712626,firefox-esr,2017-01-25
DSA-3769-1,https://lwn.net/Articles/712257,libphp-swiftmailer,2017-01-22
DSA-3770-1,https://lwn.net/Articles/712258,mariadb-10.0,2017-01-22
DSA-3768-1,https://lwn.net/Articles/712259,openjpeg2,2017-01-20
DSA-3766-1,https://lwn.net/Articles/712043,mapserver,2017-01-19
DSA-3767-1,https://lwn.net/Articles/712144,mysql-5.5,2017-01-19
DSA-3743-2,https://lwn.net/Articles/711748,python-bottle,2017-01-15
DSA-3765-1,https://lwn.net/Articles/711745,icoutils,2017-01-14
DSA-3762-1,https://lwn.net/Articles/711749,tiff,2017-01-13
DSA-3761-1,https://lwn.net/Articles/711555,rabbitmq-server,2017-01-13
DSA-3764-1,https://lwn.net/Articles/711746,pdns,2017-01-13
DSA-3763-1,https://lwn.net/Articles/711747,pdns-recursor,2017-01-13
DSA-3760-1,https://lwn.net/Articles/711428,ikiwiki,2017-01-12
DSA-3759-1,https://lwn.net/Articles/711429,python-pysaml2,2017-01-12
DSA-3758-1,https://lwn.net/Articles/711427,bind9,2017-01-11
DSA-3757-1,https://lwn.net/Articles/711285,icedove,2017-01-11
DSA-3756-1,https://lwn.net/Articles/711014,icoutils,2017-01-09
DSA-3755-1,https://lwn.net/Articles/711016,tomcat8,2017-01-08
DSA-3754-1,https://lwn.net/Articles/711015,tomcat7,2017-01-08
DSA-3753-1,https://lwn.net/Articles/710776,libvncserver,2017-01-05
DSA-3752-1,https://lwn.net/Articles/710777,pcsc-lite,2017-01-04
DSA-3750-2,https://lwn.net/Articles/710606,libphp-phpmailer,2017-01-03
DSA-3751-1,https://lwn.net/Articles/710407,libgd2,2017-01-01
DSA-3750-1,https://lwn.net/Articles/710408,libphp-phpmailer,2016-12-31
DSA-3749-1,https://lwn.net/Articles/710333,dcmtk,2016-12-29
DSA-3748-1,https://lwn.net/Articles/710188,libcrypto++,2016-12-26
DSA-3747-1,https://lwn.net/Articles/710186,exim4,2016-12-25
DSA-3745-1,https://lwn.net/Articles/710190,squid3,2016-12-24
DSA-3746-1,https://lwn.net/Articles/710187,graphicsmagick,2016-12-24
DSA-3744-1,https://lwn.net/Articles/710189,libxml2,2016-12-23
DSA-3732-2,https://lwn.net/Articles/709808,php-ssh2,2016-12-21
DSA-3743-1,https://lwn.net/Articles/709809,python-bottle,2016-12-20
DSA-3741-1,https://lwn.net/Articles/709727,tor,2016-12-20
DSA-3742-1,https://lwn.net/Articles/709807,flightgear,2016-12-20
DSA-3740-1,https://lwn.net/Articles/709631,samba,2016-12-19
DSA-3738-1,https://lwn.net/Articles/709632,tomcat7,2016-12-18
DSA-3739-1,https://lwn.net/Articles/709633,tomcat8,2016-12-18
DSA-3737-1,https://lwn.net/Articles/709630,php5,2016-12-16
DSA-3736-1,https://lwn.net/Articles/709442,libupnp,2016-12-16
DSA-3735-1,https://lwn.net/Articles/709281,game-music-emu,2016-12-15
DSA-3734-1,https://lwn.net/Articles/709120,firefox-esr,2016-12-14
DSA-3733-1,https://lwn.net/Articles/709119,apt,2016-12-13
DSA-3732-1,https://lwn.net/Articles/708932,php5,2016-12-13
DSA-3731-1,https://lwn.net/Articles/708811,chromium-browser,2016-12-11
DSA-3730-1,https://lwn.net/Articles/708812,icedove,2016-12-11
DSA-3729-1,https://lwn.net/Articles/708487,xen,2016-12-07
DSA-3728-1,https://lwn.net/Articles/707814,firefox-esr,2016-12-01
DSA-3727-1,https://lwn.net/Articles/707677,hdf5,2016-11-30
DSA-3725-1,https://lwn.net/Articles/707468,icu,2016-11-27
DSA-3726-1,https://lwn.net/Articles/707469,imagemagick,2016-11-27
DSA-3723-1,https://lwn.net/Articles/707331,gst-plugins-good1.0,2016-11-24
DSA-3724-1,https://lwn.net/Articles/707330,gst-plugins-good0.10,2016-11-24
DSA-3722-1,https://lwn.net/Articles/707174,vim,2016-11-22
DSA-3721-1,https://lwn.net/Articles/707172,tomcat7,2016-11-21
DSA-3720-1,https://lwn.net/Articles/707173,tomcat8,2016-11-21
DSA-3719-1,https://lwn.net/Articles/706980,wireshark,2016-11-21
DSA-3718-1,https://lwn.net/Articles/706810,drupal7,2016-11-17
DSA-3717-1,https://lwn.net/Articles/706811,gst-plugins-bad1.0,2016-11-17
DSA-3716-1,https://lwn.net/Articles/706717,firefox-esr,2016-11-16
DSA-3715-1,https://lwn.net/Articles/706569,moin,2016-11-15
DSA-3714-1,https://lwn.net/Articles/706567,akonadi,2016-11-15
DSA-3713-1,https://lwn.net/Articles/706568,gst-plugins-bad0.10,2016-11-15
DSA-3712-1,https://lwn.net/Articles/706380,terminology,2016-11-13
DSA-3711-1,https://lwn.net/Articles/706379,mariadb-10.0,2016-11-11
DSA-3710-1,https://lwn.net/Articles/706209,pillow,2016-11-10
DSA-3709-1,https://lwn.net/Articles/706012,libxslt,2016-11-08
DSA-3706-1,https://lwn.net/Articles/705794,mysql-5.5,2016-11-07
DSA-3708-1,https://lwn.net/Articles/705896,mat,2016-11-07
DSA-3707-1,https://lwn.net/Articles/705897,openjdk-7,2016-11-07
DSA-3704-1,https://lwn.net/Articles/705642,memcached,2016-11-03
DSA-3705-1,https://lwn.net/Articles/705641,curl,2016-11-03
DSA-3702-1,https://lwn.net/Articles/705327,tar,2016-11-01
DSA-3703-1,https://lwn.net/Articles/705326,bind9,2016-11-01
DSA-3691-2,https://lwn.net/Articles/705057,ghostscript,2016-10-28
DSA-3701-2,https://lwn.net/Articles/704908,nginx,2016-10-28
DSA-3700-1,https://lwn.net/Articles/704661,asterisk,2016-10-25
DSA-3701-1,https://lwn.net/Articles/704662,nginx,2016-10-25
DSA-3699-1,https://lwn.net/Articles/704567,virtualbox,2016-10-25
DSA-3698-1,https://lwn.net/Articles/704566,php5,2016-10-24
DSA-3697-1,https://lwn.net/Articles/704425,kdepimlibs,2016-10-21
DSA-3696-1,https://lwn.net/Articles/704101,kernel,2016-10-19
DSA-3695-1,https://lwn.net/Articles/703953,quagga,2016-10-18
DSA-3694-1,https://lwn.net/Articles/703954,tor,2016-10-18
DSA-3693-1,https://lwn.net/Articles/703756,libgd2,2016-10-14
DSA-3692-1,https://lwn.net/Articles/703585,freeimage,2016-10-13
DSA-3691-1,https://lwn.net/Articles/703302,ghostscript,2016-10-12
DSA-3690-1,https://lwn.net/Articles/703212,icedove,2016-10-10
DSA-3689-1,https://lwn.net/Articles/703073,php5,2016-10-08
DSA-3688-1,https://lwn.net/Articles/702770,nss,2016-10-05
DSA-3687-1,https://lwn.net/Articles/702769,nspr,2016-10-05
DSA-3686-1,https://lwn.net/Articles/702607,icedove,2016-10-04
DSA-3685-1,https://lwn.net/Articles/702608,libav,2016-10-04
DSA-3684-1,https://lwn.net/Articles/702533,libdbd-mysql-perl,2016-10-03
DSA-3683-1,https://lwn.net/Articles/702456,chromium-browser,2016-10-02
DSA-3681-2,https://lwn.net/Articles/702457,wordpress,2016-10-01
DSA-3682-1,https://lwn.net/Articles/702455,c-ares,2016-09-30
DSA-3681-1,https://lwn.net/Articles/702295,wordpress,2016-09-29
DSA-3680-1,https://lwn.net/Articles/702088,bind9,2016-09-27
DSA-3679-1,https://lwn.net/Articles/701985,jackrabbit,2016-09-27
DSA-3678-1,https://lwn.net/Articles/701986,python-django,2016-09-26
DSA-3677-1,https://lwn.net/Articles/701883,libarchive,2016-09-25
DSA-3676-1,https://lwn.net/Articles/701885,unadf,2016-09-24
DSA-3675-1,https://lwn.net/Articles/701882,imagemagick,2016-09-23
DSA-3673-2,https://lwn.net/Articles/701884,openssl,2016-09-23
DSA-3674-1,https://lwn.net/Articles/701704,firefox-esr,2016-09-22
DSA-3673-1,https://lwn.net/Articles/701619,openssl,2016-09-22
DSA-3672-1,https://lwn.net/Articles/701585,irssi,2016-09-21
DSA-3671-1,https://lwn.net/Articles/701343,wireshark,2016-09-20
DSA-3670-1,https://lwn.net/Articles/700946,tomcat8,2016-09-15
DSA-3669-1,https://lwn.net/Articles/700945,tomcat7,2016-09-15
DSA-3667-1,https://lwn.net/Articles/700804,chromium-browser,2016-09-15
DSA-3668-1,https://lwn.net/Articles/700805,mailman,2016-09-15
DSA-3666-1,https://lwn.net/Articles/700635,mysql-5.5,2016-09-14
DSA-3665-1,https://lwn.net/Articles/700365,openjpeg2,2016-09-11
DSA-3664-1,https://lwn.net/Articles/700366,pdns,2016-09-10
DSA-3663-1,https://lwn.net/Articles/700091,xen,2016-09-09
DSA-3662-1,https://lwn.net/Articles/700090,inspircd,2016-09-08
DSA-3661-1,https://lwn.net/Articles/699790,charybdis,2016-09-06
DSA-3660-1,https://lwn.net/Articles/699656,chromium-browser,2016-09-05
DSA-3653-2,https://lwn.net/Articles/699657,flex,2016-09-04
DSA-3659-1,https://lwn.net/Articles/699658,kernel,2016-09-04
DSA-3658-1,https://lwn.net/Articles/699146,libidn,2016-09-01
DSA-3656-1,https://lwn.net/Articles/698770,tryton-server,2016-08-30
DSA-3657-1,https://lwn.net/Articles/698769,libarchive,2016-08-30
DSA-3654-1,https://lwn.net/Articles/698327,quagga,2016-08-26
DSA-3655-1,https://lwn.net/Articles/698462,mupdf,2016-08-26
DSA-3653-1,https://lwn.net/Articles/698325,flex,2016-08-25
DSA-3651-1,https://lwn.net/Articles/698328,rails,2016-08-25
DSA-3652-1,https://lwn.net/Articles/698326,imagemagick,2016-08-25
DSA-3650-1,https://lwn.net/Articles/697555,libgcrypt20,2016-08-17
DSA-3649-1,https://lwn.net/Articles/697554,gnupg,2016-08-17
DSA-3648-1,https://lwn.net/Articles/697240,wireshark,2016-08-12
DSA-3647-1,https://lwn.net/Articles/697110,icedove,2016-08-11
DSA-3646-1,https://lwn.net/Articles/697111,postgresql-9.4,2016-08-11
DSA-3645-1,https://lwn.net/Articles/696774,chromium-browser,2016-08-09
DSA-3644-1,https://lwn.net/Articles/696775,fontconfig,2016-08-08
DSA-3643-1,https://lwn.net/Articles/696671,kde4libs,2016-08-06
DSA-3642-1,https://lwn.net/Articles/696672,lighttpd,2016-08-06
DSA-3641-1,https://lwn.net/Articles/696521,openjdk-7,2016-08-04
DSA-3640-1,https://lwn.net/Articles/696387,firefox-esr,2016-08-03
DSA-3639-1,https://lwn.net/Articles/696388,wordpress,2016-08-03
DSA-3638-1,https://lwn.net/Articles/696188,curl,2016-08-03
DSA-3637-1,https://lwn.net/Articles/695917,chromium-browser,2016-07-31
DSA-3636-1,https://lwn.net/Articles/695918,collectd,2016-07-30
DSA-3634-1,https://lwn.net/Articles/695920,redis,2016-07-30
DSA-3635-1,https://lwn.net/Articles/695919,libdbd-mysql-perl,2016-07-29
DSA-3633-1,https://lwn.net/Articles/695664,xen,2016-07-27
DSA-3632-1,https://lwn.net/Articles/695536,mariadb-10.0,2016-07-27
DSA-3631-1,https://lwn.net/Articles/695537,php5,2016-07-26
DSA-3630-1,https://lwn.net/Articles/695535,libgd2,2016-07-26
DSA-3629-1,https://lwn.net/Articles/695447,ntp,2016-07-25
DSA-3628-1,https://lwn.net/Articles/695301,perl,2016-07-25
DSA-3626-1,https://lwn.net/Articles/695300,openssh,2016-07-24
DSA-3627-1,https://lwn.net/Articles/695302,phpmyadmin,2016-07-24
DSA-3625-1,https://lwn.net/Articles/695160,squid3,2016-07-22
DSA-3624-1,https://lwn.net/Articles/695159,mysql-5.5,2016-07-21
DSA-3623-1,https://lwn.net/Articles/694934,apache2,2016-07-20
DSA-3621-1,https://lwn.net/Articles/694837,mysql-connector-java,2016-07-18
DSA-3622-1,https://lwn.net/Articles/694838,python-django,2016-07-18
DSA-3620-1,https://lwn.net/Articles/694763,pidgin,2016-07-15
DSA-3619-1,https://lwn.net/Articles/694762,libgd2,2016-07-15
DSA-3618-1,https://lwn.net/Articles/694598,php5,2016-07-14
DSA-3617-1,https://lwn.net/Articles/693717,horizon,2016-07-06
DSA-3616-1,https://lwn.net/Articles/693433,kernel,2016-07-04
DSA-3615-1,https://lwn.net/Articles/693436,wireshark,2016-07-02
DSA-3614-1,https://lwn.net/Articles/693435,tomcat7,2016-07-02
DSA-3613-1,https://lwn.net/Articles/693434,libvirt,2016-07-02
DSA-3612-1,https://lwn.net/Articles/693432,gimp,2016-07-01
DSA-3611-1,https://lwn.net/Articles/693070,libcommons-fileupload-java,2016-06-30
DSA-3608-1,https://lwn.net/Articles/693071,libreoffice,2016-06-29
DSA-3610-1,https://lwn.net/Articles/693073,xerces-c,2016-06-29
DSA-3609-1,https://lwn.net/Articles/693072,tomcat8,2016-06-29
DSA-3607-1,https://lwn.net/Articles/692894,kernel,2016-06-28
DSA-3606-1,https://lwn.net/Articles/692815,libpdfbox-java,2016-06-24
DSA-3605-1,https://lwn.net/Articles/692000,libxslt,2016-06-19
DSA-3604-1,https://lwn.net/Articles/691794,drupal7,2016-06-16
DSA-3602-1,https://lwn.net/Articles/691488,php5,2016-06-14
DSA-3603-1,https://lwn.net/Articles/691487,libav,2016-06-14
DSA-3601-1,https://lwn.net/Articles/691255,icedove,2016-06-13
DSA-3599-1,https://lwn.net/Articles/690766,p7zip,2016-06-09
DSA-3600-1,https://lwn.net/Articles/690765,firefox-esr,2016-06-09
DSA-3598-1,https://lwn.net/Articles/690379,vlc,2016-06-07
DSA-3597-1,https://lwn.net/Articles/690378,expat,2016-06-07
DSA-3596-1,https://lwn.net/Articles/690126,spice,2016-06-06
DSA-3595-1,https://lwn.net/Articles/689991,mariadb-10.0,2016-06-05
DSA-3548-3,https://lwn.net/Articles/689992,samba,2016-06-05
DSA-3594-1,https://lwn.net/Articles/689990,chromium-browser,2016-06-04
DSA-3593-1,https://lwn.net/Articles/689706,libxml2,2016-06-02
DSA-3591-1,https://lwn.net/Articles/689354,imagemagick,2016-06-01
DSA-3590-1,https://lwn.net/Articles/689353,chromium-browser,2016-06-01
DSA-3592-1,https://lwn.net/Articles/689560,nginx,2016-06-01
DSA-3589-1,https://lwn.net/Articles/689195,gdk-pixbuf,2016-05-30
DSA-3588-1,https://lwn.net/Articles/689196,symfony,2016-05-29
DSA-3587-1,https://lwn.net/Articles/688813,libgd2,2016-05-27
DSA-3586-1,https://lwn.net/Articles/688506,atheme-services,2016-05-23
DSA-3585-1,https://lwn.net/Articles/688399,wireshark,2016-05-22
DSA-3584-1,https://lwn.net/Articles/688190,librsvg,2016-05-19
DSA-3582-1,https://lwn.net/Articles/687829,expat,2016-05-18
DSA-3583-1,https://lwn.net/Articles/688027,swift-plugin-s3,2016-05-18
DSA-3581-1,https://lwn.net/Articles/687680,libndp,2016-05-17
DSA-3580-1,https://lwn.net/Articles/687679,imagemagick,2016-05-16
DSA-3579-1,https://lwn.net/Articles/687563,xerces-c,2016-05-16
DSA-3577-1,https://lwn.net/Articles/687561,jansson,2016-05-14
DSA-3578-1,https://lwn.net/Articles/687562,libidn,2016-05-14
DSA-3576-1,https://lwn.net/Articles/687560,icedove,2016-05-13
DSA-3575-1,https://lwn.net/Articles/687377,libxstream-java,2016-05-12
DSA-3565-2,https://lwn.net/Articles/687022,monotone,2016-05-11
DSA-3574-1,https://lwn.net/Articles/687021,libarchive,2016-05-10
DSA-3572-1,https://lwn.net/Articles/686834,websvn,2016-05-09
DSA-3573-1,https://lwn.net/Articles/686833,qemu,2016-05-09
DSA-3571-1,https://lwn.net/Articles/686712,ikiwiki,2016-05-08
DSA-3569-1,https://lwn.net/Articles/686549,openafs,2016-05-05
DSA-3568-1,https://lwn.net/Articles/686423,libtasn1-6,2016-05-05
DSA-3570-1,https://lwn.net/Articles/686548,mercurial,2016-05-05
DSA-3567-1,https://lwn.net/Articles/686422,libpam-sshauth,2016-05-04
DSA-3566-1,https://lwn.net/Articles/686258,openssl,2016-05-03
DSA-3564-1,https://lwn.net/Articles/685835,chromium-browser,2016-05-02
DSA-3565-1,https://lwn.net/Articles/685834,botan1.10,2016-05-02
DSA-3563-1,https://lwn.net/Articles/685836,poppler,2016-05-01
DSA-3562-1,https://lwn.net/Articles/685837,tardiff,2016-05-01
DSA-3561-1,https://lwn.net/Articles/685485,subversion,2016-04-29
DSA-3560-1,https://lwn.net/Articles/685394,php5,2016-04-27
DSA-3559-1,https://lwn.net/Articles/685393,iceweasel,2016-04-27
DSA-3557-1,https://lwn.net/Articles/685266,mysql-5.5,2016-04-26
DSA-3558-1,https://lwn.net/Articles/685267,openjdk-7,2016-04-26
DSA-3556-1,https://lwn.net/Articles/684978,libgd2,2016-04-24
DSA-3555-1,https://lwn.net/Articles/684977,imlib2,2016-04-23
DSA-3553-1,https://lwn.net/Articles/684724,varnish,2016-04-22
DSA-3554-1,https://lwn.net/Articles/684725,xen,2016-04-21
DSA-3552-1,https://lwn.net/Articles/684214,tomcat7,2016-04-17
DSA-3551-1,https://lwn.net/Articles/684212,fuseiso,2016-04-16
DSA-3549-1,https://lwn.net/Articles/683964,chromium-browser,2016-04-15
DSA-3550-1,https://lwn.net/Articles/684213,openssh,2016-04-15
DSA-3548-2,https://lwn.net/Articles/683827,samba,2016-04-14
DSA-3548-1,https://lwn.net/Articles/683828,samba,2016-04-13
DSA-3485-2,https://lwn.net/Articles/683438,didiwiki,2016-04-12
DSA-3547-1,https://lwn.net/Articles/683439,imagemagick,2016-04-11
DSA-3545-1,https://lwn.net/Articles/683125,cgit,2016-04-07
DSA-3544-1,https://lwn.net/Articles/683127,python-django,2016-04-07
DSA-3546-1,https://lwn.net/Articles/683126,optipng,2016-04-07
DSA-3541-1,https://lwn.net/Articles/682556,roundcube,2016-04-05
DSA-3543-1,https://lwn.net/Articles/682731,oar,2016-04-05
DSA-3542-1,https://lwn.net/Articles/682555,mercurial,2016-04-05
DSA-3540-1,https://lwn.net/Articles/682367,lhasa,2016-04-03
DSA-3539-1,https://lwn.net/Articles/682368,srtp,2016-04-02
DSA-3538-1,https://lwn.net/Articles/681980,libebml,2016-03-31
DSA-3536-1,https://lwn.net/Articles/681981,libstruts1.2-java,2016-03-31
DSA-3537-1,https://lwn.net/Articles/681979,imlib2,2016-03-31
DSA-3534-1,https://lwn.net/Articles/681743,dhcpcd,2016-03-29
DSA-3535-1,https://lwn.net/Articles/681744,kamailio,2016-03-29
DSA-3533-1,https://lwn.net/Articles/681643,openvswitch,2016-03-29
DSA-3532-1,https://lwn.net/Articles/681553,quagga,2016-03-27
DSA-3531-1,https://lwn.net/Articles/681552,chromum-browser,2016-03-26
DSA-3530-1,https://lwn.net/Articles/681554,tomcat6,2016-03-25
DSA-3527-1,https://lwn.net/Articles/681235,inspircd,2016-03-24
DSA-3528-1,https://lwn.net/Articles/681236,pidgin-otr,2016-03-23
DSA-3526-1,https://lwn.net/Articles/681079,libmatroska,2016-03-23
DSA-3529-1,https://lwn.net/Articles/681237,redmine,2016-03-23
DSA-3525-1,https://lwn.net/Articles/681080,pixman,2016-03-22
DSA-3523-1,https://lwn.net/Articles/680758,iceweasel,2016-03-20
DSA-3524-1,https://lwn.net/Articles/680755,activemq,2016-03-20
DSA-3522-1,https://lwn.net/Articles/680759,squid3,2016-03-20
DSA-3521-1,https://lwn.net/Articles/680756,git,2016-03-19
DSA-3520-1,https://lwn.net/Articles/680757,icedove,2016-03-18
DSA-3519-1,https://lwn.net/Articles/680581,xen,2016-03-17
DSA-3518-1,https://lwn.net/Articles/680288,spip,2016-03-16
DSA-3517-1,https://lwn.net/Articles/679994,exim4,2016-03-14
DSA-3516-1,https://lwn.net/Articles/679997,wireshark,2016-03-13
DSA-3515-1,https://lwn.net/Articles/679995,graphite2,2016-03-13
DSA-3514-1,https://lwn.net/Articles/679996,samba,2016-03-12
DSA-3513-1,https://lwn.net/Articles/679573,chromium-browser,2016-03-10
DSA-3512-1,https://lwn.net/Articles/679575,libotr,2016-03-09
DSA-3509-1,https://lwn.net/Articles/679576,rails,2016-03-09
DSA-3511-1,https://lwn.net/Articles/679572,bind9,2016-03-09
DSA-3510-1,https://lwn.net/Articles/679574,iceweasel,2016-03-09
DSA-3508-1,https://lwn.net/Articles/679090,jasper,2016-03-06
DSA-3507-1,https://lwn.net/Articles/679089,chromium-browser,2016-03-05
DSA-3504-1,https://lwn.net/Articles/678793,bsh,2016-03-04
DSA-3506-1,https://lwn.net/Articles/679091,libav,2016-03-04
DSA-3505-1,https://lwn.net/Articles/679092,wireshark,2016-03-04
DSA-3426-2,https://lwn.net/Articles/678794,ctdb,2016-03-03
DSA-3503-1,https://lwn.net/Articles/678795,kernel,2016-03-03
DSA-3502-1,https://lwn.net/Articles/678796,roundup,2016-03-03
DSA-3500-1,https://lwn.net/Articles/678125,openssl,2016-03-01
DSA-3501-1,https://lwn.net/Articles/678126,perl,2016-03-01
DSA-3495-1,https://lwn.net/Articles/677915,xymon,2016-02-29
DSA-3499-1,https://lwn.net/Articles/677914,pillow,2016-02-28
DSA-3496-1,https://lwn.net/Articles/677913,php-horde-core,2016-02-28
DSA-3497-1,https://lwn.net/Articles/677912,php-horde,2016-02-28
DSA-3498-1,https://lwn.net/Articles/677910,drupal7,2016-02-28
DSA-3492-2,https://lwn.net/Articles/677911,gajim,2016-02-28
DSA-3494-1,https://lwn.net/Articles/677909,cacti,2016-02-27
DSA-3493-1,https://lwn.net/Articles/677602,xerces-c,2016-02-25
DSA-3492-1,https://lwn.net/Articles/677601,gajim,2016-02-25
DSA-3490-1,https://lwn.net/Articles/677077,websvn,2016-02-24
DSA-3491-1,https://lwn.net/Articles/677310,icedove,2016-02-24
DSA-3489-1,https://lwn.net/Articles/677076,lighttpd,2016-02-23
DSA-3488-1,https://lwn.net/Articles/677075,libssh,2016-02-23
DSA-3487-1,https://lwn.net/Articles/676904,libssh2,2016-02-23
DSA-3486-1,https://lwn.net/Articles/676748,chromium-browser,2016-02-21
DSA-3485-1,https://lwn.net/Articles/676749,didiwiki,2016-02-20
DSA-3483-1,https://lwn.net/Articles/676454,cpio,2016-02-19
DSA-3484-1,https://lwn.net/Articles/676750,xdelta3,2016-02-19
DSA-3482-1,https://lwn.net/Articles/676244,libreoffice,2016-02-17
DSA-3481-1,https://lwn.net/Articles/675808,glibc,2016-02-16
DSA-3480-1,https://lwn.net/Articles/675807,eglibc,2016-02-16
DSA-3479-1,https://lwn.net/Articles/675809,graphite2,2016-02-15
DSA-3478-1,https://lwn.net/Articles/675810,libgcrypt11,2016-02-15
DSA-3477-1,https://lwn.net/Articles/675681,iceweasel,2016-02-14
DSA-3476-1,https://lwn.net/Articles/675683,postgresql-9.4,2016-02-13
DSA-3475-1,https://lwn.net/Articles/675682,postgresql-9.1,2016-02-13
DSA-3474-1,https://lwn.net/Articles/675351,libgcrypt20,2016-02-12
DSA-3473-1,https://lwn.net/Articles/675352,nginx,2016-02-11
DSA-3470-1,https://lwn.net/Articles/674904,qemu-kvm,2016-02-08
DSA-3469-1,https://lwn.net/Articles/674902,qemu,2016-02-08
DSA-3471-1,https://lwn.net/Articles/674903,qemu,2016-02-08
DSA-3472-1,https://lwn.net/Articles/674905,wordpress,2016-02-08
DSA-3468-1,https://lwn.net/Articles/674798,polarssl,2016-02-06
DSA-3467-1,https://lwn.net/Articles/674799,tiff,2016-02-06
DSA-3466-1,https://lwn.net/Articles/674692,krb5,2016-02-04
DSA-3465-1,https://lwn.net/Articles/674481,openjdk-6,2016-02-02
DSA-3461-1,https://lwn.net/Articles/674221,freetype,2016-01-31
DSA-3463-1,https://lwn.net/Articles/674223,prosody,2016-01-31
DSA-3464-1,https://lwn.net/Articles/674225,rails,2016-01-31
DSA-3462-1,https://lwn.net/Articles/674224,radicale,2016-01-30
DSA-3460-1,https://lwn.net/Articles/674222,privoxy,2016-01-30
DSA-3459-1,https://lwn.net/Articles/674049,mysql-5.5,2016-01-28
DSA-3458-1,https://lwn.net/Articles/673927,openjdk-7,2016-01-27
DSA-3457-1,https://lwn.net/Articles/673926,iceweasel,2016-01-27
DSA-3454-1,https://lwn.net/Articles/673748,virtualbox,2016-01-27
DSA-3455-1,https://lwn.net/Articles/673747,curl,2016-01-27
DSA-3456-1,https://lwn.net/Articles/673746,chromium-browser,2016-01-27
DSA-3453-1,https://lwn.net/Articles/673566,mariadb-10.0,2016-01-25
DSA-3452-1,https://lwn.net/Articles/673414,claws-mail,2016-01-23
DSA-3451-1,https://lwn.net/Articles/672974,fuse,2016-01-21
DSA-3450-1,https://lwn.net/Articles/672530,ecryptfs-utils,2016-01-20
DSA-3448-1,https://lwn.net/Articles/672419,kernel,2016-01-19
DSA-3449-1,https://lwn.net/Articles/672529,bind9,2016-01-19
DSA-3447-1,https://lwn.net/Articles/672289,tomcat7,2016-01-17
DSA-3431-2,https://lwn.net/Articles/672045,ganeti,2016-01-14
DSA-3446-1,https://lwn.net/Articles/672046,openssh,2016-01-14
DSA-3442-1,https://lwn.net/Articles/671724,isc-dhcp,2016-01-13
DSA-3443-1,https://lwn.net/Articles/671880,libpng,2016-01-13
DSA-3444-1,https://lwn.net/Articles/671882,wordpress,2016-01-13
DSA-3445-1,https://lwn.net/Articles/671881,pygments,2016-01-13
DSA-3441-1,https://lwn.net/Articles/671418,perl,2016-01-11
DSA-3440-1,https://lwn.net/Articles/671420,sudo,2016-01-11
DSA-3438-1,https://lwn.net/Articles/671421,xscreensaver,2016-01-10
DSA-3439-1,https://lwn.net/Articles/671419,prosody,2016-01-10
DSA-3437-1,https://lwn.net/Articles/671416,gnutls26,2016-01-09
DSA-3436-1,https://lwn.net/Articles/671417,openssl,2016-01-08
DSA-3434-1,https://lwn.net/Articles/670510,kernel,2016-01-05
DSA-3435-1,https://lwn.net/Articles/670509,git,2016-01-05
DSA-3433-1,https://lwn.net/Articles/670043,samba,2016-01-02
DSA-3432-1,https://lwn.net/Articles/669856,icedove,2016-01-01
DSA-3431-1,https://lwn.net/Articles/669855,ganeti,2016-01-01
DSA-3430-1,https://lwn.net/Articles/669029,libxml2,2015-12-23
DSA-3429-1,https://lwn.net/Articles/668886,foomatic-filters,2015-12-21
DSA-3427-1,https://lwn.net/Articles/668738,blueman,2015-12-18
DSA-3428-1,https://lwn.net/Articles/668739,tomcat8,2015-12-18
DSA-3426-1,https://lwn.net/Articles/668496,kernel,2015-12-17
DSA-3425-1,https://lwn.net/Articles/668278,tryton-server,2015-12-17
DSA-3337-2,https://lwn.net/Articles/668273,gdk-pixbuf,2015-12-17
DSA-3424-1,https://lwn.net/Articles/668276,subversion,2015-12-16
DSA-3421-1,https://lwn.net/Articles/668274,grub2,2015-12-16
DSA-3422-1,https://lwn.net/Articles/668275,iceweasel,2015-12-16
DSA-3423-1,https://lwn.net/Articles/668272,cacti,2015-12-16
DSA-3419-1,https://lwn.net/Articles/668101,cups-filters,2015-12-15
DSA-3420-1,https://lwn.net/Articles/668100,bind9,2015-12-15
DSA-3418-1,https://lwn.net/Articles/667902,chromium-browser,2015-12-14
DSA-3417-1,https://lwn.net/Articles/667731,bouncycastle,2015-12-14
DSA-3416-1,https://lwn.net/Articles/667732,libphp-phpmailer,2015-12-13
DSA-3415-1,https://lwn.net/Articles/667443,chromium-browser,2015-12-09
DSA-3414-1,https://lwn.net/Articles/667444,xen,2015-12-09
DSA-3413-1,https://lwn.net/Articles/666870,openssl,2015-12-04
DSA-3412-1,https://lwn.net/Articles/666871,redis,2015-12-03
DSA-3411-1,https://lwn.net/Articles/666722,cups-filters,2015-12-02
DSA-3410-1,https://lwn.net/Articles/666528,icedove,2015-12-01
DSA-3409-1,https://lwn.net/Articles/666529,putty,2015-12-01
DSA-3408-1,https://lwn.net/Articles/666527,gnutls26,2015-12-01
DSA-3407-1,https://lwn.net/Articles/665894,dpkg,2015-11-26
DSA-3406-1,https://lwn.net/Articles/665895,nspr,2015-11-25
DSA-3405-1,https://lwn.net/Articles/665897,smokeping,2015-11-25
DSA-3404-1,https://lwn.net/Articles/665896,python-django,2015-11-25
DSA-3402-1,https://lwn.net/Articles/665781,symfony,2015-11-24
DSA-3403-1,https://lwn.net/Articles/665780,libcommons-collections3-java,2015-11-24
DSA-3401-1,https://lwn.net/Articles/665547,openjdk-7,2015-11-22
DSA-3400-1,https://lwn.net/Articles/665215,lxc,2015-11-19
DSA-3399-1,https://lwn.net/Articles/665011,libpng,2015-11-18
DSA-3398-1,https://lwn.net/Articles/664606,strongswan,2015-11-16
DSA-3208-2,https://lwn.net/Articles/664605,freexl,2015-11-14
DSA-3395-2,https://lwn.net/Articles/664350,krb5,2015-11-12
DSA-3397-1,https://lwn.net/Articles/664024,wpa,2015-11-10
DSA-3396-1,https://lwn.net/Articles/663889,kernel,2015-11-10
DSA-3386-2,https://lwn.net/Articles/663890,unzip,2015-11-09
DSA-3395-1,https://lwn.net/Articles/663760,krb5,2015-11-06
DSA-3394-1,https://lwn.net/Articles/663484,libreoffice,2015-11-05
DSA-3392-1,https://lwn.net/Articles/663039,freeimage,2015-11-04
DSA-3393-1,https://lwn.net/Articles/663235,iceweasel,2015-11-04
DSA-3391-1,https://lwn.net/Articles/663040,php-horde,2015-11-03
DSA-3390-1,https://lwn.net/Articles/662885,xen,2015-11-02
DSA-3355-2,https://lwn.net/Articles/662884,libvdpau,2015-11-02
DSA-3388-1,https://lwn.net/Articles/662736,ntp,2015-11-01
DSA-3381-2,https://lwn.net/Articles/662738,openjdk-7,2015-11-01
DSA-3387-1,https://lwn.net/Articles/662737,openafs,2015-11-01
DSA-3385-1,https://lwn.net/Articles/662735,mariadb-10.0,2015-10-31
DSA-3386-1,https://lwn.net/Articles/662739,unzip,2015-10-31
DSA-3383-1,https://lwn.net/Articles/662526,wordpress,2015-10-29
DSA-3384-1,https://lwn.net/Articles/662524,virtualbox,2015-10-29
DSA-3332-2,https://lwn.net/Articles/662525,wordpress,2015-10-29
DSA-3382-1,https://lwn.net/Articles/662415,phpmyadmin,2015-10-28
DSA-3381-1,https://lwn.net/Articles/662260,openjdk-7,2015-10-27
DSA-3380-1,https://lwn.net/Articles/662261,php5,2015-10-27
DSA-3379-1,https://lwn.net/Articles/662019,miniupnpc,2015-10-25
DSA-3377-1,https://lwn.net/Articles/662020,mysql-5.5,2015-10-24
DSA-3378-1,https://lwn.net/Articles/662018,gdk-pixbuf,2015-10-24
DSA-3376-1,https://lwn.net/Articles/661571,chromium-browser,2015-10-20
DSA-3374-1,https://lwn.net/Articles/661427,postgresql-9.4,2015-10-19
DSA-3375-1,https://lwn.net/Articles/661428,wordpress,2015-10-19
DSA-3373-1,https://lwn.net/Articles/661335,owncloud,2015-10-18
DSA-3372-1,https://lwn.net/Articles/660507,kernel,2015-10-13
DSA-3371-1,https://lwn.net/Articles/660406,spice,2015-10-09
DSA-3369-1,https://lwn.net/Articles/659748,zendframework,2015-10-06
DSA-3370-1,https://lwn.net/Articles/659747,freetype,2015-10-06
DSA-3368-1,https://lwn.net/Articles/658575,cyrus-sasl2,2015-09-25
DSA-3367-1,https://lwn.net/Articles/658429,wireshark,2015-09-24
DSA-3366-1,https://lwn.net/Articles/658294,rpcbind,2015-09-23
DSA-3365-1,https://lwn.net/Articles/658293,iceweasel,2015-09-23
DSA-3364-1,https://lwn.net/Articles/658055,kernel,2015-09-21
DSA-3363-1,https://lwn.net/Articles/657972,owncloud-client,2015-09-20
DSA-3362-1,https://lwn.net/Articles/657974,qemu-kvm,2015-09-18
DSA-3361-1,https://lwn.net/Articles/657973,qemu,2015-09-18
DSA-3360-1,https://lwn.net/Articles/657503,icu,2015-09-15
DSA-3357-1,https://lwn.net/Articles/657303,vzctl,2015-09-13
DSA-3359-1,https://lwn.net/Articles/657302,virtualbox,2015-09-13
DSA-3358-1,https://lwn.net/Articles/657301,php5,2015-09-13
DSA-3356-1,https://lwn.net/Articles/657300,openldap,2015-09-12
DSA-3355-1,https://lwn.net/Articles/657038,libvdpau,2015-09-10
DSA-3354-1,https://lwn.net/Articles/656955,spice,2015-09-08
DSA-3353-1,https://lwn.net/Articles/656854,openslp-dfsg,2015-09-05
DSA-3352-1,https://lwn.net/Articles/656624,screen,2015-09-04
DSA-3351-1,https://lwn.net/Articles/656623,chromium-browser,2015-09-03
DSA-3348-1,https://lwn.net/Articles/656515,qemu,2015-09-02
DSA-3349-1,https://lwn.net/Articles/656516,qemu-kvm,2015-09-02
DSA-3350-1,https://lwn.net/Articles/656514,bind9,2015-09-02
DSA-3347-1,https://lwn.net/Articles/656394,pdns,2015-09-02
DSA-3346-1,https://lwn.net/Articles/656207,drupal7,2015-08-31
DSA-3345-1,https://lwn.net/Articles/656208,iceweasel,2015-08-29
DSA-3344-1,https://lwn.net/Articles/655835,php5,2015-08-27
DSA-3343-1,https://lwn.net/Articles/655632,twig,2015-08-26
DSA-3341-1,https://lwn.net/Articles/655105,conntrack,2015-08-20
DSA-3342-1,https://lwn.net/Articles/655107,vlc,2015-08-20
DSA-3340-1,https://lwn.net/Articles/655108,zendframework,2015-08-19
DSA-3339-1,https://lwn.net/Articles/655106,openjdk-6,2015-08-19
DSA-3325-2,https://lwn.net/Articles/654837,apache2,2015-08-18
DSA-3337-1,https://lwn.net/Articles/654838,gdk-pixbuf,2015-08-18
DSA-3338-1,https://lwn.net/Articles/654978,python-django,2015-08-18
DSA-3336-1,https://lwn.net/Articles/654839,nss,2015-08-17
DSA-3335-1,https://lwn.net/Articles/654405,request-tracker4,2015-08-13
DSA-3333-1,https://lwn.net/Articles/654250,iceweasel,2015-08-12
DSA-3334-1,https://lwn.net/Articles/654249,gnutls28,2015-08-12
DSA-3332-1,https://lwn.net/Articles/654251,wordpress,2015-08-11
DSA-3331-1,https://lwn.net/Articles/654139,subversion,2015-08-10
DSA-3321-2,https://lwn.net/Articles/654040,opensaml2,2015-08-08
DSA-3330-1,https://lwn.net/Articles/654039,activemq,2015-08-07
DSA-3329-1,https://lwn.net/Articles/653844,kernel,2015-08-07
DSA-3328-2,https://lwn.net/Articles/653599,wordpress,2015-08-04
DSA-3328-1,https://lwn.net/Articles/653470,wordpress,2015-08-04
DSA-3327-1,https://lwn.net/Articles/653469,squid3,2015-08-03
DSA-3326-1,https://lwn.net/Articles/653339,ghostscript,2015-08-02
DSA-3324-1,https://lwn.net/Articles/653340,icedove,2015-08-01
DSA-3323-1,https://lwn.net/Articles/653341,icu,2015-08-01
DSA-3325-1,https://lwn.net/Articles/653338,apache2,2015-08-01
DSA-3322-1,https://lwn.net/Articles/653342,ruby-rack,2015-07-31
DSA-3320-1,https://lwn.net/Articles/653035,openafs,2015-07-30
DSA-3321-1,https://lwn.net/Articles/653036,xmltooling,2015-07-30
DSA-3319-1,https://lwn.net/Articles/652760,bind9,2015-07-28
DSA-3318-1,https://lwn.net/Articles/652534,expat,2015-07-26
DSA-3317-1,https://lwn.net/Articles/652535,lxc,2015-07-25
DSA-3316-1,https://lwn.net/Articles/652536,openjdk-7,2015-07-25
DSA-3315-1,https://lwn.net/Articles/652346,chromium-browser,2015-07-24
DSA-3313-1,https://lwn.net/Articles/652164,kernel,2015-07-23
DSA-3312-1,https://lwn.net/Articles/651995,cacti,2015-07-22
DSA-3311-1,https://lwn.net/Articles/651718,mariadb-10.0,2015-07-20
DSA-3310-1,https://lwn.net/Articles/651717,freexl,2015-07-19
DSA-3308-1,https://lwn.net/Articles/651719,mysql-5.5,2015-07-18
DSA-3309-1,https://lwn.net/Articles/651720,tidy,2015-07-18
DSA-3306-1,https://lwn.net/Articles/650709,pdns,2015-07-10
DSA-3307-1,https://lwn.net/Articles/650710,pdns-recursor,2015-07-10
DSA-3305-1,https://lwn.net/Articles/650618,python-django,2015-07-09
DSA-3304-1,https://lwn.net/Articles/650505,bind9,2015-07-07
DSA-3303-1,https://lwn.net/Articles/650385,cups-filters,2015-07-07
DSA-3302-1,https://lwn.net/Articles/650386,libwmf,2015-07-06
DSA-3301-1,https://lwn.net/Articles/650257,haproxy,2015-07-05
DSA-3300-1,https://lwn.net/Articles/650258,iceweasel,2015-07-04
DSA-3299-1,https://lwn.net/Articles/650107,stunnel4,2015-07-02
DSA-3298-1,https://lwn.net/Articles/649917,jackrabbit,2015-07-01
DSA-3297-1,https://lwn.net/Articles/649794,unattended-upgrades,2015-06-29
DSA-3296-1,https://lwn.net/Articles/649699,libcrypto++,2015-06-29
DSA-3295-1,https://lwn.net/Articles/649352,cacti,2015-06-24
DSA-3294-1,https://lwn.net/Articles/649207,wireshark,2015-06-23
DSA-3293-1,https://lwn.net/Articles/648927,pyjwt,2015-06-20
DSA-3292-1,https://lwn.net/Articles/648677,cinder,2015-06-19
DSA-3290-1,https://lwn.net/Articles/648491,kernel,2015-06-18
DSA-3291-1,https://lwn.net/Articles/648678,drupal7,2015-06-18
DSA-3289-1,https://lwn.net/Articles/648278,p7zip,2015-06-15
DSA-3252-2,https://lwn.net/Articles/648161,sqlite3,2015-06-14
DSA-3288-1,https://lwn.net/Articles/648157,libav,2015-06-13
DSA-3286-1,https://lwn.net/Articles/648162,xen,2015-06-13
DSA-3287-1,https://lwn.net/Articles/648158,openssl,2015-06-13
DSA-3285-1,https://lwn.net/Articles/648160,qemu-kvm,2015-06-12
DSA-3284-1,https://lwn.net/Articles/648159,qemu,2015-06-12
DSA-3283-1,https://lwn.net/Articles/647738,cups,2015-06-09
DSA-3282-1,https://lwn.net/Articles/647467,strongswan,2015-06-08
DSA-3280-1,https://lwn.net/Articles/647465,php5,2015-06-07
DSA-3279-1,https://lwn.net/Articles/647466,redis,2015-06-06
DSA-3278-1,https://lwn.net/Articles/647201,libapache-mod-jk,2015-06-03
DSA-3249-2,https://lwn.net/Articles/647091,jqueryui,2015-06-02
DSA-3277-1,https://lwn.net/Articles/647092,wireshark,2015-06-02
DSA-3276-1,https://lwn.net/Articles/646864,symfony,2015-05-31
DSA-3269-2,https://lwn.net/Articles/646863,postgresql-9.1,2015-05-31
DSA-3275-1,https://lwn.net/Articles/646862,fusionforge,2015-05-30
DSA-3274-1,https://lwn.net/Articles/646553,virtualbox,2015-05-28
DSA-3268-2,https://lwn.net/Articles/646092,ntfs-3g,2015-05-26
DSA-3273-1,https://lwn.net/Articles/645880,tiff,2015-05-25
DSA-3265-2,https://lwn.net/Articles/645881,zendframework,2015-05-24
DSA-3271-1,https://lwn.net/Articles/645877,nbd,2015-05-23
DSA-3272-1,https://lwn.net/Articles/645876,ipsec-tools,2015-05-23
DSA-3268-1,https://lwn.net/Articles/645618,ntfs-3g,2015-05-22
DSA-3267-1,https://lwn.net/Articles/645616,chromium-browser,2015-05-22
DSA-3270-1,https://lwn.net/Articles/645879,postgresql-9.4,2015-05-22
DSA-3269-1,https://lwn.net/Articles/645878,postgresql-9.1,2015-05-22
DSA-3266-1,https://lwn.net/Articles/645617,fuse,2015-05-21
DSA-3265-1,https://lwn.net/Articles/645220,zendframework,2015-05-20
DSA-3261-2,https://lwn.net/Articles/645430,libmodule-signature-perl,2015-05-20
DSA-3264-1,https://lwn.net/Articles/645218,icedove,2015-05-19
DSA-3263-1,https://lwn.net/Articles/645219,proftpd-dfsg,2015-05-19
DSA-3175-2,https://lwn.net/Articles/645029,kfreebsd-9,2015-05-19
DSA-3262-1,https://lwn.net/Articles/645030,xen,2015-05-18
DSA-3261-1,https://lwn.net/Articles/644851,libmodule-signature-perl,2015-05-15
DSA-3259-1,https://lwn.net/Articles/644465,qemu,2015-05-13
DSA-3260-1,https://lwn.net/Articles/644464,iceweasel,2015-05-13
DSA-3258-1,https://lwn.net/Articles/644222,quassel,2015-05-12
DSA-3257-1,https://lwn.net/Articles/644010,mercurial,2015-05-11
DSA-3256-1,https://lwn.net/Articles/643895,libtasn1-6,2015-05-10
DSA-3255-1,https://lwn.net/Articles/643897,zeromq3,2015-05-10
DSA-3254-1,https://lwn.net/Articles/643896,suricata,2015-05-09
DSA-3251-2,https://lwn.net/Articles/643673,dnsmasq,2015-05-07
DSA-3253-1,https://lwn.net/Articles/643674,pound,2015-05-07
DSA-3252-1,https://lwn.net/Articles/643568,sqlite3,2015-05-06
DSA-3251-1,https://lwn.net/Articles/643351,dnsmasq,2015-05-05
DSA-3250-1,https://lwn.net/Articles/643204,wordpress,2015-05-04
DSA-3249-1,https://lwn.net/Articles/643100,jqueryui,2015-05-03
DSA-3246-1,https://lwn.net/Articles/643105,ruby1.9.1,2015-05-02
DSA-3248-1,https://lwn.net/Articles/643101,libphp-snoopy,2015-05-02
DSA-3245-1,https://lwn.net/Articles/643104,ruby1.8,2015-05-02
DSA-3247-1,https://lwn.net/Articles/643106,ruby2.1,2015-05-02
DSA-3244-1,https://lwn.net/Articles/643103,owncloud,2015-05-02
DSA-3242-1,https://lwn.net/Articles/642860,chromium-browser,2015-05-01
DSA-3243-1,https://lwn.net/Articles/643102,libxml-libxml-perl,2015-05-01
DSA-3239-1,https://lwn.net/Articles/642603,icecast2,2015-04-29
DSA-3240-1,https://lwn.net/Articles/642601,curl,2015-04-29
DSA-3241-1,https://lwn.net/Articles/642602,elasticsearch,2015-04-29
DSA-3238-1,https://lwn.net/Articles/641985,chromium-browser,2015-04-26
DSA-3237-1,https://lwn.net/Articles/641986,kernel,2015-04-26
DSA-3236-1,https://lwn.net/Articles/641987,libreoffice,2015-04-25
DSA-3235-1,https://lwn.net/Articles/641989,openjdk-7,2015-04-24
DSA-3234-1,https://lwn.net/Articles/641988,openjdk-6,2015-04-24
DSA-3233-1,https://lwn.net/Articles/641990,wpa,2015-04-24
DSA-3232-1,https://lwn.net/Articles/641377,curl,2015-04-22
DSA-3231-1,https://lwn.net/Articles/641378,subversion,2015-04-21
DSA-3230-1,https://lwn.net/Articles/641040,django-markupfield,2015-04-20
DSA-3229-1,https://lwn.net/Articles/641041,mysql-5.5,2015-04-19
DSA-3228-1,https://lwn.net/Articles/640588,ppp,2015-04-16
DSA-3226-1,https://lwn.net/Articles/640586,inspircd,2015-04-15
DSA-3227-1,https://lwn.net/Articles/640587,movabletype-opensource,2015-04-15
DSA-3225-1,https://lwn.net/Articles/640585,gst-plugins-bad0.10,2015-04-15
DSA-3224-1,https://lwn.net/Articles/640135,libx11,2015-04-12
DSA-3221-1,https://lwn.net/Articles/640132,das-watchdog,2015-04-12
DSA-3222-1,https://lwn.net/Articles/640131,chrony,2015-04-12
DSA-3223-1,https://lwn.net/Articles/640136,ntp,2015-04-12
DSA-3219-1,https://lwn.net/Articles/640133,libdbd-firebird-perl,2015-04-11
DSA-3220-1,https://lwn.net/Articles/640134,libtasn1-3,2015-04-11
DSA-3218-1,https://lwn.net/Articles/640137,wesnoth-1.10,2015-04-10
DSA-3217-1,https://lwn.net/Articles/639942,dpkg,2015-04-09
DSA-3057-2,https://lwn.net/Articles/639557,libxml2,2015-04-07
DSA-3215-1,https://lwn.net/Articles/639372,libgd2,2015-04-06
DSA-3216-1,https://lwn.net/Articles/639374,tor,2015-04-06
DSA-3214-1,https://lwn.net/Articles/639373,mailman,2015-04-06
DSA-3213-1,https://lwn.net/Articles/639371,arj,2015-04-06
DSA-3212-1,https://lwn.net/Articles/639018,icedove,2015-04-02
DSA-3211-1,https://lwn.net/Articles/638887,iceweasel,2015-04-01
DSA-3210-1,https://lwn.net/Articles/638700,wireshark,2015-03-31
DSA-3209-1,https://lwn.net/Articles/638598,openldap,2015-03-30
DSA-3208-1,https://lwn.net/Articles/638494,freexl,2015-03-29
DSA-3206-1,https://lwn.net/Articles/638369,dulwich,2015-03-28
DSA-3207-1,https://lwn.net/Articles/638368,shibboleth-sp2,2015-03-28
DSA-3198-2,https://lwn.net/Articles/638372,php5,2015-03-28
DSA-3205-1,https://lwn.net/Articles/638182,batik,2015-03-27
DSA-3204-1,https://lwn.net/Articles/637837,python-django,2015-03-24
DSA-3197-2,https://lwn.net/Articles/637836,openssl,2015-03-24
DSA-3203-1,https://lwn.net/Articles/637538,tor,2015-03-22
DSA-3201-1,https://lwn.net/Articles/637535,iceweasel,2015-03-22
DSA-3202-1,https://lwn.net/Articles/637536,mono,2015-03-22
DSA-3200-1,https://lwn.net/Articles/637534,drupal7,2015-03-20
DSA-3199-1,https://lwn.net/Articles/637539,xerces-c,2015-03-20
DSA-3198-1,https://lwn.net/Articles/637537,php5,2015-03-20
DSA-3197-1,https://lwn.net/Articles/637368,openssl,2015-03-19
DSA-3196-1,https://lwn.net/Articles/637273,file,2015-03-18
DSA-3195-1,https://lwn.net/Articles/637125,php5,2015-03-18
DSA-3194-1,https://lwn.net/Articles/637014,libxfont,2015-03-17
DSA-3192-1,https://lwn.net/Articles/637013,checkpw,2015-03-17
DSA-3193-1,https://lwn.net/Articles/637015,tcpdump,2015-03-17
DSA-3188-1,https://lwn.net/Articles/636892,freetype,2015-03-15
DSA-3187-1,https://lwn.net/Articles/636894,icu,2015-03-15
DSA-3191-1,https://lwn.net/Articles/636893,gnutls26,2015-03-15
DSA-3190-1,https://lwn.net/Articles/636896,putty,2015-03-15
DSA-3189-1,https://lwn.net/Articles/636895,libav,2015-03-15
DSA-3186-1,https://lwn.net/Articles/636658,nss,2015-03-13
DSA-3183-1,https://lwn.net/Articles/636657,movabletype-opensource,2015-03-12
DSA-3184-1,https://lwn.net/Articles/636655,gnupg,2015-03-12
DSA-3185-1,https://lwn.net/Articles/636656,libgcrypt11,2015-03-12
DSA-3182-1,https://lwn.net/Articles/636242,libssh2,2015-03-11
DSA-3177-1,https://lwn.net/Articles/636243,mod-gnutls,2015-03-10
DSA-3181-1,https://lwn.net/Articles/636244,xen,2015-03-10
DSA-3180-1,https://lwn.net/Articles/635733,libarchive,2015-03-05
DSA-3179-1,https://lwn.net/Articles/635458,icedove,2015-03-03
DSA-3178-1,https://lwn.net/Articles/635340,unace,2015-03-02
DSA-3176-1,https://lwn.net/Articles/635107,request-tracker4,2015-02-26
DSA-3174-1,https://lwn.net/Articles/634946,iceweasel,2015-02-25
DSA-3175-1,https://lwn.net/Articles/634947,kfreebsd-9,2015-02-25
DSA-3173-1,https://lwn.net/Articles/634948,libgtk2-perl,2015-02-25
DSA-3172-1,https://lwn.net/Articles/634945,cups,2015-02-25
DSA-3171-1,https://lwn.net/Articles/634414,samba,2015-02-23
DSA-3160-1,https://lwn.net/Articles/634591,kernel,2015-02-23
DSA-3169-1,https://lwn.net/Articles/634412,eglibc,2015-02-23
DSA-3167-1,https://lwn.net/Articles/634415,sudo,2015-02-22
DSA-3165-1,https://lwn.net/Articles/634417,xdg-utils,2015-02-22
DSA-3166-1,https://lwn.net/Articles/634411,e2fsprogs,2015-02-22
DSA-3168-1,https://lwn.net/Articles/634413,ruby-redcloth,2015-02-22
DSA-3164-1,https://lwn.net/Articles/634416,typo3-src,2015-02-21
DSA-3163-1,https://lwn.net/Articles/634212,libreoffice,2015-02-19
DSA-3162-1,https://lwn.net/Articles/633987,bind9,2015-02-18
DSA-3160-1,https://lwn.net/Articles/633064,xorg-server,2015-02-11
DSA-3161-1,https://lwn.net/Articles/633063,dbus,2015-02-11
DSA-3159-1,https://lwn.net/Articles/632890,ruby1.8,2015-02-10
DSA-3157-1,https://lwn.net/Articles/632691,ruby1.9.1,2015-02-09
DSA-3158-1,https://lwn.net/Articles/632692,unrtf,2015-02-09
DSA-3156-1,https://lwn.net/Articles/632532,liblivemedia,2015-02-07
DSA-3154-2,https://lwn.net/Articles/632534,ntp,2015-02-07
DSA-3155-1,https://lwn.net/Articles/632228,postgresql-9.1,2015-02-06
DSA-2978-2,https://lwn.net/Articles/632533,libxml2,2015-02-06
DSA-3154-1,https://lwn.net/Articles/632227,ntp,2015-02-05
DSA-3152-1,https://lwn.net/Articles/631638,unzip,2015-02-03
DSA-3151-1,https://lwn.net/Articles/631637,python-django,2015-02-03
DSA-3153-1,https://lwn.net/Articles/631809,krb5,2015-02-03
DSA-3149-1,https://lwn.net/Articles/631636,condor,2015-02-02
DSA-3150-1,https://lwn.net/Articles/631478,vlc,2015-02-02
DSA-3148-1,https://lwn.net/Articles/631477,chromium-browser,2015-01-31
DSA-3145-1,https://lwn.net/Articles/631286,privoxy,2015-01-30
DSA-3147-1,https://lwn.net/Articles/631283,openjdk-6,2015-01-30
DSA-3146-1,https://lwn.net/Articles/631287,requests,2015-01-30
DSA-3144-1,https://lwn.net/Articles/631285,openjdk-7,2015-01-29
DSA-3143-1,https://lwn.net/Articles/631080,virtualbox,2015-01-28
DSA-3141-1,https://lwn.net/Articles/630785,wireshark,2015-01-27
DSA-3140-1,https://lwn.net/Articles/630786,xen,2015-01-27
DSA-3142-1,https://lwn.net/Articles/630784,eglibc,2015-01-27
DSA-3138-1,https://lwn.net/Articles/630666,jasper,2015-01-25
DSA-3139-1,https://lwn.net/Articles/630669,squid,2015-01-25
DSA-3136-1,https://lwn.net/Articles/630668,polarssl,2015-01-24
DSA-3137-1,https://lwn.net/Articles/630670,websvn,2015-01-24
DSA-3135-1,https://lwn.net/Articles/630667,mysql-5.5,2015-01-23
DSA-3134-1,https://lwn.net/Articles/630190,sympa,2015-01-20
DSA-3133-1,https://lwn.net/Articles/630189,privoxy,2015-01-20
DSA-3132-1,https://lwn.net/Articles/630054,icedove,2015-01-19
DSA-3131-1,https://lwn.net/Articles/629969,xdg-utils,2015-01-18
DSA-3130-1,https://lwn.net/Articles/629968,lsyncd,2015-01-16
DSA-3129-1,https://lwn.net/Articles/629809,rpm,2015-01-15
DSA-3128-1,https://lwn.net/Articles/629645,kernel,2015-01-15
DSA-3127-1,https://lwn.net/Articles/629644,iceweasel,2015-01-14
DSA-3123-2,https://lwn.net/Articles/629452,binutils-mingw-w64,2015-01-13
DSA-3126-1,https://lwn.net/Articles/629324,php5,2015-01-12
DSA-3125-1,https://lwn.net/Articles/629210,openssl,2015-01-11
DSA-3124-1,https://lwn.net/Articles/629211,otrs2,2015-01-10
DSA-3123-1,https://lwn.net/Articles/629209,binutils,2015-01-09
DSA-3122-1,https://lwn.net/Articles/628953,curl,2015-01-08
DSA-3121-1,https://lwn.net/Articles/628954,file,2015-01-08
DSA-3119-1,https://lwn.net/Articles/628589,libevent,2015-01-06
DSA-3120-1,https://lwn.net/Articles/628691,mantis,2015-01-06
DSA-3118-1,https://lwn.net/Articles/628487,strongswan,2015-01-05
DSA-3117-1,https://lwn.net/Articles/628213,php5,2014-12-31
DSA-3116-1,https://lwn.net/Articles/628170,polarssl,2014-12-30
DSA-3114-1,https://lwn.net/Articles/628044,mime-support,2014-12-29
DSA-3115-1,https://lwn.net/Articles/628171,pyyaml,2014-12-29
DSA-3113-1,https://lwn.net/Articles/628045,unzip,2014-12-28
DSA-3112-1,https://lwn.net/Articles/627570,sox,2014-12-23
DSA-3110-1,https://lwn.net/Articles/627569,mediawiki,2014-12-23
DSA-3111-1,https://lwn.net/Articles/627395,cpio,2014-12-22
DSA-3109-1,https://lwn.net/Articles/627249,firebird2.5,2014-12-21
DSA-3107-1,https://lwn.net/Articles/627252,subversion,2014-12-20
DSA-3106-1,https://lwn.net/Articles/627250,jasper,2014-12-20
DSA-3107-2,https://lwn.net/Articles/627253,subversion,2014-12-20
DSA-3108-1,https://lwn.net/Articles/627251,ntp,2014-12-20
DSA-3104-1,https://lwn.net/Articles/626632,bsd-mailx,2014-12-16
DSA-3105-1,https://lwn.net/Articles/626633,heirloom-mailx,2014-12-16
DSA-3103-1,https://lwn.net/Articles/626312,libyaml-libyaml-perl,2014-12-13
DSA-3100-1,https://lwn.net/Articles/626313,mediawiki,2014-12-13
DSA-3101-1,https://lwn.net/Articles/626310,c-icap,2014-12-13
DSA-3102-1,https://lwn.net/Articles/626311,libyaml,2014-12-13
DSA-3098-1,https://lwn.net/Articles/625988,graphviz,2014-12-11
DSA-3096-1,https://lwn.net/Articles/625754,pdns-recursor,2014-12-11
DSA-3099-1,https://lwn.net/Articles/625987,dbus,2014-12-11
DSA-3097-1,https://lwn.net/Articles/625755,unbound,2014-12-10
DSA-3095-1,https://lwn.net/Articles/625756,xorg-server,2014-12-10
DSA-3094-1,https://lwn.net/Articles/625150,bind9,2014-12-08
DSA-3093-1,https://lwn.net/Articles/625151,kernel,2014-12-08
DSA-3092-1,https://lwn.net/Articles/625009,icedove,2014-12-07
DSA-3091-1,https://lwn.net/Articles/625008,getmail4,2014-12-07
DSA-3090-1,https://lwn.net/Articles/624573,iceweasel,2014-12-04
DSA-3088-1,https://lwn.net/Articles/624576,qemu-kvm,2014-12-04
DSA-3089-1,https://lwn.net/Articles/624574,jasper,2014-12-04
DSA-3087-1,https://lwn.net/Articles/624575,qemu,2014-12-04
DSA-3086-1,https://lwn.net/Articles/624577,tcpdump,2014-12-03
DSA-3085-1,https://lwn.net/Articles/624278,wordpress,2014-12-03
DSA-3084-1,https://lwn.net/Articles/624056,openvpn,2014-12-01
DSA-3082-1,https://lwn.net/Articles/623854,flac,2014-11-30
DSA-3083-1,https://lwn.net/Articles/623856,mutt,2014-11-30
DSA-3080-1,https://lwn.net/Articles/623857,openjdk-7,2014-11-29
DSA-3081-1,https://lwn.net/Articles/623855,libvncserver,2014-11-29
DSA-3079-1,https://lwn.net/Articles/623858,ppp,2014-11-29
DSA-3078-1,https://lwn.net/Articles/623326,libksba,2014-11-27
DSA-3077-1,https://lwn.net/Articles/623255,openjdk-6,2014-11-26
DSA-3076-1,https://lwn.net/Articles/623191,wireshark,2014-11-25
DSA-3075-1,https://lwn.net/Articles/622557,drupal7,2014-11-20
DSA-3074-2,https://lwn.net/Articles/621969,php5,2014-11-19
DSA-3074-1,https://lwn.net/Articles/621968,php5,2014-11-18
DSA-3073-1,https://lwn.net/Articles/620936,libgcrypt11,2014-11-16
DSA-3050-3,https://lwn.net/Articles/620323,iceweasel,2014-11-12
DSA-3072-1,https://lwn.net/Articles/620014,file,2014-11-12
DSA-3071-1,https://lwn.net/Articles/620015,nss,2014-11-11
DSA-3068-1,https://lwn.net/Articles/619454,konversation,2014-11-07
DSA-3070-1,https://lwn.net/Articles/619701,kfreebsd-9,2014-11-07
DSA-3069-1,https://lwn.net/Articles/619473,curl,2014-11-07
DSA-3065-1,https://lwn.net/Articles/619340,libxml-security-java,2014-11-06
DSA-3066-1,https://lwn.net/Articles/619455,qemu,2014-11-06
DSA-3067-1,https://lwn.net/Articles/619456,qemu-kvm,2014-11-06
DSA-3064-1,https://lwn.net/Articles/619201,php5,2014-11-04
DSA-3063-1,https://lwn.net/Articles/619033,quassel,2014-11-02
DSA-3062-1,https://lwn.net/Articles/619034,wget,2014-11-02
DSA-3061-1,https://lwn.net/Articles/619032,icedove,2014-10-31
DSA-3060-1,https://lwn.net/Articles/618830,kernel,2014-10-31
DSA-3059-1,https://lwn.net/Articles/618602,dokuwiki,2014-10-29
DSA-3050-2,https://lwn.net/Articles/618432,iceweasel,2014-10-28
DSA-3058-1,https://lwn.net/Articles/618284,torque,2014-10-27
DSA-3057-1,https://lwn.net/Articles/618159,libxml2,2014-10-26
DSA-3056-1,https://lwn.net/Articles/618158,libtasn1-3,2014-10-26
DSA-3055-1,https://lwn.net/Articles/617955,pidgin,2014-10-23
DSA-3054-1,https://lwn.net/Articles/617391,mysql-5.5,2014-10-20
DSA-3050-1,https://lwn.net/Articles/617160,iceweasel,2014-10-18
DSA-3053-1,https://lwn.net/Articles/616672,openssl,2014-10-16
DSA-3052-1,https://lwn.net/Articles/616430,wpa,2014-10-16
DSA-3051-1,https://lwn.net/Articles/616429,drupal7,2014-10-15
DSA-3049-1,https://lwn.net/Articles/616253,wireshark,2014-10-14
DSA-3048-1,https://lwn.net/Articles/615554,apt,2014-10-08
DSA-3047-1,https://lwn.net/Articles/615334,rsyslog,2014-10-08
DSA-3046-1,https://lwn.net/Articles/615053,mediawiki,2014-10-05
DSA-3042-1,https://lwn.net/Articles/615052,exuberant-ctags,2014-10-04
DSA-3044-1,https://lwn.net/Articles/615055,qemu-kvm,2014-10-04
DSA-3045-1,https://lwn.net/Articles/615054,qemu,2014-10-04
DSA-3041-1,https://lwn.net/Articles/614371,xen,2014-10-01
DSA-3040-1,https://lwn.net/Articles/614370,rsyslog,2014-09-30
DSA-3039-1,https://lwn.net/Articles/614007,chromium-browser,2014-09-28
DSA-3038-1,https://lwn.net/Articles/613792,libvirt,2014-09-27
DSA-3036-1,https://lwn.net/Articles/613415,mediawiki,2014-09-26
DSA-3037-1,https://lwn.net/Articles/613649,icedove,2014-09-26
DSA-3035-1,https://lwn.net/Articles/613414,bash,2014-09-25
DSA-3033-1,https://lwn.net/Articles/613147,nss,2014-09-25
DSA-3034-1,https://lwn.net/Articles/613146,iceweasel,2014-09-25
DSA-3032-1,https://lwn.net/Articles/612984,bash,2014-09-24
DSA-3031-1,https://lwn.net/Articles/612983,apt,2014-09-23
DSA-3029-1,https://lwn.net/Articles/612789,nginx,2014-09-20
DSA-3030-1,https://lwn.net/Articles/612788,mantis,2014-09-20
DSA-3025-2,https://lwn.net/Articles/612563,apt,2014-09-18
DSA-3028-1,https://lwn.net/Articles/612394,icedove,2014-09-17
DSA-3027-1,https://lwn.net/Articles/612395,libav,2014-09-17
DSA-3026-1,https://lwn.net/Articles/612228,dbus,2014-09-16
DSA-3025-1,https://lwn.net/Articles/612227,apt,2014-09-16
DSA-3024-1,https://lwn.net/Articles/611727,gnupg,2014-09-11
DSA-3023-1,https://lwn.net/Articles/611726,bind9,2014-09-11
DSA-3020-1,https://lwn.net/Articles/611425,acpi-support,2014-09-10
DSA-3022-1,https://lwn.net/Articles/611576,curl,2014-09-10
DSA-3021-2,https://lwn.net/Articles/611577,file,2014-09-10
DSA-3021-1,https://lwn.net/Articles/611322,file,2014-09-09
DSA-3019-1,https://lwn.net/Articles/610903,procmail,2014-09-04
DSA-3018-1,https://lwn.net/Articles/610578,iceweasel,2014-09-03
DSA-3017-1,https://lwn.net/Articles/610579,php-cas,2014-09-02
DSA-3015-1,https://lwn.net/Articles/610343,lua5.1,2014-09-01
DSA-3016-1,https://lwn.net/Articles/610344,lua5.2,2014-09-01
DSA-2987-2,https://lwn.net/Articles/610345,openjdk-7,2014-08-31
DSA-3014-1,https://lwn.net/Articles/609939,squid3,2014-08-28
DSA-3013-1,https://lwn.net/Articles/609828,s3ql,2014-08-27
DSA-3012-1,https://lwn.net/Articles/609686,eglibc,2014-08-27
DSA-3011-1,https://lwn.net/Articles/609473,mediawiki,2014-08-23
DSA-3010-1,https://lwn.net/Articles/609474,python-django,2014-08-22
DSA-3008-2,https://lwn.net/Articles/609151,php5,2014-08-21
DSA-2940-1,https://lwn.net/Articles/609149,libstruts1.2-java,2014-08-21
DSA-3009-1,https://lwn.net/Articles/609274,python-imaging,2014-08-21
DSA-3007-1,https://lwn.net/Articles/609024,cacti,2014-08-20
DSA-3006-1,https://lwn.net/Articles/608844,xen,2014-08-18
DSA-3005-1,https://lwn.net/Articles/608637,gpgme1.0,2014-08-14
DSA-3004-1,https://lwn.net/Articles/608376,kde4libs,2014-08-11
DSA-2984-2,https://lwn.net/Articles/608468,acpi-support,2014-08-11
DSA-3003-1,https://lwn.net/Articles/608378,libav,2014-08-10
DSA-3002-1,https://lwn.net/Articles/608379,wireshark,2014-08-10
DSA-3000-1,https://lwn.net/Articles/608377,krb5,2014-08-09
DSA-2999-1,https://lwn.net/Articles/608375,drupal7,2014-08-09
DSA-3001-1,https://lwn.net/Articles/608380,wordpress,2014-08-09
DSA-2998-1,https://lwn.net/Articles/607981,openssl,2014-08-07
DSA-2997-1,https://lwn.net/Articles/607752,reportbug,2014-08-05
DSA-2996-1,https://lwn.net/Articles/607636,icedove,2014-08-03
DSA-2995-1,https://lwn.net/Articles/607565,lzo2,2014-08-03
DSA-2993-1,https://lwn.net/Articles/607256,tor,2014-07-31
DSA-2994-1,https://lwn.net/Articles/607255,nss,2014-07-31
DSA-2992-1,https://lwn.net/Articles/606970,kernel,2014-07-29
DSA-2991-1,https://lwn.net/Articles/606829,modsecurity-apache,2014-07-27
DSA-2990-1,https://lwn.net/Articles/606828,cups,2014-07-27
DSA-2988-1,https://lwn.net/Articles/606678,transmission,2014-07-24
DSA-2989-1,https://lwn.net/Articles/606677,apache2,2014-07-24
DSA-2986-1,https://lwn.net/Articles/606482,iceweasel,2014-07-23
DSA-2987-1,https://lwn.net/Articles/606483,openjdk-7,2014-07-23
DSA-2985-1,https://lwn.net/Articles/606273,mysql-5.5,2014-07-22
DSA-2984-1,https://lwn.net/Articles/606272,acpi-support,2014-07-22
DSA-2983-1,https://lwn.net/Articles/606052,drupal7,2014-07-20
DSA-2982-1,https://lwn.net/Articles/606053,ruby-activerecord-3.2,2014-07-19
DSA-2981-1,https://lwn.net/Articles/605926,polarssl,2014-07-18
DSA-2980-1,https://lwn.net/Articles/605921,openjdk-6,2014-07-17
DSA-2979-1,https://lwn.net/Articles/605920,fail2ban,2014-07-17
DSA-2765-2,https://lwn.net/Articles/605770,davfs2,2014-07-16
DSA-2978-1,https://lwn.net/Articles/605167,libxml2,2014-07-11
DSA-2977-1,https://lwn.net/Articles/605166,libav,2014-07-11
DSA-2976-1,https://lwn.net/Articles/605165,eglibc,2014-07-10
DSA-2975-1,https://lwn.net/Articles/605002,phpmyadmin,2014-07-09
DSA-2974-1,https://lwn.net/Articles/604825,php5,2014-07-08
DSA-2973-1,https://lwn.net/Articles/604672,vlc,2014-07-07
DSA-2972-1,https://lwn.net/Articles/604577,kernel,2014-07-06
DSA-2971-1,https://lwn.net/Articles/604225,dbus,2014-07-02
DSA-2970-1,https://lwn.net/Articles/603953,cacti,2014-06-29
DSA-2968-1,https://lwn.net/Articles/603724,gnupg2,2014-06-27
DSA-2969-1,https://lwn.net/Articles/603954,libemail-address-perl,2014-06-27
DSA-2967-1,https://lwn.net/Articles/603597,gnupg,2014-06-25
DSA-2966-1,https://lwn.net/Articles/603196,samba,2014-06-23
DSA-2965-1,https://lwn.net/Articles/603197,tiff,2014-06-22
DSA-2964-1,https://lwn.net/Articles/603195,iodine,2014-06-21
DSA-2962-1,https://lwn.net/Articles/602667,nspr,2014-06-17
DSA-2963-1,https://lwn.net/Articles/602666,lucene-solr,2014-06-17
DSA-2960-1,https://lwn.net/Articles/602533,icedove,2014-06-16
DSA-2961-1,https://lwn.net/Articles/602535,php5,2014-06-16
DSA-2950-2,https://lwn.net/Articles/602534,openssl,2014-06-16
DSA-2959-1,https://lwn.net/Articles/602434,chromium-browser,2014-06-14
DSA-2957-1,https://lwn.net/Articles/602314,mediawiki,2014-06-12
DSA-2958-1,https://lwn.net/Articles/602313,apt,2014-06-12
DSA-2955-1,https://lwn.net/Articles/602019,iceweasel,2014-06-11
DSA-2956-1,https://lwn.net/Articles/602020,icinga,2014-06-11
DSA-2954-1,https://lwn.net/Articles/601841,dovecot,2014-06-09
DSA-2953-1,https://lwn.net/Articles/601747,dpkg,2014-06-08
DSA-2952-1,https://lwn.net/Articles/601517,kfreebsd-9,2014-06-06
DSA-2949-1,https://lwn.net/Articles/601397,kernel,2014-06-05
DSA-2951-1,https://lwn.net/Articles/601518,mupdf,2014-06-05
DSA-2950-1,https://lwn.net/Articles/601399,openssl,2014-06-05
DSA-2947-1,https://lwn.net/Articles/601398,libav,2014-06-04
DSA-2946-1,https://lwn.net/Articles/601401,python-gnupg,2014-06-04
DSA-2948-1,https://lwn.net/Articles/601400,python-bottle,2014-06-04
DSA-2945-1,https://lwn.net/Articles/601225,chkrootkit,2014-06-03
DSA-2944-1,https://lwn.net/Articles/601041,gnutls26,2014-06-01
DSA-2943-1,https://lwn.net/Articles/601043,php5,2014-06-01
DSA-2942-1,https://lwn.net/Articles/601044,typo3-src,2014-06-01
DSA-2941-1,https://lwn.net/Articles/601042,lxml,2014-06-01
DSA-2939-1,https://lwn.net/Articles/601040,chromium-browser,2014-05-31
DSA-2937-1,https://lwn.net/Articles/600380,mod-wsgi,2014-05-27
DSA-2936-1,https://lwn.net/Articles/600079,torque,2014-05-23
DSA-2935-1,https://lwn.net/Articles/599954,libgadu,2014-05-21
DSA-2934-1,https://lwn.net/Articles/599617,python-django,2014-05-19
DSA-2932-1,https://lwn.net/Articles/599394,qemu,2014-05-19
DSA-2933-1,https://lwn.net/Articles/599395,qemu-kvm,2014-05-19
DSA-2931-1,https://lwn.net/Articles/599393,openssl,2014-05-18
DSA-2930-1,https://lwn.net/Articles/599392,chromium-browser,2014-05-17
DSA-2929-1,https://lwn.net/Articles/599037,ruby-actionpack-3.2,2014-05-16
DSA-2928-1,https://lwn.net/Articles/598835,linux-2.6,2014-05-14
DSA-2927-1,https://lwn.net/Articles/598565,libxfont,2014-05-13
DSA-2926-1,https://lwn.net/Articles/598437,kernel,2014-05-12
DSA-2925-1,https://lwn.net/Articles/598004,rxvt-unicode,2014-05-08
DSA-2922-1,https://lwn.net/Articles/597303,strongswan,2014-05-05
DSA-2923-1,https://lwn.net/Articles/597302,openjdk-7,2014-05-05
DSA-2924-1,https://lwn.net/Articles/597300,icedove,2014-05-05
DSA-2921-1,https://lwn.net/Articles/597304,xbuffy,2014-05-04
DSA-2920-1,https://lwn.net/Articles/597299,chromium-browser,2014-05-03
DSA-2919-1,https://lwn.net/Articles/597301,mysql-5.5,2014-05-03
DSA-2915-2,https://lwn.net/Articles/596993,dpkg,2014-04-30
DSA-2918-1,https://lwn.net/Articles/596784,iceweasel,2014-04-30
DSA-2915-1,https://lwn.net/Articles/596555,dpkg,2014-04-28
DSA-2917-1,https://lwn.net/Articles/596680,super,2014-04-28
DSA-2916-1,https://lwn.net/Articles/596679,libmms,2014-04-28
DSA-2914-1,https://lwn.net/Articles/596556,drupal6,2014-04-25
DSA-2913-1,https://lwn.net/Articles/596557,drupal7,2014-04-25
DSA-2912-1,https://lwn.net/Articles/596217,openjdk-6,2014-04-24
DSA-2906-1,https://lwn.net/Articles/596216,linux-2.6,2014-04-24
DSA-2911-1,https://lwn.net/Articles/595625,icedove,2014-04-22
DSA-2808-2,https://lwn.net/Articles/595768,openjpeg,2014-04-22
DSA-2901-3,https://lwn.net/Articles/595554,wordpress,2014-04-21
DSA-2895-2,https://lwn.net/Articles/595553,prosody,2014-04-21
DSA-2909-1,https://lwn.net/Articles/595431,qemu,2014-04-18
DSA-2910-1,https://lwn.net/Articles/595432,qemu-kvm,2014-04-18
DSA-2901-2,https://lwn.net/Articles/595555,wordpress,2014-04-18
DSA-2908-1,https://lwn.net/Articles/595430,openssl,2014-04-17
DSA-2904-1,https://lwn.net/Articles/594999,virtualbox,2014-04-15
DSA-2905-1,https://lwn.net/Articles/594998,chromium-browser,2014-04-15
DSA-2903-1,https://lwn.net/Articles/594877,strongswan,2014-04-14
DSA-2902-1,https://lwn.net/Articles/594727,curl,2014-04-13
DSA-2901-1,https://lwn.net/Articles/594728,wordpress,2014-04-12
DSA-2900-1,https://lwn.net/Articles/594449,jbigkit,2014-04-10
DSA-2897-1,https://lwn.net/Articles/594270,imagemagick,2014-04-09
DSA-2899-1,https://lwn.net/Articles/594271,openafs,2014-04-09
DSA-2897-1,https://lwn.net/Articles/594058,tomcat7,2014-04-08
DSA-2896-2,https://lwn.net/Articles/593843,openssl,2014-04-08
DSA-2896-1,https://lwn.net/Articles/593842,openssl,2014-04-07
DSA-2895-1,https://lwn.net/Articles/593578,prosody,2014-04-06
DSA-2894-1,https://lwn.net/Articles/593577,openssh,2014-04-05
DSA-2891-3,https://lwn.net/Articles/593576,mediawiki,2014-04-04
DSA-2892-1,https://lwn.net/Articles/592659,a2ps,2014-03-31
DSA-2891-2,https://lwn.net/Articles/592660,mediawiki,2014-03-31
DSA-2893-1,https://lwn.net/Articles/592661,openswan,2014-03-31
DSA-2891-1,https://lwn.net/Articles/592564,mediawiki,2014-03-30
DSA-2890-1,https://lwn.net/Articles/592563,libspring-java,2014-03-29
DSA-2889-1,https://lwn.net/Articles/592391,postfixadmin,2014-03-28
DSA-2888-1,https://lwn.net/Articles/592258,ruby-actionpack-3.2,2014-03-27
DSA-2887-1,https://lwn.net/Articles/592257,ruby-actionmailer-3.2,2014-03-27
DSA-2886-1,https://lwn.net/Articles/592254,libxalan2-java,2014-03-26
DSA-2885-1,https://lwn.net/Articles/592256,libyaml-libyaml-perl,2014-03-26
DSA-2884-1,https://lwn.net/Articles/592255,libyaml,2014-03-26
DSA-2873-2,https://lwn.net/Articles/591873,file,2014-03-24
DSA-2883-1,https://lwn.net/Articles/591661,chromium-browser,2014-03-23
DSA-2882-1,https://lwn.net/Articles/591351,extplorer,2014-03-20
DSA-2859-2,https://lwn.net/Articles/591185,pidgin,2014-03-19
DSA-2881-1,https://lwn.net/Articles/591069,iceweasel,2014-03-19
DSA-2880-1,https://lwn.net/Articles/590968,python2.7,2014-03-17
DSA-2877-1,https://lwn.net/Articles/590522,lighttpd,2014-03-13
DSA-2879-1,https://lwn.net/Articles/590721,libssh,2014-03-13
DSA-2878-1,https://lwn.net/Articles/590722,virtualbox,2014-03-13
DSA-2876-1,https://lwn.net/Articles/590521,cups,2014-03-12
DSA-2874-1,https://lwn.net/Articles/590361,mutt,2014-03-12
DSA-2875-1,https://lwn.net/Articles/590359,cups-filters,2014-03-12
DSA-2873-1,https://lwn.net/Articles/590360,file,2014-03-11
DSA-2871-1,https://lwn.net/Articles/590162,wireshark,2014-03-10
DSA-2872-1,https://lwn.net/Articles/590161,udisks,2014-03-10
DSA-2870-1,https://lwn.net/Articles/590160,libyaml-libyaml-perl,2014-03-08
DSA-2869-1,https://lwn.net/Articles/589210,gnutls26,2014-03-03
DSA-2868-1,https://lwn.net/Articles/589066,php5,2014-03-02
DSA-2867-1,https://lwn.net/Articles/587963,otrs2,2014-02-23
DSA-2866-1,https://lwn.net/Articles/587962,gnutls26,2014-02-22
DSA-2864-1,https://lwn.net/Articles/587535,postgresql-8.4,2014-02-20
DSA-2865-1,https://lwn.net/Articles/587536,postgresql-9.1,2014-02-20
DSA-2863-1,https://lwn.net/Articles/587114,libtar,2014-02-18
DSA-2862-1,https://lwn.net/Articles/586754,chromium-browser,2014-02-16
DSA-2861-1,https://lwn.net/Articles/586755,file,2014-02-16
DSA-2850-2,https://lwn.net/Articles/585701,libyaml,2014-02-12
DSA-2860-1,https://lwn.net/Articles/585702,parcimonie,2014-02-11
DSA-2858-1,https://lwn.net/Articles/585159,iceweasel,2014-02-10
DSA-2859-1,https://lwn.net/Articles/585383,pidgin,2014-02-10
DSA-2857-1,https://lwn.net/Articles/585161,libspring-java,2014-02-08
DSA-2856-1,https://lwn.net/Articles/585160,libcommons-fileupload-java,2014-02-07
DSA-2852-1,https://lwn.net/Articles/584714,libgadu,2014-02-06
DSA-2854-1,https://lwn.net/Articles/584241,mumble,2014-02-05
DSA-2853-1,https://lwn.net/Articles/584240,horde3,2014-02-05
DSA-2855-1,https://lwn.net/Articles/584519,libav,2014-02-05
DSA-2851-1,https://lwn.net/Articles/583978,drupal6,2014-02-02
DSA-2849-1,https://lwn.net/Articles/583648,curl,2014-01-31
DSA-2850-1,https://lwn.net/Articles/583979,libyaml,2014-01-31
DSA-2848-1,https://lwn.net/Articles/582182,mysql-5.5,2014-01-23
DSA-2826-2,https://lwn.net/Articles/582181,denyhosts,2014-01-23
DSA-2847-1,https://lwn.net/Articles/581505,drupal7,2014-01-20
DSA-2831-2,https://lwn.net/Articles/581285,puppet,2014-01-17
DSA-2845-1,https://lwn.net/Articles/581284,mysql-5.1,2014-01-17
DSA-2846-1,https://lwn.net/Articles/581283,libvirt,2014-01-17
DSA-2844-1,https://lwn.net/Articles/580549,djvulibre,2014-01-15
DSA-2842-1,https://lwn.net/Articles/580155,libspring-java,2014-01-13
DSA-2843-1,https://lwn.net/Articles/580384,graphviz,2014-01-13
DSA-2841-1,https://lwn.net/Articles/580156,movabletype-opensource,2014-01-11
DSA-2840-1,https://lwn.net/Articles/580157,srtp,2014-01-10
DSA-2839-1,https://lwn.net/Articles/579627,spice,2014-01-08
DSA-2837-1,https://lwn.net/Articles/579445,openssl,2014-01-07
DSA-2838-1,https://lwn.net/Articles/579626,libxfont,2014-01-07
DSA-2835-1,https://lwn.net/Articles/579309,asterisk,2014-01-05
DSA-2836-1,https://lwn.net/Articles/579310,devscripts,2014-01-05
DSA-2832-1,https://lwn.net/Articles/578586,memcached,2014-01-01
DSA-2834-1,https://lwn.net/Articles/578782,typo3-src,2014-01-01
DSA-2833-1,https://lwn.net/Articles/578587,openssl,2014-01-01
DSA-2831-1,https://lwn.net/Articles/578588,puppet,2013-12-31
DSA-2830-1,https://lwn.net/Articles/578492,ruby-i18n,2013-12-30
DSA-2829-1,https://lwn.net/Articles/578219,hplip,2013-12-28
DSA-2828-1,https://lwn.net/Articles/578218,drupal6,2013-12-28
DSA-2827-1,https://lwn.net/Articles/578058,libcommons-fileupload-java,2013-12-24
DSA-2826-1,https://lwn.net/Articles/577975,denyhosts,2013-12-22
DSA-2825-1,https://lwn.net/Articles/577861,wireshark,2013-12-20
DSA-2824-1,https://lwn.net/Articles/577860,curl,2013-12-19
DSA-2823-1,https://lwn.net/Articles/577513,pixman,2013-12-18
DSA-2821-1,https://lwn.net/Articles/577512,gnupg,2013-12-18
DSA-2822-1,https://lwn.net/Articles/577514,xorg-server,2013-12-18
DSA-2820-1,https://lwn.net/Articles/577312,nspr,2013-12-17
DSA-2818-1,https://lwn.net/Articles/577168,mysql-5.5,2013-12-16
DSA-2819-1,https://lwn.net/Articles/577166,iceape,2013-12-16
DSA-2817-1,https://lwn.net/Articles/577167,libtar,2013-12-14
DSA-2816-1,https://lwn.net/Articles/576888,php5,2013-12-12
DSA-2813-1,https://lwn.net/Articles/576392,gimp,2013-12-09
DSA-2815-1,https://lwn.net/Articles/576393,munin,2013-12-09
DSA-2814-1,https://lwn.net/Articles/576394,varnish,2013-12-09
DSA-2812-1,https://lwn.net/Articles/576197,samba,2013-12-09
DSA-2811-1,https://lwn.net/Articles/576196,chromium-browser,2013-12-07
DSA-2810-1,https://lwn.net/Articles/575850,ruby1.9.1,2013-12-04
DSA-2809-1,https://lwn.net/Articles/575849,ruby1.8,2013-12-04
DSA-2808-1,https://lwn.net/Articles/575461,openjpeg,2013-12-03
DSA-2807-1,https://lwn.net/Articles/575307,links2,2013-11-30
DSA-2806-1,https://lwn.net/Articles/575308,nbd,2013-11-29
DSA-2805-1,https://lwn.net/Articles/575309,sup-mail,2013-11-27
DSA-2804-1,https://lwn.net/Articles/575010,drupal7,2013-11-26
DSA-2803-1,https://lwn.net/Articles/575012,quagga,2013-11-26
DSA-2800-1,https://lwn.net/Articles/575011,nss,2013-11-25
DSA-2801-1,https://lwn.net/Articles/574731,libhttp-body-perl,2013-11-21
DSA-2802-1,https://lwn.net/Articles/574732,nginx,2013-11-21
DSA-2798-2,https://lwn.net/Articles/574535,curl,2013-11-20
DSA-2797-1,https://lwn.net/Articles/574197,chromium-browser,2013-11-17
DSA-2798-1,https://lwn.net/Articles/574175,curl,2013-11-17
DSA-2795-2,https://lwn.net/Articles/574176,lighttpd,2013-11-16
DSA-2795-1,https://lwn.net/Articles/573662,lighttpd,2013-11-13
DSA-2796-1,https://lwn.net/Articles/573802,torque,2013-11-13
DSA-2797-1,https://lwn.net/Articles/573801,icedove,2013-11-13
DSA-2794-1,https://lwn.net/Articles/573499,spip,2013-11-10
DSA-2793-1,https://lwn.net/Articles/573498,libav,2013-11-09
DSA-2791-1,https://lwn.net/Articles/572747,tryton-client,2013-11-04
DSA-2792-1,https://lwn.net/Articles/572862,wireshark,2013-11-04
DSA-2790-1,https://lwn.net/Articles/572746,nss,2013-11-02
DSA-2789-1,https://lwn.net/Articles/572584,strongswan,2013-11-01
DSA-2788-1,https://lwn.net/Articles/572487,iceweasel,2013-10-31
DSA-2786-1,https://lwn.net/Articles/571938,icu,2013-10-27
DSA-2787-1,https://lwn.net/Articles/571939,roundcube,2013-10-27
DSA-2785-1,https://lwn.net/Articles/571937,chromium-browser,2013-10-26
DSA-2783-2,https://lwn.net/Articles/571729,librack-ruby,2013-10-24
DSA-2784-1,https://lwn.net/Articles/571427,xorg-server,2013-10-22
DSA-2783-1,https://lwn.net/Articles/571271,librack-ruby,2013-10-21
DSA-2782-1,https://lwn.net/Articles/571111,polarssl,2013-10-20
DSA-2780-1,https://lwn.net/Articles/570814,mysql-5.1,2013-10-18
DSA-2781-1,https://lwn.net/Articles/571112,python-crypto,2013-10-18
DSA-2779-1,https://lwn.net/Articles/570304,libxml2,2013-10-13
DSA-2777-1,https://lwn.net/Articles/570305,systemd,2013-10-11
DSA-2776-1,https://lwn.net/Articles/570302,drupal6,2013-10-11
DSA-2778-1,https://lwn.net/Articles/570303,libapache2-mod-fcgid,2013-10-11
DSA-2774-1,https://lwn.net/Articles/570125,gnupg2,2013-10-10
DSA-2772-1,https://lwn.net/Articles/570126,typo3-src,2013-10-10
DSA-2775-1,https://lwn.net/Articles/570123,ejabberd,2013-10-10
DSA-2773-1,https://lwn.net/Articles/570124,gnupg,2013-10-10
DSA-2771-1,https://lwn.net/Articles/569981,nas,2013-10-09
DSA-2770-1,https://lwn.net/Articles/569845,torque,2013-10-09
DSA-2769-1,https://lwn.net/Articles/569760,kfreebsd-9,2013-10-08
DSA-2768-1,https://lwn.net/Articles/569641,icedtea-web,2013-10-04
DSA-2767-1,https://lwn.net/Articles/568897,proftpd-dfsg,2013-09-29
DSA-2766-1,https://lwn.net/Articles/568896,linux-2.6,2013-09-27
DSA-2765-1,https://lwn.net/Articles/568642,davfs2,2013-09-26
DSA-2764-1,https://lwn.net/Articles/568418,libvirt,2013-09-25
DSA-2763-1,https://lwn.net/Articles/568254,pyopenssl,2013-09-24
DSA-2762-1,https://lwn.net/Articles/568115,icedove,2013-09-23
DSA-2761-1,https://lwn.net/Articles/567681,puppet,2013-09-19
DSA-2759-1,https://lwn.net/Articles/567242,iceweasel,2013-09-18
DSA-2760-1,https://lwn.net/Articles/567241,chrony,2013-09-18
DSA-2758-1,https://lwn.net/Articles/567243,python-django,2013-09-17
DSA-2757-1,https://lwn.net/Articles/566959,wordpress,2013-09-14
DSA-2753-1,https://lwn.net/Articles/566696,mediawiki,2013-09-13
DSA-2756-1,https://lwn.net/Articles/566958,wireshark,2013-09-13
DSA-2754-1,https://lwn.net/Articles/566236,exactimage,2013-09-11
DSA-2755-1,https://lwn.net/Articles/566237,python-django,2013-09-11
DSA-2752-1,https://lwn.net/Articles/566094,phpbb3,2013-09-07
DSA-2751-1,https://lwn.net/Articles/565806,libmodplug,2013-09-04
DSA-2750-1,https://lwn.net/Articles/565694,imagemagick,2013-09-03
DSA-2749-1,https://lwn.net/Articles/565522,asterisk,2013-09-02
DSA-2740-2,https://lwn.net/Articles/565525,python-django,2013-09-01
DSA-2748-1,https://lwn.net/Articles/565524,exactimage,2013-09-01
DSA-2747-1,https://lwn.net/Articles/565523,cacti,2013-08-31
DSA-2746-1,https://lwn.net/Articles/565357,icedove,2013-08-29
DSA-2745-1,https://lwn.net/Articles/565265,kernel,2013-08-28
DSA-2744-1,https://lwn.net/Articles/565074,tiff,2013-08-27
DSA-2743-1,https://lwn.net/Articles/564945,kfreebsd-9,2013-08-27
DSA-2742-1,https://lwn.net/Articles/564946,php5,2013-08-26
DSA-2741-1,https://lwn.net/Articles/564807,chromium-browser,2013-08-25
DSA-2740-1,https://lwn.net/Articles/564808,python-django,2013-08-23
DSA-2739-1,https://lwn.net/Articles/564390,cacti,2013-08-21
DSA-2738-1,https://lwn.net/Articles/563924,ruby1.9.1,2013-08-18
DSA-2737-1,https://lwn.net/Articles/563266,swift,2013-08-12
DSA-2736-1,https://lwn.net/Articles/563096,putty,2013-08-11
DSA-2735-1,https://lwn.net/Articles/562426,iceweasel,2013-08-07
DSA-2734-1,https://lwn.net/Articles/562259,wireshark,2013-08-05
DSA-2732-1,https://lwn.net/Articles/562161,chromium-browser,2013-08-02
DSA-2733-1,https://lwn.net/Articles/562162,otrs2,2013-08-02
DSA-2731-1,https://lwn.net/Articles/561423,libgcrypt11,2013-07-29
DSA-2730-1,https://lwn.net/Articles/561422,gnupg,2013-07-29
DSA-2729-1,https://lwn.net/Articles/561289,openafs,2013-07-28
DSA-2728-1,https://lwn.net/Articles/561288,bind9,2013-07-27
DSA-2726-1,https://lwn.net/Articles/560984,php-radius,2013-07-25
DSA-2727-1,https://lwn.net/Articles/560983,openjdk-6,2013-07-25
DSA-2725-1,https://lwn.net/Articles/559684,tomcat6,2013-07-18
DSA-2724-1,https://lwn.net/Articles/559683,chromium-browser,2013-07-18
DSA-2723-1,https://lwn.net/Articles/559457,php5,2013-07-17
DSA-2722-1,https://lwn.net/Articles/559024,openjdk-7,2013-07-15
DSA-2719-1,https://lwn.net/Articles/558570,poppler,2013-07-10
DSA-2721-1,https://lwn.net/Articles/558075,nginx,2013-07-07
DSA-2720-1,https://lwn.net/Articles/558074,icedove,2013-07-06
DSA-2718-1,https://lwn.net/Articles/557440,wordpress,2013-07-02
DSA-2717-1,https://lwn.net/Articles/556774,xml-security-c,2013-06-28
DSA-2715-1,https://lwn.net/Articles/556542,puppet,2013-06-26
DSA-2716-1,https://lwn.net/Articles/556391,iceweasel,2013-06-26
DSA-2714-1,https://lwn.net/Articles/556356,kfreebsd-9,2013-06-25
DSA-2713-1,https://lwn.net/Articles/556236,curl,2013-06-24
DSA-2712-1,https://lwn.net/Articles/555673,otrs2,2013-06-19
DSA-2711-1,https://lwn.net/Articles/555672,haproxy,2013-06-19
DSA-2710-1,https://lwn.net/Articles/555427,xml-security-c,2013-06-18
DSA-2698-1,https://lwn.net/Articles/555430,tiff,2013-06-18
DSA-2628-2,https://lwn.net/Articles/555431,nss-pam-ldapd,2013-06-18
DSA-2709-1,https://lwn.net/Articles/555204,wireshark,2013-06-17
DSA-2708-1,https://lwn.net/Articles/554868,fail2ban,2013-06-16
DSA-2707-1,https://lwn.net/Articles/554226,dbus,2013-06-13
DSA-2706-1,https://lwn.net/Articles/553792,chromium-browser,2013-06-10
DSA-2705-1,https://lwn.net/Articles/553791,pymongo,2013-06-10
DSA-2703-1,https://lwn.net/Articles/553615,subversion,2013-06-09
DSA-2704-1,https://lwn.net/Articles/553616,mesa,2013-06-09
DSA-2702-1,https://lwn.net/Articles/552859,telepathy-gabble,2013-06-03
DSA-2701-1,https://lwn.net/Articles/552724,krb5,2013-06-02
DSA-2699-1,https://lwn.net/Articles/552722,iceweasel,2013-06-02
DSA-2700-1,https://lwn.net/Articles/552723,wireshark,2013-06-02
DSA-2695-1,https://lwn.net/Articles/552188,chromium-browser,2013-05-29
DSA-2696-1,https://lwn.net/Articles/552189,otrs2,2013-05-29
DSA-2697-1,https://lwn.net/Articles/552285,gnutls26,2013-05-29
DSA-2694-1,https://lwn.net/Articles/552013,spip,2013-05-26
DSA-2675-2,https://lwn.net/Articles/551797,libxvmc,2013-05-24
DSA-2693-1,https://lwn.net/Articles/552003,libx11,2013-05-24
DSA-2675-1,https://lwn.net/Articles/551769,libxvmc,2013-05-23
DSA-2687-1,https://lwn.net/Articles/551781,libfs,2013-05-23
DSA-2686-1,https://lwn.net/Articles/551780,libxcb,2013-05-23
DSA-2685-1,https://lwn.net/Articles/551779,libxp,2013-05-23
DSA-2684-1,https://lwn.net/Articles/551778,libxrandr,2013-05-23
DSA-2683-1,https://lwn.net/Articles/551777,libxi,2013-05-23
DSA-2682-1,https://lwn.net/Articles/551776,libxext,2013-05-23
DSA-2681-1,https://lwn.net/Articles/551775,libxcursor,2013-05-23
DSA-2680-1,https://lwn.net/Articles/551774,libxt,2013-05-23
DSA-2679-1,https://lwn.net/Articles/551773,xserver-xorg-video-openchrome,2013-05-23
DSA-2678-1,https://lwn.net/Articles/551772,mesa,2013-05-23
DSA-2677-1,https://lwn.net/Articles/551771,libxrender,2013-05-23
DSA-2676-1,https://lwn.net/Articles/551770,libxfixes,2013-05-23
DSA-2692-1,https://lwn.net/Articles/551787,libxxf86vm,2013-05-23
DSA-2691-1,https://lwn.net/Articles/551786,libxinerama,2013-05-23
DSA-2688-1,https://lwn.net/Articles/551783,libxres,2013-05-23
DSA-2690-1,https://lwn.net/Articles/551785,libxxf86dga,2013-05-23
DSA-2689-1,https://lwn.net/Articles/551784,libxtst,2013-05-23
DSA-2673-1,https://lwn.net/Articles/551767,libdmx,2013-05-23
DSA-2674-1,https://lwn.net/Articles/551768,libxv,2013-05-23
DSA-2672-1,https://lwn.net/Articles/551621,kfreebsd-9,2013-05-22
DSA-2671-1,https://lwn.net/Articles/551622,request-tracker4,2013-05-22
DSA-2669-1,https://lwn.net/Articles/550923,linux,2013-05-15
DSA-2668-1,https://lwn.net/Articles/550705,linux-2.6,2013-05-14
DSA-2666-1,https://lwn.net/Articles/550445,xen,2013-05-12
DSA-2667-1,https://lwn.net/Articles/550446,mysql-5.5,2013-05-12
DSA-2664-1,https://lwn.net/Articles/549213,stunnel4,2013-05-02
DSA-2665-1,https://lwn.net/Articles/548889,strongswan,2013-04-30
DSA-2663-1,https://lwn.net/Articles/548164,tinc,2013-04-22
DSA-2660-1,https://lwn.net/Articles/548086,curl,2013-04-20
DSA-2662-1,https://lwn.net/Articles/547771,xen,2013-04-18
DSA-2661-1,https://lwn.net/Articles/547756,xorg-server,2013-04-17
DSA-2659-1,https://lwn.net/Articles/547005,libapache-mod-security,2013-04-10
DSA-2658-1,https://lwn.net/Articles/545954,postgresql-9.1,2013-04-04
DSA-2657-1,https://lwn.net/Articles/545953,postgresql-8.4,2013-04-04
DSA-2654-1,https://lwn.net/Articles/545952,libxslt,2013-04-03
DSA-2656-1,https://lwn.net/Articles/545425,bind9,2013-03-30
DSA-2655-1,https://lwn.net/Articles/545175,rails,2013-03-28
DSA-2652-1,https://lwn.net/Articles/544473,libxml2,2013-03-26
DSA-2653-1,https://lwn.net/Articles/544635,icinga,2013-03-26
DSA-2651-1,https://lwn.net/Articles/543766,smokeping,2013-03-20
DSA-2641-2,https://lwn.net/Articles/543765,libapache2-mod-perl2,2013-03-20
DSA-2650-2,https://lwn.net/Articles/543277,libvirt,2013-03-17
DSA-2646-1,https://lwn.net/Articles/543274,typo3-src,2013-03-15
DSA-2647-1,https://lwn.net/Articles/543267,firebird2.1,2013-03-15
DSA-2648-1,https://lwn.net/Articles/543268,firebird2.5,2013-03-15
DSA-2650-1,https://lwn.net/Articles/543276,libvirt-bin,2013-03-15
DSA-2649-1,https://lwn.net/Articles/543275,lighttpd,2013-03-15
DSA-2645-1,https://lwn.net/Articles/543061,inetutils,2013-03-14
DSA-2640-1,https://lwn.net/Articles/543063,zoneminder,2013-03-14
DSA-2644-1,https://lwn.net/Articles/543062,wireshark,2013-03-14
DSA-2643-1,https://lwn.net/Articles/542682,puppet,2013-03-12
DSA-2641-1,https://lwn.net/Articles/542441,perl,2013-03-09
DSA-2642-1,https://lwn.net/Articles/542431,sudo,2013-03-09
DSA-2639-1,https://lwn.net/Articles/541331,php5,2013-03-05
DSA-2637-1,https://lwn.net/Articles/541300,apache2,2013-03-04
DSA-2638-1,https://lwn.net/Articles/541302,openafs,2013-03-04
DSA-2636-2,https://lwn.net/Articles/541069,xen,2013-03-03
DSA-2635-1,https://lwn.net/Articles/540706,cfingerd,2013-03-01
DSA-2636-1,https://lwn.net/Articles/541051,xen,2013-03-01
DSA-2634-1,https://lwn.net/Articles/540260,python-django,2013-02-27
DSA-2633-1,https://lwn.net/Articles/540259,fusionforge,2013-02-26
DSA-2629-1,https://lwn.net/Articles/540067,openjpeg,2013-02-25
DSA-2632-1,https://lwn.net/Articles/540071,linux-2.6,2013-02-25
DSA-2631-1,https://lwn.net/Articles/539863,squid3,2013-02-24
DSA-2630-1,https://lwn.net/Articles/539474,postgresql-8.4,2013-02-20
DSA-2628-1,https://lwn.net/Articles/538861,nss-pam-ldapd,2013-02-18
DSA-2626-1,https://lwn.net/Articles/538842,lighttpd,2013-02-17
DSA-2627-1,https://lwn.net/Articles/538843,nginx,2013-02-17
DSA-2625-1,https://lwn.net/Articles/538838,wireshark,2013-02-17
DSA-2624-1,https://lwn.net/Articles/538834,ffmpeg,2013-02-16
DSA-2623-1,https://lwn.net/Articles/538418,openconnect,2013-02-14
DSA-2622-1,https://lwn.net/Articles/538084,polarssl,2013-02-13
DSA-2621-1,https://lwn.net/Articles/538082,openssl,2013-02-13
DSA-2620-1,https://lwn.net/Articles/537740,rails,2013-02-12
DSA-2612-2,https://lwn.net/Articles/537355,ircd-ratbox,2013-02-10
DSA-2619-1,https://lwn.net/Articles/537354,xen-qemu-dm-4.0,2013-02-10
DSA-2618-1,https://lwn.net/Articles/536963,ircd-hybrid,2013-02-07
DSA-2616-1,https://lwn.net/Articles/536070,nagios3,2013-02-03
DSA-2617-1,https://lwn.net/Articles/536063,samba,2013-02-02
DSA-2615-1,https://lwn.net/Articles/536062,libupnp4,2013-02-02
DSA-2614-1,https://lwn.net/Articles/536061,libupnp,2013-02-02
DSA-2613-1,https://lwn.net/Articles/535206,rails,2013-01-30
DSA-2612-1,https://lwn.net/Articles/534027,ircd-ratbox,2013-01-24
DSA-2611-1,https://lwn.net/Articles/533565,movabletype-opensource,2013-01-22
DSA-2610-1,https://lwn.net/Articles/533563,ganglia,2013-01-21
DSA-2605-2,https://lwn.net/Articles/533447,asterisk,2013-01-19
DSA-2609-1,https://lwn.net/Articles/532989,rails,2013-01-16
DSA-2607-1,https://lwn.net/Articles/532804,qemu-kvm,2013-01-15
DSA-2608-1,https://lwn.net/Articles/532806,qemu,2013-01-15
DSA-2605-1,https://lwn.net/Articles/532533,asterisk,2013-01-13
DSA-2606-1,https://lwn.net/Articles/532532,proftpd-dfsg,2013-01-13
DSA-2603-1,https://lwn.net/Articles/532277,emacs23,2013-01-09
DSA-2604-1,https://lwn.net/Articles/532279,rails,2013-01-09
DSA-2602-1,https://lwn.net/Articles/532093,zendframework,2013-01-08
DSA-2600-1,https://lwn.net/Articles/531748,cups,2013-01-06
DSA-2601-1,https://lwn.net/Articles/531749,gnupg,2013-01-06
DSA-2599-1,https://lwn.net/Articles/531747,nss,2013-01-06
DSA-2598-1,https://lwn.net/Articles/531743,weechat,2013-01-05
DSA-2597-1,https://lwn.net/Articles/531732,rails,2013-01-04
DSA-2595-1,https://lwn.net/Articles/531052,ghostscript,2012-12-30
DSA-2596-1,https://lwn.net/Articles/531053,mediawiki-extensions,2012-12-30
DSA-2594-1,https://lwn.net/Articles/531051,virtualbox-ose,2012-12-30
DSA-2593-1,https://lwn.net/Articles/531050,moin,2012-12-29
DSA-2591-1,https://lwn.net/Articles/530895,mahara,2012-12-28
DSA-2592-1,https://lwn.net/Articles/530894,elinks,2012-12-28
DSA-2590-1,https://lwn.net/Articles/530746,wireshark,2012-12-26
DSA-2588-1,https://lwn.net/Articles/529433,icedove,2012-12-16
DSA-2589-1,https://lwn.net/Articles/529434,tiff,2012-12-16
DSA-2587-1,https://lwn.net/Articles/528899,libcgi-pm-perl,2012-12-11
DSA-2585-1,https://lwn.net/Articles/528895,bogofilter,2012-12-11
DSA-2586-1,https://lwn.net/Articles/528898,perl,2012-12-11
DSA-2584-1,https://lwn.net/Articles/528712,iceape,2012-12-08
DSA-2583-1,https://lwn.net/Articles/528711,iceweasel,2012-12-08
DSA-2582-1,https://lwn.net/Articles/528432,xen,2012-12-07
DSA-2581-1,https://lwn.net/Articles/527999,mysql-5.1,2012-12-04
DSA-2580-1,https://lwn.net/Articles/527902,libxml2,2012-12-02
DSA-2577-1,https://lwn.net/Articles/527901,libssh,2012-12-01
DSA-2579-1,https://lwn.net/Articles/527692,apache2,2012-11-30
DSA-2578-1,https://lwn.net/Articles/527321,rssh,2012-11-28
DSA-2576-1,https://lwn.net/Articles/526636,trousers,2012-11-23
DSA-2575-1,https://lwn.net/Articles/525743,tiff,2012-11-18
DSA-2574-1,https://lwn.net/Articles/525433,typo3-src,2012-11-15
DSA-2573-1,https://lwn.net/Articles/524561,radsecproxy,2012-11-10
DSA-2572-1,https://lwn.net/Articles/522953,iceape,2012-11-04
DSA-2571-1,https://lwn.net/Articles/522952,libproxy,2012-11-04
DSA-2570-1,https://lwn.net/Articles/522420,openoffice.org,2012-10-31
DSA-2569-1,https://lwn.net/Articles/522057,icedove,2012-10-29
DSA-2566-1,https://lwn.net/Articles/521542,exim4,2012-10-26
DSA-2568-1,https://lwn.net/Articles/521886,rtfm,2012-10-26
DSA-2567-1,https://lwn.net/Articles/521885,request-tracker3.8,2012-10-26
DSA-2562-1,https://lwn.net/Articles/520960,cups-pk-helper,2012-10-23
DSA-2563-1,https://lwn.net/Articles/520961,viewvc,2012-10-23
DSA-2565-1,https://lwn.net/Articles/520965,iceweasel,2012-10-23
DSA-2564-1,https://lwn.net/Articles/520963,tinyproxy,2012-10-23
DSA-2561-1,https://lwn.net/Articles/520738,tiff,2012-10-21
DSA-2560-1,https://lwn.net/Articles/520735,bind9,2012-10-20
DSA-2559-1,https://lwn.net/Articles/520376,libexif,2012-10-17
DSA-2557-1,https://lwn.net/Articles/518913,hostapd,2012-10-08
DSA-2558-1,https://lwn.net/Articles/518924,bacula,2012-10-08
DSA-2556-1,https://lwn.net/Articles/518911,icedove,2012-10-07
DSA-2555-1,https://lwn.net/Articles/518739,libxslt,2012-10-05
DSA-2550-2,https://lwn.net/Articles/517695,asterisk,2012-09-26
DSA-2552-1,https://lwn.net/Articles/517862,tiff,2012-09-26
DSA-2554-1,https://lwn.net/Articles/517861,iceape,2012-09-26
DSA-2553-1,https://lwn.net/Articles/517417,iceweasel,2012-09-24
DSA-2551-1,https://lwn.net/Articles/517398,isc-dhcp,2012-09-24
DSA-2550-1,https://lwn.net/Articles/516749,asterisk,2012-09-18
DSA-2549-1,https://lwn.net/Articles/516616,devscripts,2012-09-15
DSA-2480-4,https://lwn.net/Articles/516615,request-tracker3.8,2012-09-15
DSA-2548-1,https://lwn.net/Articles/516284,tor,2012-09-13
DSA-2547-1,https://lwn.net/Articles/516055,bind9,2012-09-12
DSA-2546-1,https://lwn.net/Articles/515813,freeradius,2012-09-11
DSA-2543-1,https://lwn.net/Articles/515548,xen-qemu-dm-4.0,2012-09-08
DSA-2545-1,https://lwn.net/Articles/515550,qemu,2012-09-08
DSA-2542-1,https://lwn.net/Articles/515547,qemu-kvm,2012-09-08
DSA-2544-1,https://lwn.net/Articles/515549,xen,2012-09-08
DSA-2540-1,https://lwn.net/Articles/515538,mahara,2012-09-07
DSA-2541-1,https://lwn.net/Articles/515542,beaker,2012-09-07
DSA-2539-1,https://lwn.net/Articles/515134,zabbix,2012-09-06
DSA-2538-1,https://lwn.net/Articles/515132,moin,2012-09-05
DSA-2537-1,https://lwn.net/Articles/514531,typo3-src,2012-08-30
DSA-2536-1,https://lwn.net/Articles/514529,otrs2,2012-08-30
DSA-2535-1,https://lwn.net/Articles/514312,rtfm,2012-08-29
DSA-2534-1,https://lwn.net/Articles/513661,postgresql-8.4,2012-08-25
DSA-2533-1,https://lwn.net/Articles/513353,pcp,2012-08-23
DSA-2532-1,https://lwn.net/Articles/512914,libapache2-mod-rpaf,2012-08-22
DSA-2531-1,https://lwn.net/Articles/512472,xen,2012-08-18
DSA-2530-1,https://lwn.net/Articles/511805,rssh,2012-08-15
DSA-2529-1,https://lwn.net/Articles/511375,python-django,2012-08-14
DSA-2528-1,https://lwn.net/Articles/511374,icedove,2012-08-14
DSA-2527-1,https://lwn.net/Articles/511220,php5,2012-08-13
DSA-2526-1,https://lwn.net/Articles/511048,libotr,2012-08-12
DSA-2525-1,https://lwn.net/Articles/510036,expat,2012-08-06
DSA-2522-1,https://lwn.net/Articles/509930,fckeditor,2012-08-06
DSA-2524-1,https://lwn.net/Articles/510034,openttd,2012-08-06
DSA-2523-1,https://lwn.net/Articles/510033,globus-gridftp-server,2012-08-06
DSA-2521-1,https://lwn.net/Articles/509910,libxml2,2012-08-04
DSA-2519-2,https://lwn.net/Articles/509908,isc-dhcp,2012-08-04
DSA-2520-1,https://lwn.net/Articles/509601,openoffice.org,2012-08-02
DSA-2519-1,https://lwn.net/Articles/509388,isc-dhcp,2012-08-01
DSA-2518-1,https://lwn.net/Articles/509176,krb5,2012-07-31
DSA-2517-1,https://lwn.net/Articles/508931,bind9,2012-07-30
DSA-2516-1,https://lwn.net/Articles/508283,isc-dhcp,2012-07-26
DSA-2508-1,https://lwn.net/Articles/507803,kfreebsd-8,2012-07-22
DSA-2515-1,https://lwn.net/Articles/507513,nsd3,2012-07-19
DSA-2513-1,https://lwn.net/Articles/507289,iceape,2012-07-17
DSA-2514-1,https://lwn.net/Articles/507290,iceweasel,2012-07-17
DSA-2511-1,https://lwn.net/Articles/506682,puppet,2012-07-12
DSA-2512-1,https://lwn.net/Articles/506684,mono,2012-07-12
DSA-2510-1,https://lwn.net/Articles/506685,extplorer,2012-07-12
DSA-2509-1,https://lwn.net/Articles/505976,pidgin,2012-07-08
DSA-2507-1,https://lwn.net/Articles/505123,openjdk-6,2012-07-04
DSA-2506-1,https://lwn.net/Articles/504900,libapache-mod-security,2012-07-02
DSA-2505-1,https://lwn.net/Articles/504679,zendframework,2012-06-29
DSA-2504-1,https://lwn.net/Articles/504281,libspring-2.5-java,2012-06-28
DSA-2503-1,https://lwn.net/Articles/504280,bcfg2,2012-06-28
DSA-2502-1,https://lwn.net/Articles/503358,python-crypto,2012-06-24
DSA-2498-1,https://lwn.net/Articles/503357,dhcpcd,2012-06-24
DSA-2501-1,https://lwn.net/Articles/503355,xen,2012-06-24
DSA-2499-1,https://lwn.net/Articles/503347,icedove,2012-06-24
DSA-2500-1,https://lwn.net/Articles/503349,mantis,2012-06-24
DSA-2497-1,https://lwn.net/Articles/502884,quagga,2012-06-20
DSA-2496-1,https://lwn.net/Articles/502547,mysql-5.1,2012-06-18
DSA-2495-1,https://lwn.net/Articles/502436,openconnect,2012-06-16
DSA-2494-1,https://lwn.net/Articles/502208,ffmpeg,2012-06-14
DSA-2493-1,https://lwn.net/Articles/501754,asterisk,2012-06-12
DSA-2492-1,https://lwn.net/Articles/501444,php5,2012-06-10
DSA-2491-1,https://lwn.net/Articles/501442,postgresql-8.4,2012-06-09
DSA-2480-3,https://lwn.net/Articles/501085,request-tracker3.8,2012-06-07
DSA-2487-1,https://lwn.net/Articles/501082,openoffice.org,2012-06-07
DSA-2490-1,https://lwn.net/Articles/501081,nss,2012-06-07
DSA-2488-1,https://lwn.net/Articles/501080,iceweasel,2012-06-07
DSA-2489-1,https://lwn.net/Articles/501079,iceape,2012-06-07
DSA-2486-1,https://lwn.net/Articles/500507,bind9,2012-06-05
DSA-2485-1,https://lwn.net/Articles/500149,imp4,2012-06-03
DSA-2482-1,https://lwn.net/Articles/500142,libgdata,2012-06-02
DSA-2484-1,https://lwn.net/Articles/500140,nut,2012-06-02
DSA-2481-1,https://lwn.net/Articles/500141,arpwatch,2012-06-02
DSA-2483-1,https://lwn.net/Articles/499515,strongswan,2012-05-31
DSA-2480-2,https://lwn.net/Articles/499269,request-tracker3.8,2012-05-29
DSA-2480-1,https://lwn.net/Articles/498869,request-tracker3.8,2012-05-24
DSA-2479-1,https://lwn.net/Articles/498627,libxml2,2012-05-23
DSA-2478-1,https://lwn.net/Articles/498625,sudo,2012-05-23
DSA-2477-1,https://lwn.net/Articles/498065,sympa,2012-05-20
DSA-2476-1,https://lwn.net/Articles/498063,pidgin-otr,2012-05-19
DSA-2473-1,https://lwn.net/Articles/497598,openoffice.org,2012-05-17
DSA-2474-1,https://lwn.net/Articles/497599,ikiwiki,2012-05-17
DSA-2475-1,https://lwn.net/Articles/497766,openssl,2012-05-17
DSA-2472-1,https://lwn.net/Articles/497359,gridengine,2012-05-16
DSA-2457-2,https://lwn.net/Articles/497081,iceweasel,2012-05-13
DSA-2471-1,https://lwn.net/Articles/497080,ffmpeg,2012-05-13
DSA-2670-1,https://lwn.net/Articles/497077,wordpress,2012-05-11
DSA-2469-1,https://lwn.net/Articles/496755,linux-2.6,2012-05-10
DSA-2466-1,https://lwn.net/Articles/496544,rails,2012-05-09
DSA-2467-1,https://lwn.net/Articles/496553,mahara,2012-05-09
DSA-2422-2,https://lwn.net/Articles/496753,file,2012-05-09
DSA-2468-1,https://lwn.net/Articles/496754,libjakarta-poi-java,2012-05-09
DSA-2465-1,https://lwn.net/Articles/496543,php5,2012-05-09
DSA-2464-2,https://lwn.net/Articles/496541,icedove,2012-05-08
DSA-2459-2,https://lwn.net/Articles/496118,quagga,2012-05-04
DSA-2464-1,https://lwn.net/Articles/495875,icedove,2012-05-03
DSA-2462-2,https://lwn.net/Articles/495964,imagemagick,2012-05-03
DSA-2463-1,https://lwn.net/Articles/495659,samba,2012-05-02
DSA-2462-1,https://lwn.net/Articles/495275,imagemagick,2012-04-29
DSA-2459-1,https://lwn.net/Articles/494759,quagga,2012-04-26
DSA-2461-1,https://lwn.net/Articles/494943,spip,2012-04-26
DSA-2460-1,https://lwn.net/Articles/494470,asterisk,2012-04-25
DSA-2454-2,https://lwn.net/Articles/494428,openssl,2012-04-24
DSA-2456-1,https://lwn.net/Articles/494425,dropbear,2012-04-24
DSA-2457-1,https://lwn.net/Articles/494426,iceweasel,2012-04-24
DSA-2458-1,https://lwn.net/Articles/494427,iceape,2012-04-24
DSA-2455-1,https://lwn.net/Articles/493985,typo3-src,2012-04-20
DSA-2454-1,https://lwn.net/Articles/493560,openssl,2012-04-19
DSA-2453-2,https://lwn.net/Articles/493358,gajim,2012-04-19
DSA-2453-1,https://lwn.net/Articles/492647,gajim,2012-04-16
DSA-2452-1,https://lwn.net/Articles/492646,apache2,2012-04-15
DSA-2451-1,https://lwn.net/Articles/492301,puppet,2012-04-13
DSA-2449-1,https://lwn.net/Articles/492071,sqlalchemy,2012-04-12
DSA-2450-1,https://lwn.net/Articles/492298,samba,2012-04-12
DSA-2448-1,https://lwn.net/Articles/491462,inspircd,2012-04-10
DSA-2447-1,https://lwn.net/Articles/490860,tiff,2012-04-04
DSA-2446-1,https://lwn.net/Articles/490859,libpng,2012-04-04
DSA-2445-1,https://lwn.net/Articles/490223,typo3-src,2012-03-31
DSA-2398-2,https://lwn.net/Articles/490226,curl,2012-03-31
DSA-2442-2,https://lwn.net/Articles/490225,openarena,2012-03-31
DSA-2444-1,https://lwn.net/Articles/489392,tryton-server,2012-03-29
DSA-2443-1,https://lwn.net/Articles/488823,linux-2.6,2012-03-26
DSA-2442-1,https://lwn.net/Articles/488822,openarena,2012-03-26
DSA-2441-1,https://lwn.net/Articles/488643,gnutls26,2012-03-25
DSA-2440-1,https://lwn.net/Articles/488640,libtasn1-3,2012-03-24
DSA-2439-1,https://lwn.net/Articles/488314,libpng,2012-03-22
DSA-2438-1,https://lwn.net/Articles/488066,raptor,2012-03-22
DSA-2437-1,https://lwn.net/Articles/488062,icedove,2012-03-21
DSA-2435-1,https://lwn.net/Articles/487376,gnash,2012-03-20
DSA-2436-1,https://lwn.net/Articles/487373,libapache2-mod-fcgid,2012-03-19
DSA-2434-1,https://lwn.net/Articles/487375,nginx,2012-03-19
DSA-2433-1,https://lwn.net/Articles/486871,iceweasel,2012-03-15
DSA-2432-1,https://lwn.net/Articles/486286,libyaml-libyaml-perl,2012-03-12
DSA-2431-1,https://lwn.net/Articles/486220,libdbd-pg-perl,2012-03-11
DSA-2430-1,https://lwn.net/Articles/486216,python-pam,2012-03-10
DSA-2428-1,https://lwn.net/Articles/486052,freetype,2012-03-08
DSA-2429-1,https://lwn.net/Articles/485904,mysql-5.1,2012-03-07
DSA-2427-1,https://lwn.net/Articles/485693,imagemagick,2012-03-06
DSA-2426-1,https://lwn.net/Articles/485546,gimp,2012-03-06
DSA-2424-1,https://lwn.net/Articles/485222,libxml-atom-perl,2012-03-04
DSA-2425-1,https://lwn.net/Articles/485224,plib,2012-03-04
DSA-2423-1,https://lwn.net/Articles/485218,movabletype-opensource,2012-03-02
DSA-2422-1,https://lwn.net/Articles/484755,file,2012-02-29
DSA-2421-1,https://lwn.net/Articles/484753,moodle,2012-02-29
DSA-2420-1,https://lwn.net/Articles/484490,openjdk-6,2012-02-28
DSA-2418-1,https://lwn.net/Articles/484009,postgresql-8.4,2012-02-27
DSA-2419-1,https://lwn.net/Articles/484212,puppet,2012-02-27
DSA-2414-2,https://lwn.net/Articles/484002,fex,2012-02-25
DSA-2416-1,https://lwn.net/Articles/483376,notmuch,2012-02-23
DSA-2417-1,https://lwn.net/Articles/483375,libxml2,2012-02-23
DSA-2415-1,https://lwn.net/Articles/483044,libmodplug,2012-02-22
DSA-2413-1,https://lwn.net/Articles/482790,libarchive,2012-02-20
DSA-2411-1,https://lwn.net/Articles/482540,mumble,2012-02-19
DSA-2412-1,https://lwn.net/Articles/482541,libvorbis,2012-02-19
DSA-2410-1,https://lwn.net/Articles/481961,libpng,2012-02-15
DSA-2409-1,https://lwn.net/Articles/481744,devscripts,2012-02-15
DSA-2408-1,https://lwn.net/Articles/481121,php5,2012-02-13
DSA-2406-1,https://lwn.net/Articles/480338,icedove,2012-02-09
DSA-2407-1,https://lwn.net/Articles/480339,cvs,2012-02-09
DSA-2403-2,https://lwn.net/Articles/479835,php5,2012-02-06
DSA-2405-1,https://lwn.net/Articles/479625,apache2,2012-02-06
DSA-2404-1,https://lwn.net/Articles/479623,xen-qemu-dm-4.0,2012-02-05
DSA-2384-2,https://lwn.net/Articles/479622,cacti,2012-02-04
DSA-2401-1,https://lwn.net/Articles/479123,tomcat6,2012-02-02
DSA-2400-1,https://lwn.net/Articles/479323,iceweasel,2012-02-02
DSA-2402-1,https://lwn.net/Articles/479324,iceape,2012-02-02
DSA-2403-1,https://lwn.net/Articles/479325,php5,2012-02-02
DSA-2399-2,https://lwn.net/Articles/478347,php5,2012-01-31
DSA-2399-1,https://lwn.net/Articles/478341,php5,2012-01-31
DSA-2398-1,https://lwn.net/Articles/478171,curl,2012-01-30
DSA-2397-1,https://lwn.net/Articles/478075,icu,2012-01-29
DSA-2396-1,https://lwn.net/Articles/478065,qemu-kvm,2012-01-27
DSA-2395-1,https://lwn.net/Articles/477689,wireshark,2012-01-27
DSA-2394-1,https://lwn.net/Articles/477669,libxml2,2012-01-26
DSA-2393-1,https://lwn.net/Articles/477189,bip,2012-01-25
DSA-2392-1,https://lwn.net/Articles/476997,rails,2012-01-23
DSA-2392-1,https://lwn.net/Articles/476998,openssl,2012-01-23
DSA-2391-1,https://lwn.net/Articles/476747,phpmyadmin,2012-01-22
DSA-2390-1,https://lwn.net/Articles/475657,openssl,2012-01-15
DSA-2389-1,https://lwn.net/Articles/475658,linux-2.6,2012-01-15
DSA-2388-1,https://lwn.net/Articles/475647,t1lib,2012-01-14
DSA-2387-1,https://lwn.net/Articles/475263,simplesamlphp,2012-01-11
DSA-2386-1,https://lwn.net/Articles/475264,openttd,2012-01-11
DSA-2385-1,https://lwn.net/Articles/474892,pdns,2012-01-10
DSA-2384-1,https://lwn.net/Articles/474798,cacti,2012-01-09
DSA-2383-1,https://lwn.net/Articles/474773,super,2012-01-08
DSA-2382-1,https://lwn.net/Articles/474772,ecryptfs-utils,2012-01-07
DSA-2381-1,https://lwn.net/Articles/474566,squid3,2012-01-06
DSA-2379-1,https://lwn.net/Articles/474450,krb5,2012-01-04
DSA-2380-1,https://lwn.net/Articles/474451,foomatic-filters,2012-01-04
DSA-2378-1,https://lwn.net/Articles/474220,ffmpeg,2012-01-03
DSA-2377-1,https://lwn.net/Articles/473980,cyrus-imapd-2.2,2012-01-01
DSA-2376-2,https://lwn.net/Articles/473979,ipmitool,2011-12-31
DSA-2263-2,https://lwn.net/Articles/473812,movabletype-opensource,2011-12-30
DSA-2376-1,https://lwn.net/Articles/473811,ipmitool,2011-12-30
DSA-2374-1,https://lwn.net/Articles/473646,openswan,2011-12-26
DSA-2375-1,https://lwn.net/Articles/473647,krb5,2011-12-26
DSA-2373-1,https://lwn.net/Articles/473645,inetutils,2011-12-25
DSA-2372-1,https://lwn.net/Articles/473644,heimdal,2011-12-25
DSA-2371-1,https://lwn.net/Articles/473643,jasper,2011-12-24
DSA-2370-1,https://lwn.net/Articles/473533,unbound,2011-12-22
DSA-2369-1,https://lwn.net/Articles/473376,libsoup2.4,2011-12-21
DSA-2368-1,https://lwn.net/Articles/473197,lighttpd,2011-12-20
DSA-2367-1,https://lwn.net/Articles/472848,asterisk,2011-12-19
DSA-2365-1,https://lwn.net/Articles/472836,dtc,2011-12-18
DSA-2364-1,https://lwn.net/Articles/472835,xorg,2011-12-18
DSA-2366-1,https://lwn.net/Articles/472846,mediawiki,2011-12-18
DSA-2363-1,https://lwn.net/Articles/472526,tor,2011-12-16
DSA-2362-1,https://lwn.net/Articles/471838,acpid,2011-12-10
DSA-2361-1,https://lwn.net/Articles/471304,chasen,2011-12-07
DSA-2359-1,https://lwn.net/Articles/470941,mojarra,2011-12-06
DSA-2358-1,https://lwn.net/Articles/470671,openjdk-6,2011-12-05
DSA-2357-1,https://lwn.net/Articles/470672,evince,2011-12-03
DSA-2356-1,https://lwn.net/Articles/470380,openjdk-6,2011-12-01
DSA-2355-1,https://lwn.net/Articles/470186,clearsilver,2011-11-30
DSA-2354-1,https://lwn.net/Articles/469963,cups,2011-11-28
DSA-2353-1,https://lwn.net/Articles/469363,ldns,2011-11-24
DSA-2352-1,https://lwn.net/Articles/469006,puppet,2011-11-22
DSA-2351-1,https://lwn.net/Articles/468855,wireshark,2011-11-21
DSA-2350-1,https://lwn.net/Articles/468739,freetype,2011-11-20
DSA-2349-1,https://lwn.net/Articles/468720,spip,2011-11-19
DSA-2348-1,https://lwn.net/Articles/468740,systemtap,2011-11-17
DSA-2347-1,https://lwn.net/Articles/467836,bind9,2011-11-16
DSA-2346-1,https://lwn.net/Articles/467589,proftpd-dfsg,2011-11-15
DSA-2345-1,https://lwn.net/Articles/467275,icedove,2011-11-11
DSA-2344-1,https://lwn.net/Articles/467274,python-django-piston,2011-11-11
DSA-2341-1,https://lwn.net/Articles/466527,iceweasel,2011-11-09
DSA-2343-1,https://lwn.net/Articles/466762,openssl,2011-11-09
DSA-2342-1,https://lwn.net/Articles/466526,iceape,2011-11-09
DSA-2336-1,https://lwn.net/Articles/466314,ffmpeg,2011-11-07
DSA-2339-1,https://lwn.net/Articles/466189,nss,2011-11-07
DSA-2340-1,https://lwn.net/Articles/466313,postgresql,2011-11-07
DSA-2338-1,https://lwn.net/Articles/466188,moodle,2011-11-07
DSA-2337-1,https://lwn.net/Articles/466187,xen,2011-11-06
DSA-2335-1,https://lwn.net/Articles/466186,man2hhtml,2011-11-05
DSA-2334-1,https://lwn.net/Articles/466185,mahara,2011-11-04
DSA-2333-1,https://lwn.net/Articles/465017,phpldapadmin,2011-10-31
DSA-2332-1,https://lwn.net/Articles/465015,python-django,2011-10-29
DSA-2331-1,https://lwn.net/Articles/464856,tor,2011-10-28
DSA-2330-1,https://lwn.net/Articles/464739,simplesamlphp,2011-10-27
DSA-2329-1,https://lwn.net/Articles/464737,torque,2011-10-27
DSA-2323-1,https://lwn.net/Articles/464857,radvd,2011-10-26
DSA-2326-1,https://lwn.net/Articles/464278,pam,2011-10-24
DSA-2328-1,https://lwn.net/Articles/464426,freetype,2011-10-24
DSA-2327-1,https://lwn.net/Articles/464291,libfcgi-perl,2011-10-24
DSA-2325-1,https://lwn.net/Articles/464253,kfreebsd-8,2011-10-23
DSA-2324-1,https://lwn.net/Articles/464071,wireshark,2011-10-20
DSA-2321-1,https://lwn.net/Articles/462426,moin,2011-10-10
DSA-2322-1,https://lwn.net/Articles/462427,bugzilla,2011-10-10
DSA-2320-1,https://lwn.net/Articles/462378,dokuwiki,2011-10-08
DSA-2319-1,https://lwn.net/Articles/462377,policykit-1,2011-10-08
DSA-2318-1,https://lwn.net/Articles/462110,cyrus-imapd-2.2,2011-10-06
DSA-2317-1,https://lwn.net/Articles/461894,icedove,2011-10-05
DSA-2316-1,https://lwn.net/Articles/461893,quagga,2011-10-05
DSA-2315-1,https://lwn.net/Articles/461686,openoffice.org,2011-10-05
DSA-2314-1,https://lwn.net/Articles/461557,puppet,2011-10-03
DSA-2313-1,https://lwn.net/Articles/461179,iceweasel,2011-09-29
DSA-2312-1,https://lwn.net/Articles/461171,iceape,2011-09-29
DSA-2311-1,https://lwn.net/Articles/460805,openjdk-6,2011-09-27
DSA-2310-1,https://lwn.net/Articles/460275,linux-2.6,2011-09-22
DSA-2305-1,https://lwn.net/Articles/459401,vsftpd,2011-09-19
DSA-2309-1,https://lwn.net/Articles/458928,openssl,2011-09-13
DSA-2308-1,https://lwn.net/Articles/458606,mantis,2011-09-12
DSA-2304-1,https://lwn.net/Articles/458602,squid3,2011-09-11
DSA-2307-1,https://lwn.net/Articles/458601,chromium-browser,2011-09-11
DSA-2306-1,https://lwn.net/Articles/458600,ffmpeg,2011-09-11
DSA-2303-2,https://lwn.net/Articles/458598,linux-2.6,2011-09-10
DSA-2303-1,https://lwn.net/Articles/458238,linux-2.6,2011-09-08
DSA-2302-1,https://lwn.net/Articles/458059,bcfg2,2011-09-07
DSA-2301-1,https://lwn.net/Articles/457740,rails,2011-09-05
DSA-2298-2,https://lwn.net/Articles/457742,apache2,2011-09-05
DSA-2300-2,https://lwn.net/Articles/457741,nss,2011-09-05
DSA-2299-1,https://lwn.net/Articles/457103,ca-certificates,2011-08-31
DSA-2200-1,https://lwn.net/Articles/457367,nss,2011-08-31
DSA-2298-1,https://lwn.net/Articles/456887,apache2,2011-08-29
DSA-2297-1,https://lwn.net/Articles/455984,icedove,2011-08-21
DSA-2295-1,https://lwn.net/Articles/455350,iceape,2011-08-17
DSA-2296-1,https://lwn.net/Articles/455567,iceweasel,2011-08-17
DSA-2294-1,https://lwn.net/Articles/455026,freetype,2011-08-14
DSA-2293-1,https://lwn.net/Articles/454787,libxfont,2011-08-12
DSA-2292-1,https://lwn.net/Articles/454710,isc-dhcp,2011-08-11
DSA-2291-1,https://lwn.net/Articles/454358,squirrelmail,2011-08-08
DSA-2290-1,https://lwn.net/Articles/454357,samba,2011-08-07
DSA-2289-1,https://lwn.net/Articles/454356,typo3-src,2011-08-07
DSA-2288-1,https://lwn.net/Articles/453434,libsndfile,2011-07-28
DSA-2287-1,https://lwn.net/Articles/453259,libpng,2011-07-28
DSA-2286-1,https://lwn.net/Articles/453080,phpmyadmin,2011-07-26
DSA-2285-1,https://lwn.net/Articles/452953,mapserver,2011-07-26
DSA-2282-1,https://lwn.net/Articles/452822,qemu-kvm,2011-07-25
DSA-2283-1,https://lwn.net/Articles/452823,krb5-appl,2011-07-25
DSA-2284-1,https://lwn.net/Articles/452829,opensaml2,2011-07-25
DSA-2281-1,https://lwn.net/Articles/452423,opie,2011-07-21
DSA-2279-1,https://lwn.net/Articles/452165,libapache2-mod-authnz-external,2011-07-19
DSA-2280-1,https://lwn.net/Articles/452166,libvirt,2011-07-19
DSA-2278-1,https://lwn.net/Articles/452002,horde3,2011-07-16
DSA-2254-2,https://lwn.net/Articles/452001,oprofile,2011-07-11
DSA-2276-2,https://lwn.net/Articles/451320,asterisk,2011-07-11
DSA-2277-1,https://lwn.net/Articles/451179,xml-security-c,2011-07-10
DSA-2276-1,https://lwn.net/Articles/451177,asterisk,2011-07-10
DSA-2274-1,https://lwn.net/Articles/450929,wireshark,2011-07-07
DSA-2275-1,https://lwn.net/Articles/450930,openoffice.org,2011-07-07
DSA-2273-1,https://lwn.net/Articles/450666,icedove,2011-07-06
DSA-2272-1,https://lwn.net/Articles/450402,bind9,2011-07-05
DSA-2271-1,https://lwn.net/Articles/450248,curl,2011-07-02
DSA-2268-1,https://lwn.net/Articles/450243,iceweasel,2011-07-01
DSA-2267-1,https://lwn.net/Articles/450239,perl,2011-07-01
DSA-2270-1,https://lwn.net/Articles/450247,qemu-kvm,2011-07-01
DSA-2266-2,https://lwn.net/Articles/450245,php5,2011-07-01
DSA-2269-1,https://lwn.net/Articles/450246,iceape,2011-07-01
DSA-2266-1,https://lwn.net/Articles/449889,php5,2011-06-29
DSA-2210-2,https://lwn.net/Articles/449416,tiff,2011-06-25
DSA-2265-1,https://lwn.net/Articles/448611,perl,2011-06-20
DSA-2264-1,https://lwn.net/Articles/448464,linux-2.6,2011-06-18
DSA-2263-1,https://lwn.net/Articles/448141,movabletype-opensource,2011-06-16
DSA-2261-1,https://lwn.net/Articles/447610,redmine,2011-06-15
DSA-2262-1,https://lwn.net/Articles/448003,moodle,2011-06-15
DSA-2260-1,https://lwn.net/Articles/447612,rails,2011-06-14
DSA-2259-1,https://lwn.net/Articles/447300,fex,2011-06-12
DSA-2257-1,https://lwn.net/Articles/447297,kolab-cyrus-imapd,2011-06-11
DSA-2257-1,https://lwn.net/Articles/447052,vlc,2011-06-10
DSA-2256-1,https://lwn.net/Articles/447050,tiff,2011-06-09
DSA-2255-1,https://lwn.net/Articles/446294,libxml2,2011-06-06
DSA-2231-1,https://lwn.net/Articles/442050,otrs2,2011-06-06
DSA-2254-1,https://lwn.net/Articles/446277,oprofile,2011-06-03
DSA-2253-1,https://lwn.net/Articles/446268,fontforge,2011-06-03
DSA-2251-1,https://lwn.net/Articles/445833,subversion,2011-06-02
DSA-2252-1,https://lwn.net/Articles/446087,dovecot,2011-06-02
DSA-2247-1,https://lwn.net/Articles/445412,rails,2011-05-31
DSA-2246-1,https://lwn.net/Articles/445365,mahara,2011-05-29
DSA-2245-1,https://lwn.net/Articles/445364,chromium-browser,2011-05-29
DSA-2243-1,https://lwn.net/Articles/445359,unbound,2011-05-27
DSA-2244-1,https://lwn.net/Articles/445360,bind9,2011-05-27
DSA-2242-1,https://lwn.net/Articles/444941,cyrus-imapd-2.2,2011-05-25
DSA-2240-1,https://lwn.net/Articles/444730,linux-2.6,2011-05-24
DSA-2241-1,https://lwn.net/Articles/444729,qemu-kvm,2011-05-24
DSA-2239-1,https://lwn.net/Articles/444731,libmojolicious-perl,2011-05-24
DSA-2237-2,https://lwn.net/Articles/444284,apr,2011-05-21
DSA-2238-1,https://lwn.net/Articles/443965,vino,2011-05-19
DSA-2237-1,https://lwn.net/Articles/443068,apr,2011-05-15
DSA-2236-1,https://lwn.net/Articles/442817,exim4,2011-05-12
DSA-2234-1,https://lwn.net/Articles/442352,zodb,2011-05-10
DSA-2233-1,https://lwn.net/Articles/442351,postfix,2011-05-10
DSA-2235-1,https://lwn.net/Articles/442353,icedove,2011-05-10
DSA-2232-1,https://lwn.net/Articles/442051,exim4,2011-05-06
DSA-2230-1,https://lwn.net/Articles/441046,qemu-kvm,2011-05-01
DSA-2228-1,https://lwn.net/Articles/441044,iceweasel,2011-05-01
DSA-2229-1,https://lwn.net/Articles/441045,spip,2011-05-01
DSA-2227-1,https://lwn.net/Articles/441041,iceape,2011-04-30
DSA-2226-1,https://lwn.net/Articles/440342,libmodplug,2011-04-26
DSA-2225-1,https://lwn.net/Articles/440343,asterisk,2011-04-25
DSA-2223-1,https://lwn.net/Articles/439676,doctrine,2011-04-20
DSA-2224-1,https://lwn.net/Articles/439677,openjdk-6,2011-04-20
DSA-2222-1,https://lwn.net/Articles/439675,tinyproxy,2011-04-20
DSA-2220-1,https://lwn.net/Articles/439503,request-tracker3.6,2011-04-19
DSA-2221-1,https://lwn.net/Articles/439502,libmojolicious-perl,2011-04-19
DSA-2219-1,https://lwn.net/Articles/439286,xmlsec1,2011-04-18
DSA-2218-1,https://lwn.net/Articles/438123,vlc,2011-04-12
DSA-2216-1,https://lwn.net/Articles/437900,isc-dhcp,2011-04-10
DSA-2217-1,https://lwn.net/Articles/437901,dhcp3,2011-04-10
DSA-2215-1,https://lwn.net/Articles/437899,gitolite,2011-04-09
DSA-2213-1,https://lwn.net/Articles/437894,x11-xserver-utils,2011-04-08
DSA-2214-1,https://lwn.net/Articles/437895,ikiwiki,2011-04-08
DSA-2212-1,https://lwn.net/Articles/437553,tmux,2011-04-07
DSA-2211-1,https://lwn.net/Articles/437401,vlc,2011-04-06
DSA-2210-1,https://lwn.net/Articles/436862,tiff,2011-04-03
DSA-2209-1,https://lwn.net/Articles/436861,tgt,2011-04-02
DSA-2248-1,https://lwn.net/Articles/445639,ejabberd,2011-03-31
DSA-2249-1,https://lwn.net/Articles/445645,jabberd14,2011-03-31
DSA-2250-1,https://lwn.net/Articles/445647,citadel,2011-03-31
DSA-2208-2,https://lwn.net/Articles/436355,bind9,2011-03-30
DSA-2208-1,https://lwn.net/Articles/436347,bind9,2011-03-30
DSA-2207-1,https://lwn.net/Articles/436074,tomcat5.5,2011-03-30
DSA-2206-1,https://lwn.net/Articles/436075,mahara,2011-03-29
DSA-2205-1,https://lwn.net/Articles/435886,gdm3,2011-03-28
DSA-2204-1,https://lwn.net/Articles/435699,imp4,2011-03-27
DSA-2203-1,https://lwn.net/Articles/435696,nss,2011-03-26
DSA-2199-1,https://lwn.net/Articles/435259,iceape,2011-03-23
DSA-2200-1,https://lwn.net/Articles/435260,iceweasel,2011-03-23
DSA-2201-1,https://lwn.net/Articles/435261,wireshark,2011-03-23
DSA-2202-1,https://lwn.net/Articles/435263,apache2,2011-03-23
DSA-2198-1,https://lwn.net/Articles/435040,tex-common,2011-03-22
DSA-2197-1,https://lwn.net/Articles/434773,quagga,2011-03-21
DSA-2196-1,https://lwn.net/Articles/434611,maradns,2011-03-19
DSA-2195-1,https://lwn.net/Articles/434610,php5,2011-03-19
DSA-2194-1,https://lwn.net/Articles/434289,libvirt,2011-03-18
DSA-2186-2,https://lwn.net/Articles/434602,vimperator,2011-03-18
DSA-2193-1,https://lwn.net/Articles/434171,libcgroup,2011-03-16
DSA-2192-1,https://lwn.net/Articles/433538,chromium-browser,2011-03-15
DSA-2191-1,https://lwn.net/Articles/433517,proftpd-dfsg,2011-03-14
DSA-2190-1,https://lwn.net/Articles/433051,wordpress,2011-03-11
DSA-2189-1,https://lwn.net/Articles/432804,chromium-browser,2011-03-10
DSA-2188-1,https://lwn.net/Articles/432788,webkit,2011-03-10
DSA-2186-1,https://lwn.net/Articles/432778,iceweasel,2011-03-09
DSA-2187-1,https://lwn.net/Articles/432783,icedove,2011-03-09
DSA-2185-1,https://lwn.net/Articles/432497,proftpd-dfsg,2011-03-07
DSA-2184-1,https://lwn.net/Articles/431821,isc-dhcp,2011-03-05
DSA-2182-1,https://lwn.net/Articles/431810,logwatch,2011-03-04
DSA-2181-1,https://lwn.net/Articles/431239,subversion,2011-03-04
DSA-2183-1,https://lwn.net/Articles/431820,nbd,2011-03-04
DSA-2180-1,https://lwn.net/Articles/431236,iceape,2011-03-03
DSA-2176-1,https://lwn.net/Articles/430642,cups,2011-03-02
DSA-2179-1,https://lwn.net/Articles/431019,dtc,2011-03-02
DSA-2177-1,https://lwn.net/Articles/431017,pywebdav,2011-03-02
DSA-2178-1,https://lwn.net/Articles/431018,pango1.0,2011-03-02
DSA-2163-2,https://lwn.net/Articles/430631,dajaxice,2011-03-01
DSA-2175-1,https://lwn.net/Articles/430315,samba,2011-02-28
DSA-2174-1,https://lwn.net/Articles/430085,avahi,2011-02-26
DSA-2173-1,https://lwn.net/Articles/430083,pam-pgsql,2011-02-26
DSA-2172-1,https://lwn.net/Articles/429492,moodle,2011-02-22
DSA-2171-1,https://lwn.net/Articles/429075,asterisk,2011-02-21
DSA-2170-1,https://lwn.net/Articles/429062,mailman,2011-02-18
DSA-2166-1,https://lwn.net/Articles/428246,chromium-browser,2011-02-16
DSA-2165-1,https://lwn.net/Articles/428247,ffmpeg-debian,2011-02-16
DSA-2168-1,https://lwn.net/Articles/428615,openafs,2011-02-16
DSA-2167-1,https://lwn.net/Articles/428245,phpmyadmin,2011-02-16
DSA-2164-1,https://lwn.net/Articles/428248,shadow,2011-02-16
DSA-2169-1,https://lwn.net/Articles/428616,telepathy-gabble,2011-02-16
DSA-2161-2,https://lwn.net/Articles/428088,openjdk-6,2011-02-14
DSA-2162-1,https://lwn.net/Articles/427929,openssl,2011-02-14
DSA-2163-1,https://lwn.net/Articles/427943,python-django,2011-02-14
DSA-2161-1,https://lwn.net/Articles/427915,openjdk-6,2011-02-13
DSA-2160-1,https://lwn.net/Articles/427914,tomcat6,2011-02-13
DSA-2159-1,https://lwn.net/Articles/427605,vlc,2011-02-10
DSA-2158-1,https://lwn.net/Articles/427412,cgiirc,2011-02-09
DSA-2157-1,https://lwn.net/Articles/426425,postgresql-8.3,2011-02-03
DSA-2156-1,https://lwn.net/Articles/425667,pcscd,2011-01-31
DSA-2154-2,https://lwn.net/Articles/425670,exim4,2011-01-30
DSA-2154-1,https://lwn.net/Articles/425669,exim4,2011-01-30
DSA-2155-1,https://lwn.net/Articles/425668,freetype,2011-01-30
DSA-2153-1,https://lwn.net/Articles/425671,linux-2.6 kernel,2011-01-30
DSA-2152-1,https://lwn.net/Articles/425427,hplip,2011-01-27
DSA-2151-1,https://lwn.net/Articles/424848,openoffice.org,2011-01-26
DSA-2150-1,https://lwn.net/Articles/424383,request-tracker3.6,2011-01-22
DSA-2149-1,https://lwn.net/Articles/423976,dbus,2011-01-20
DSA-2148-1,https://lwn.net/Articles/423410,tor,2011-01-17
DSA-2145-1,https://lwn.net/Articles/423389,libsmi,2011-01-16
DSA-2146-1,https://lwn.net/Articles/423391,mydms,2011-01-16
DSA-2147-1,https://lwn.net/Articles/423395,pimd,2011-01-16
DSA-2144-1,https://lwn.net/Articles/423384,wireshark,2011-01-15
DSA-2143-1,https://lwn.net/Articles/423143,mysql-dfsg-5.0,2011-01-14
DSA-2141-4,https://lwn.net/Articles/422926,lighttpd,2011-01-12
DSA-2122-2,https://lwn.net/Articles/422672,glibc,2011-01-11
DSA-2141-1,https://lwn.net/Articles/421929,openssl,2011-01-06
DSA-2141-2,https://lwn.net/Articles/421931,nss,2011-01-06
DSA-2142-1,https://lwn.net/Articles/421934,dpkg,2011-01-06
DSA-2141-3,https://lwn.net/Articles/421932,apache2,2011-01-06
DSA-2140-1,https://lwn.net/Articles/421928,libapache2-mod-fcgid,2011-01-05
DSA-2139-1,https://lwn.net/Articles/421358,phpmyadmin,2010-12-31
DSA-2138-1,https://lwn.net/Articles/421243,wordpress,2010-12-29
DSA-2137-1,https://lwn.net/Articles/421111,libxml2,2010-12-26
DSA-2135-1,https://lwn.net/Articles/420616,xpdf,2010-12-21
DSA-2136-1,https://lwn.net/Articles/420810,tor,2010-12-21
DSA-2133-1,https://lwn.net/Articles/419798,collectd,2010-12-13
DSA-2132-1,https://lwn.net/Articles/419669,xulrunner,2010-12-11
DSA-2131-1,https://lwn.net/Articles/419495,exim4,2010-12-10
DSA-2130-1,https://lwn.net/Articles/419668,bind9,2010-12-10
DSA-2129-1,https://lwn.net/Articles/418408,krb5,2010-12-01
DSA-2128-1,https://lwn.net/Articles/418407,libxml2,2010-12-01
DSA-2127-1,https://lwn.net/Articles/417630,wireshark,2010-11-28
DSA-2126-1,https://lwn.net/Articles/417629,linux-2.6,2010-11-26
DSA-2125-1,https://lwn.net/Articles/416806,openssl,2010-11-22
DSA-2038-3,https://lwn.net/Articles/415498,pidgin,2010-11-13
DSA-2124-1,https://lwn.net/Articles/412840,xulrunner,2010-11-01
DSA-2123-1,https://lwn.net/Articles/412837,nss,2010-11-01
DSA-2122-1,https://lwn.net/Articles/411280,glibc,2010-10-22
DSA-2121-1,https://lwn.net/Articles/410808,typo3-src,2010-10-19
DSA-2120-1,https://lwn.net/Articles/409832,postgresql-8.3,2010-10-12
DSA-2116-1,https://lwn.net/Articles/409831,poppler,2010-10-12
DSA-2115-2,https://lwn.net/Articles/409537,moodle,2010-10-11
DSA-2118-1,https://lwn.net/Articles/409522,subversion,2010-10-08
DSA-2116-1,https://lwn.net/Articles/408598,freetype,2010-10-04
DSA-2117-1,https://lwn.net/Articles/408600,apr-util,2010-10-04
DSA-2115-1,https://lwn.net/Articles/407832,moodle,2010-09-29
DSA-2114-1,https://lwn.net/Articles/407268,git-core,2010-09-26
DSA-2112-1,https://lwn.net/Articles/406218,bzip2,2010-09-20
DSA-2113-1,https://lwn.net/Articles/406221,drupal6,2010-09-20
DSA-2106-2,https://lwn.net/Articles/406217,xulrunner,2010-09-19
DSA-2111-1,https://lwn.net/Articles/406216,squid3,2010-09-19
DSA-2110-1,https://lwn.net/Articles/405936,linux-2.6,2010-09-17
DSA-2109-1,https://lwn.net/Articles/405763,samba,2010-09-16
DSA-2108-1,https://lwn.net/Articles/404999,cvsnt,2010-09-14
DSA-2097-2,https://lwn.net/Articles/404699,phpmyadmin,2010-09-11
DSA-2107-1,https://lwn.net/Articles/404276,couchdb,2010-09-09
DSA-2106-1,https://lwn.net/Articles/404083,xulrunner,2010-09-08
DSA-2105-1,https://lwn.net/Articles/404076,freetype,2010-09-07
DSA-2098-2,https://lwn.net/Articles/404072,typo3-src,2010-09-07
DSA-2104-1,https://lwn.net/Articles/403822,quagga,2010-09-06
DSA-2103-1,https://lwn.net/Articles/403673,smbind,2010-09-05
DSA-2102-1,https://lwn.net/Articles/403506,barnowl,2010-09-03
DSA-2101-1,https://lwn.net/Articles/403170,wireshark,2010-08-31
DSA-2100-1,https://lwn.net/Articles/402972,openssl,2010-08-30
DSA-2099-1,https://lwn.net/Articles/402854,openoffice.org,2010-08-30
DSA-2097-1,https://lwn.net/Articles/402850,phpmyadmin,2010-08-29
DSA-2098-1,https://lwn.net/Articles/402851,typo3-src,2010-08-29
DSA-2096-1,https://lwn.net/Articles/401927,zope-ldapuserfolder,2010-08-24
DSA-2095-1,https://lwn.net/Articles/401489,lvm2,2010-08-23
DSA-2093-1,https://lwn.net/Articles/400973,ghostscript,2010-08-19
DSA-2094-1,https://lwn.net/Articles/401129,linux-2.6,2010-08-19
DSA-1919-2,https://lwn.net/Articles/400752,smarty,2010-08-17
DSA-2092-1,https://lwn.net/Articles/400751,lxr-cvs,2010-08-17
DSA-2091-1,https://lwn.net/Articles/400045,squirrelmail,2010-08-12
DSA-2090-1,https://lwn.net/Articles/399224,socat,2010-08-06
DSA-2089-1,https://lwn.net/Articles/399038,php5,2010-08-06
DSA-2088-1,https://lwn.net/Articles/398895,wget,2010-08-05
DSA-2086-1,https://lwn.net/Articles/398714,avahi,2010-08-04
DSA-2087-1,https://lwn.net/Articles/398715,cabextract,2010-08-04
DSA-2085-1,https://lwn.net/Articles/398588,lftp,2010-08-03
DSA-2084-1,https://lwn.net/Articles/398581,tiff,2010-08-03
DSA-2082-1,https://lwn.net/Articles/398433,gmime2.2,2010-08-02
DSA-2083-1,https://lwn.net/Articles/398567,moin,2010-08-02
DSA-2080-1,https://lwn.net/Articles/398431,ghostscript,2010-08-01
DSA-2081-1,https://lwn.net/Articles/398432,libmikmod,2010-08-01
DSA-2078-1,https://lwn.net/Articles/398429,kvirc,2010-07-31
DSA-2078-1,https://lwn.net/Articles/398430,mapserver,2010-07-31
DSA-2077-1,https://lwn.net/Articles/398167,openldap,2010-07-29
DSA-2076-1,https://lwn.net/Articles/397687,gnupg2,2010-07-27
DSA-2075-1,https://lwn.net/Articles/397686,xulrunner,2010-07-27
DSA-2074-1,https://lwn.net/Articles/396799,ncompress,2010-07-21
DSA-2073-1,https://lwn.net/Articles/396789,mlmmj,2010-07-20
DSA-2072-1,https://lwn.net/Articles/396525,libpng,2010-07-19
DSA-2071-1,https://lwn.net/Articles/396195,libmikmod,2010-07-14
DSA-2070-1,https://lwn.net/Articles/396193,freetype,2010-07-14
DSA-2069-1,https://lwn.net/Articles/395751,znc,2010-07-11
DSA-2068-1,https://lwn.net/Articles/395750,python-cjson,2010-07-11
DSA-2059-2,https://lwn.net/Articles/394855,pcsc-lite,2010-07-04
DSA-2067-1,https://lwn.net/Articles/394651,mahara,2010-07-02
DSA-2066-1,https://lwn.net/Articles/394638,wireshark,2010-07-01
DSA-2064-1,https://lwn.net/Articles/394044,xulrunner,2010-06-27
DSA-2065-1,https://lwn.net/Articles/394045,kvirc,2010-06-27
DSA-2063-1,https://lwn.net/Articles/392685,pmount,2010-06-17
DSA-2062-1,https://lwn.net/Articles/392512,sudo,2010-06-17
DSA-2061-1,https://lwn.net/Articles/392511,samba,2010-06-16
DSA-2054-2,https://lwn.net/Articles/392286,bind9,2010-06-15
DSA-2060-1,https://lwn.net/Articles/391994,cacti,2010-06-13
DSA-2058-1,https://lwn.net/Articles/391666,glibc,2010-06-10
DSA-2059-1,https://lwn.net/Articles/391811,pcsc-lite,2010-06-10
DSA-2057-1,https://lwn.net/Articles/391195,mysql-dfsg-5.0,2010-06-07
DSA-2056-1,https://lwn.net/Articles/391194,zonecheck,2010-06-06
DSA-2055-1,https://lwn.net/Articles/391193,openoffice.org,2010-06-05
DSA-2054-1,https://lwn.net/Articles/391192,bind9,2010-06-04
DSA-2053-1,https://lwn.net/Articles/389077,linux-2.6,2010-05-25
DSA-2051-1,https://lwn.net/Articles/388939,postgresql-8.3,2010-05-24
DSA-2052-1,https://lwn.net/Articles/389075,krb5,2010-05-24
DSA-2050-1,https://lwn.net/Articles/388938,kdegraphics,2010-05-24
DSA-2049-1,https://lwn.net/Articles/388935,barnowl,2010-05-23
DSA-2048-1,https://lwn.net/Articles/388936,dvipng,2010-05-22
DSA-2047-1,https://lwn.net/Articles/388091,aria2,2010-05-17
DSA-2038-2,https://lwn.net/Articles/388093,pidgin,2010-05-17
DSA-2046-1,https://lwn.net/Articles/387755,phpgroupware,2010-05-13
DSA-2044-1,https://lwn.net/Articles/387208,mplayer,2010-05-11
DSA-2043-1,https://lwn.net/Articles/387207,vlc,2010-05-11
DSA-2045-1,https://lwn.net/Articles/387439,libtheora,2010-05-11
DSA-2042-1,https://lwn.net/Articles/386644,iscsitarget,2010-05-05
DSA-2041-1,https://lwn.net/Articles/386086,mediawiki,2010-05-03
DSA-2040-1,https://lwn.net/Articles/385931,squidguard,2010-05-02
DSA-2021-2,https://lwn.net/Articles/384870,spamass-milter,2010-04-26
DSA-2039-1,https://lwn.net/Articles/384707,cacti,2010-04-23
DSA-2038-1,https://lwn.net/Articles/383959,pidgin,2010-04-18
DSA-2034-1,https://lwn.net/Articles/383950,phpmyadmin,2010-04-17
DSA-2037-1,https://lwn.net/Articles/383958,kdm,2010-04-17
DSA-2036-1,https://lwn.net/Articles/383957,jasper,2010-04-17
DSA-2035-1,https://lwn.net/Articles/383956,apache2,2010-04-17
DSA-2033-1,https://lwn.net/Articles/383522,ejabberd,2010-04-15
DSA-2032-1,https://lwn.net/Articles/383103,libpng,2010-04-11
DSA-2031-1,https://lwn.net/Articles/383102,krb5,2010-04-11
DSA-2030-1,https://lwn.net/Articles/382521,mahara,2010-04-06
DSA-2028-1,https://lwn.net/Articles/382051,xpdf,2010-04-05
DSA-2029-1,https://lwn.net/Articles/382258,imlib2,2010-04-05
DSA-2027-1,https://lwn.net/Articles/382047,xulrunner,2010-04-03
DSA-2026-1,https://lwn.net/Articles/381702,netpbm-free,2010-04-02
DSA-2025-1,https://lwn.net/Articles/381315,icedove,2010-03-31
DSA-2024-1,https://lwn.net/Articles/381314,moin,2010-03-31
DSA-2023-1,https://lwn.net/Articles/380882,curl,2010-03-28
DSA-2022-1,https://lwn.net/Articles/380116,mediawiki,2010-03-23
DSA-2021-1,https://lwn.net/Articles/379761,spamass-milter,2010-03-22
DSA-2020-1,https://lwn.net/Articles/379760,ikiwiki,2010-03-20
DSA-2019-1,https://lwn.net/Articles/379759,pango1.0,2010-03-20
DSA-2018-1,https://lwn.net/Articles/379564,php5,2010-03-18
DSA-2017-1,https://lwn.net/Articles/378795,pulseaudio,2010-03-15
DSA-2015,https://lwn.net/Articles/378813,drbd8,2010-03-15
DSA-2016-1,https://lwn.net/Articles/378612,drupal6,2010-03-13
DSA-2014-1,https://lwn.net/Articles/378444,moin,2010-03-12
DSA-2012-1,https://lwn.net/Articles/378294,linux-2.6,2010-03-11
DSA-2013-1,https://lwn.net/Articles/378443,egroupware,2010-03-11
DSA-2011-1,https://lwn.net/Articles/378264,dpkg,2010-03-10
DSA-2010,https://lwn.net/Articles/378259,kvm,2010-03-10
DSA-2009-1,https://lwn.net/Articles/378069,tdiary,2010-03-09
DSA-2008-1,https://lwn.net/Articles/377875,typo3-src,2010-03-08
DSA-2007-1,https://lwn.net/Articles/377335,cups,2010-03-03
DSA-2006-1,https://lwn.net/Articles/377085,sudo,2010-03-02
DSA-2004-1,https://lwn.net/Articles/376615,samba,2010-02-28
DSA-2004-1,https://lwn.net/Articles/376616,linux-2.6.24,2010-02-27
DSA-2003-1,https://lwn.net/Articles/375856,linux-2.6,2010-02-22
DSA-2002-1,https://lwn.net/Articles/375265,polipo,2010-02-19
DSA-2001-1,https://lwn.net/Articles/375264,php5,2010-02-19
DSA-1999-1,https://lwn.net/Articles/375255,xulrunner,2010-02-18
DSA-2000-1,https://lwn.net/Articles/375257,ffmpeg-debian,2010-02-18
DSA-1998-1,https://lwn.net/Articles/375063,kdelibs,2010-02-17
DSA-1997-1,https://lwn.net/Articles/374416,mysql-dfsg-5.0,2010-02-14
DSA-1996-1,https://lwn.net/Articles/374406,linux-2.6,2010-02-12
DSA-1995-1,https://lwn.net/Articles/374186,openoffice.org,2010-02-12
DSA-1994-1,https://lwn.net/Articles/374164,ajaxterm,2010-02-11
DSA-1993-1,https://lwn.net/Articles/374012,otrs2,2010-02-10
DSA-1990-2,https://lwn.net/Articles/372945,trac-git,2010-02-04
DSA-1991-1,https://lwn.net/Articles/372946,squid/squid3,2010-02-04
DSA-1992-1,https://lwn.net/Articles/372959,chrony,2010-02-04
DSA-1990-1,https://lwn.net/Articles/372943,trac-git,2010-02-03
DSA-1988-1,https://lwn.net/Articles/372615,qt4-x11,2010-02-02
DSA-1989-1,https://lwn.net/Articles/372616,fuse,2010-02-02
DSA-1986-1,https://lwn.net/Articles/372603,moodle,2010-02-02
DSA-1987-1,https://lwn.net/Articles/372293,lighttpd,2010-02-02
DSA-1985-1,https://lwn.net/Articles/372134,sendmail,2010-01-31
DSA-1841-2,https://lwn.net/Articles/372132,git-core,2010-01-31
DSA-1983-1,https://lwn.net/Articles/372133,wireshark,2010-01-30
DSA-1984-1,https://lwn.net/Articles/372131,libxerces2-java,2010-01-30
DSA-1982-1,https://lwn.net/Articles/371866,hybserv,2010-01-29
DSA-1981-1,https://lwn.net/Articles/371706,maildrop,2010-01-28
DSA-1968-2,https://lwn.net/Articles/371854,pdns-recursor,2010-01-28
DSA-1981-2,https://lwn.net/Articles/371852,maildrop,2010-01-28
DSA-1980-1,https://lwn.net/Articles/371705,ircd-hybrid/ircd-ratbox,2010-01-27
DSA-1978-1,https://lwn.net/Articles/371518,phpgroupware,2010-01-26
DSA-1977-1,https://lwn.net/Articles/371258,python2.4,2010-01-25
DSA-1976-1,https://lwn.net/Articles/370784,dokuwiki,2010-01-22
DSA-1972-2,https://lwn.net/Articles/370777,audiofile,2010-01-21
DSA-1974-1,https://lwn.net/Articles/370486,gzip,2010-01-20
DSA-1973-1,https://lwn.net/Articles/370485,glibc,2010-01-19
DSA-1972-1,https://lwn.net/Articles/370377,audiofile,2010-01-17
DSA-1971-1,https://lwn.net/Articles/369990,libthai,2010-01-15
DSA-1970-1,https://lwn.net/Articles/369853,openssl,2010-01-13
DSA-1969-1,https://lwn.net/Articles/369693,krb5,2010-01-12
DSA-1967-q,https://lwn.net/Articles/369211,transmission,2010-01-08
DSA-1968-1,https://lwn.net/Articles/369414,pdns-recursor,2010-01-08
DSA-1966-1,https://lwn.net/Articles/369074,horde3,2010-01-07
DSA-1965,https://lwn.net/Articles/369056,phpldapadmin,2010-01-07
DSA-1964-1,https://lwn.net/Articles/368402,postgresql-7.4,2009-12-31
DSA-1953-2,https://lwn.net/Articles/368333,expat,2009-12-31
DSA-1958-1,https://lwn.net/Articles/368221,libtool,2009-12-29
DSA-1957-1,https://lwn.net/Articles/368129,aria2,2009-12-28
DSA-1962,https://lwn.net/Articles/367914,kvm,2009-12-23
DSA-1961-1,https://lwn.net/Articles/367913,bind9,2009-12-23
DSA-1963-1,https://lwn.net/Articles/368128,unbound,2009-12-23
DSA-1959-1,https://lwn.net/Articles/367817,ganeti,2009-12-19
DSA-1960-1,https://lwn.net/Articles/367818,acpid,2009-12-19
DSA-1954-1,https://lwn.net/Articles/366945,cacti,2009-12-16
DSA-1955-1,https://lwn.net/Articles/366946,network-manager/network-manager-applet,2009-12-16
DSA-1956-1,https://lwn.net/Articles/367176,xulrunner,2009-12-16
DSA-1953-1,https://lwn.net/Articles/367177,expat,2009-12-15
DSA-1951-1,https://lwn.net/Articles/366662,firefox-sage,2009-12-15
DSA-1952-2,https://lwn.net/Articles/366664,asterisk,2009-12-15
DSA-1952-1,https://lwn.net/Articles/366663,asterisk,2009-12-15
DSA-1950,https://lwn.net/Articles/366506,webkit,2009-12-12
DSA-1949-1,https://lwn.net/Articles/366505,php-net-ping,2009-12-12
DSA-1908-1,https://lwn.net/Articles/365949,ntp,2009-12-08
DSA-1947-1,https://lwn.net/Articles/365779,shibboleth-sp,2009-12-07
DSA-1946-1,https://lwn.net/Articles/365585,belpic,2009-12-04
DSA-1944-1,https://lwn.net/Articles/364996,request-tracker3.4/request-tracker3.6,2009-12-03
DSA-1945-1,https://lwn.net/Articles/365020,gforge,2009-12-03
DSA-1943,https://lwn.net/Articles/364968,openldap,2009-12-02
DSA-1942-1,https://lwn.net/Articles/364507,wireshark,2009-11-29
DSA-1941-1,https://lwn.net/Articles/364506,poppler,2009-11-25
DSA-1940-1,https://lwn.net/Articles/364504,php5,2009-11-25
DSA-1939-1,https://lwn.net/Articles/363730,libvorbis,2009-11-24
DSA-1938-1,https://lwn.net/Articles/363450,php-mail,2009-11-23
DSA-1937-1,https://lwn.net/Articles/363449,gforge,2009-11-21
DSA-1935-1,https://lwn.net/Articles/362323,gnutls13,2009-11-17
DSA-1936-1,https://lwn.net/Articles/362515,libgd2,2009-11-17
DSA-1934-1,https://lwn.net/Articles/362320,apache2,2009-11-16
DSA-1933-1,https://lwn.net/Articles/361282,cups,2009-11-10
DSA-1931-1,https://lwn.net/Articles/361100,nspr,2009-11-08
DSA-1932-1,https://lwn.net/Articles/361101,pidgin,2009-11-08
DSA-1930-1,https://lwn.net/Articles/361099,drupal6,2009-11-07
DSA-1928-1,https://lwn.net/Articles/360808,linux-2.6.24,2009-11-05
DSA-1927-1,https://lwn.net/Articles/360805,linux-2.6,2009-11-05
DSA-1929-1,https://lwn.net/Articles/360816,linux-2.6,2009-11-05
DSA-1926-1,https://lwn.net/Articles/360606,typo3-src,2009-11-04
DSA-1924-1,https://lwn.net/Articles/359966,mahara,2009-10-31
DSA-1925-1,https://lwn.net/Articles/359967,proftpd-dfsg,2009-10-31
DSA-1921-1,https://lwn.net/Articles/359194,expat,2009-10-28
DSA-1922-1,https://lwn.net/Articles/359426,xulrunner,2009-10-28
DSA-1923-1,https://lwn.net/Articles/359638,libhtml-parser-perl,2009-10-27
DSA-1920-1,https://lwn.net/Articles/358872,nginx,2009-10-26
DSA-1919-1,https://lwn.net/Articles/358871,smarty,2009-10-25
DSA-1918-1,https://lwn.net/Articles/358870,phpmyadmin,2009-10-25
DSA-1917-1,https://lwn.net/Articles/358723,mimetex,2009-10-24
DSA-1912-2,https://lwn.net/Articles/358721,advi,2009-10-23
DSA-1916-1,https://lwn.net/Articles/358722,kdelibs,2009-10-23
DSA-1914-1,https://lwn.net/Articles/358395,mapserver,2009-10-22
DSA-1915-1,https://lwn.net/Articles/358399,linux-2.6,2009-10-22
DSA-1913-1,https://lwn.net/Articles/357514,bugzilla,2009-10-17
DSA-1912-1,https://lwn.net/Articles/357333,camlimages,2009-10-16
DSA-1911-1,https://lwn.net/Articles/357150,pygresql,2009-10-14
DSA-1909-1,https://lwn.net/Articles/357170,postgresql-ocaml,2009-10-14
DSA-1910-1,https://lwn.net/Articles/357148,mysql-ocaml,2009-10-14
DSA-1908-1,https://lwn.net/Articles/356927,samba,2009-10-14
DSA-1907-1,https://lwn.net/Articles/356752,kvm,2009-10-13
DSA-1906-1,https://lwn.net/Articles/356725,clamav,2009-10-11
DSA-1905-1,https://lwn.net/Articles/356723,python-django,2009-10-10
DSA-1895-2,https://lwn.net/Articles/356722,opensaml2,2009-10-09
DSA-1904-1,https://lwn.net/Articles/356317,wget,2009-10-09
DSA-1903,https://lwn.net/Articles/356113,graphicsmagick,2009-10-07
DSA-1901-1,https://lwn.net/Articles/355492,mediawiki1.7,2009-10-05
DSA-1902-1,https://lwn.net/Articles/355493,elinks,2009-10-05
DSA-1899-1,https://lwn.net/Articles/355488,strongswan,2009-10-02
DSA-1900-1,https://lwn.net/Articles/355489,postgresql-7.4,2009-10-02
DSA-1898-1,https://lwn.net/Articles/355487,openswan,2009-10-02
DSA-1897-1,https://lwn.net/Articles/354669,horde3,2009-09-28
DSA-1896-1,https://lwn.net/Articles/354668,opensaml,2009-09-28
DSA-1895-1,https://lwn.net/Articles/354332,xmltooling,2009-09-24
DSA-1894-1,https://lwn.net/Articles/354175,newt,2009-09-24
DSA-1893-1,https://lwn.net/Articles/353955,cyrus-imapd-2.2,2009-09-23
DSA-1892-1,https://lwn.net/Articles/353954,dovecot,2009-09-23
DSA-1891-1,https://lwn.net/Articles/353759,changetrack,2009-09-22
DSA-1890-1,https://lwn.net/Articles/353600,wxwindows,2009-09-19
DSA-1889-1,https://lwn.net/Articles/353236,icu,2009-09-16
DSA-1888-1,https://lwn.net/Articles/353076,openssl,2009-09-15
DSA-1887-1,https://lwn.net/Articles/352920,rails,2009-09-15
DSA-1885-1,https://lwn.net/Articles/352706,xulrunner,2009-09-14
DSA-1883-2,https://lwn.net/Articles/352704,nagios2,2009-09-14
DSA-1886-1,https://lwn.net/Articles/352707,iceweasel,2009-09-14
DSA-1884-1,https://lwn.net/Articles/352705,nginx,2009-09-14
DSA-1878-2,https://lwn.net/Articles/352189,devscripts,2009-09-11
DSA-1883-1,https://lwn.net/Articles/351972,nagios2,2009-09-10
DSA-1882-1,https://lwn.net/Articles/351973,xapian-omega,2009-09-09
DSA-1881-1,https://lwn.net/Articles/351470,cyrus-imapd-2.2,2009-09-07
DSA-1879-1,https://lwn.net/Articles/350884,silc-client/silc-toolkit,2009-09-04
DSA-1878-1,https://lwn.net/Articles/350624,devscripts,2009-09-02
DSA-1877-1,https://lwn.net/Articles/350635,mysql-dfsg-5.0,2009-09-02
DSA-1876-1,https://lwn.net/Articles/350362,dnsmasq,2009-09-01
DSA-1875-1,https://lwn.net/Articles/350132,ikiwiki,2009-08-31
DSA-1871-2,https://lwn.net/Articles/349140,wordpress,2009-08-27
DSA-1873-1,https://lwn.net/Articles/349141,xulrunner,2009-08-26
DSA-1874-1,https://lwn.net/Articles/349142,nss,2009-08-26
DSA-1833-2,https://lwn.net/Articles/348918,dhcp3,2009-08-25
DSA-1872-1,https://lwn.net/Articles/348635,linux-2.6,2009-08-24
DSA-1871-1,https://lwn.net/Articles/348421,wordpress,2009-08-23
DSA-1868-1,https://lwn.net/Articles/347704,kde4libs,2009-08-19
DSA-1867-1,https://lwn.net/Articles/347703,kdelibs,2009-08-19
DSA-1869-1,https://lwn.net/Articles/347861,curl,2009-08-19
DSA-1870-1,https://lwn.net/Articles/347862,pidgin,2009-08-19
DSA-1866-1,https://lwn.net/Articles/347702,kdegraphics,2009-08-19
DSA-1865-1,https://lwn.net/Articles/347415,linux-2.6,2009-08-16
DSA-1864-1,https://lwn.net/Articles/347414,linux-2.6.24,2009-08-16
DSA-1863-1,https://lwn.net/Articles/347410,zope2.10/zope2.9,2009-08-15
DSA-1862-1,https://lwn.net/Articles/347402,linux-2.6,2009-08-14
DSA-1861-1,https://lwn.net/Articles/347188,libxml,2009-08-13
DSA-1860-1,https://lwn.net/Articles/346925,ruby1.8,2009-08-12
DSA-1857-1,https://lwn.net/Articles/346234,camlimages,2009-08-10
DSA-1859-1,https://lwn.net/Articles/346467,libxml2,2009-08-10
DSA-1858-1,https://lwn.net/Articles/346502,imagemagick,2009-08-10
DSA-1843-2,https://lwn.net/Articles/346233,squid3,2009-08-09
DSA-1854-1,https://lwn.net/Articles/346230,apr,2009-08-08
DSA-1856-1,https://lwn.net/Articles/346232,mantis,2009-08-08
DSA-1855-1,https://lwn.net/Articles/346231,subversion,2009-08-08
DSA-1852-1,https://lwn.net/Articles/345909,fetchmail,2009-08-07
DSA-1853-1,https://lwn.net/Articles/345910,memcached,2009-08-07
DSA-1851-1,https://lwn.net/Articles/345676,gst-plugins-bad0.10,2009-08-06
DSA-1850-1,https://lwn.net/Articles/345209,libmodplug,2009-08-04
DSA-1849-1,https://lwn.net/Articles/345042,xml-security-c,2009-08-02
DSA-1848-1,https://lwn.net/Articles/345041,znc,2009-08-02
DSA-1834-2,https://lwn.net/Articles/344746,apache2,2009-07-31
DSA-1847-1,https://lwn.net/Articles/344094,bind9,2009-07-29
DSA-1842-1,https://lwn.net/Articles/343802,openexr,2009-07-28
DSA-1846-1,https://lwn.net/Articles/344091,kvm,2009-07-28
DSA-1844-1,https://lwn.net/Articles/344087,linux-2.6.24,2009-07-28
DSA-1843-1,https://lwn.net/Articles/343880,squid3,2009-07-28
DSA-1841-1,https://lwn.net/Articles/343588,git-core,2009-07-25
DSA-1840-1,https://lwn.net/Articles/343060,xulrunner,2009-07-23
DSA-1839-1,https://lwn.net/Articles/342384,gst-plugins-good0.10,2009-07-19
DSA-1838-1,https://lwn.net/Articles/342383,pulseaudio,2009-07-18
DSA-1837-1,https://lwn.net/Articles/342382,dbus,2009-07-18
DSA-1836-1,https://lwn.net/Articles/341861,fckeditor,2009-07-16
DSA-1834,https://lwn.net/Articles/341634,apache2,2009-07-15
DSA-1835-1,https://lwn.net/Articles/341635,tiff,2009-07-15
DSA-1829-2,https://lwn.net/Articles/341225,sork-passwd-h3,2009-07-14
DSA-1833-1,https://lwn.net/Articles/341402,dhcp3,2009-07-14
DSA-1831-1,https://lwn.net/Articles/341222,djbdns,2009-07-13
DSA-1832-1,https://lwn.net/Articles/341223,camlimages,2009-07-13
DSA-1830-1,https://lwn.net/Articles/341100,icedove,2009-07-12
DSA-1753-2,https://lwn.net/Articles/341101,icedove,2009-07-12
DSA-1829-1,https://lwn.net/Articles/341099,sork-passwd-h3,2009-07-11
DSA-1828-1,https://lwn.net/Articles/340351,ocsinventory-agent,2009-07-07
DSA-1827-1,https://lwn.net/Articles/340115,ipplan,2009-07-06
DSA-1826-1,https://lwn.net/Articles/340114,eggdrop,2009-07-04
DSA-1825-1,https://lwn.net/Articles/339889,nagios2,2009-07-03
DSA-1845-1,https://lwn.net/Articles/344089,linux-2.6,2009-06-28
DSA-1823-1,https://lwn.net/Articles/338898,samba,2009-06-25
DSA-1824-1,https://lwn.net/Articles/338899,phpmyadmin,2009-06-25
DSA-1822-1,https://lwn.net/Articles/338318,mahara,2009-06-23
DSA-1821-1,https://lwn.net/Articles/338316,amule,2009-06-22
DSA-1818-1,https://lwn.net/Articles/337873,gforge,2009-06-18
DSA-1820-1,https://lwn.net/Articles/337870,xulrunner,2009-06-18
DSA-1819-1,https://lwn.net/Articles/337896,vlc,2009-06-18
DSA-1817-1,https://lwn.net/Articles/337872,ctorrent,2009-06-17
DSA-1816-1,https://lwn.net/Articles/337735,apache2,2009-06-16
DSA-1815-1,https://lwn.net/Articles/337423,libtorrent-rasterbar,2009-06-14
DSA-1814-1,https://lwn.net/Articles/337557,libsndfile,2009-06-13
DSA-1813-1,https://lwn.net/Articles/336664,evolution-data-server,2009-06-08
DSA-1812-1,https://lwn.net/Articles/336395,apr-util,2009-06-04
DSA-1810-1,https://lwn.net/Articles/335924,libapache-mod-jk,2009-06-02
DSA-1807-1,https://lwn.net/Articles/335414,cyrus-sasl2,2009-06-01
DSA-1808-1,https://lwn.net/Articles/335416,drupal6,2009-06-01
DSA-1809-1,https://lwn.net/Articles/335732,linux-2.6,2009-06-01
DSA-1806-1,https://lwn.net/Articles/334559,cscope,2009-05-24
DSA-1805-1,https://lwn.net/Articles/334558,pidgin,2009-05-22
DSA-1802-2,https://lwn.net/Articles/334291,squirrelmail,2009-05-21
DSA-1803-1,https://lwn.net/Articles/333898,nsd,2009-05-20
DSA-1804-1,https://lwn.net/Articles/333897,ipsec-tools,2009-05-20
DSA-1801-1,https://lwn.net/Articles/333886,ntp,2009-05-19
DSA-1802-1,https://lwn.net/Articles/333887,squirrelmail,2009-05-19
DSA-1800-1,https://lwn.net/Articles/333885,linux-2.6,2009-05-15
DSA-1799-1,https://lwn.net/Articles/332977,qemu,2009-05-11
DSA-1798-1,https://lwn.net/Articles/332797,pango1.0,2009-05-10
DSA-1797-1,https://lwn.net/Articles/332795,xulrunner,2009-05-09
DSA-1795,https://lwn.net/Articles/332351,ldns,2009-05-07
DSA-1794-1,https://lwn.net/Articles/332350,linux-2.6,2009-05-06
DSA-1791-1,https://lwn.net/Articles/332106,moin,2009-05-06
DSA-1792-1,https://lwn.net/Articles/332107,drupal6,2009-05-06
DSA-1793-1,https://lwn.net/Articles/332108,kdegraphics,2009-05-06
DSA-1790-1,https://lwn.net/Articles/332104,xpdf,2009-05-05
DSA-1788-1,https://lwn.net/Articles/331810,quagga,2009-05-04
DSA-1789-1,https://lwn.net/Articles/331812,php5,2009-05-04
DSA-1787-1,https://lwn.net/Articles/331602,linux-2.6.24,2009-05-02
DSA-1786-1,https://lwn.net/Articles/331601,acpid,2009-05-02
DSA-1785-1,https://lwn.net/Articles/331599,wireshark,2009-05-01
DSA-1784-1,https://lwn.net/Articles/331189,freetype,2009-04-30
DSA-1782-1,https://lwn.net/Articles/330840,mplayer,2009-04-29
DSA-1783,https://lwn.net/Articles/330867,mysql-dfsg-5.0,2009-04-29
DSA-1781-1,https://lwn.net/Articles/330816,ffmpeg-debian,2009-04-29
DSA-1780-1,https://lwn.net/Articles/330814,libdbd-pg-perl,2009-04-28
DSA-1779-1,https://lwn.net/Articles/330383,apt,2009-04-26
DSA-1778-1,https://lwn.net/Articles/329797,mahara,2009-04-22
DSA-1776-1,https://lwn.net/Articles/329391,slurm-llnl,2009-04-21
DSA-1777-1,https://lwn.net/Articles/329393,git-core,2009-04-21
DSA-1775-1,https://lwn.net/Articles/329202,php-json-ext,2009-04-20
DSA-1773-1,https://lwn.net/Articles/328882,cups,2009-04-17
DSA-1774-1,https://lwn.net/Articles/328901,ejabberd,2009-04-17
DSA-1772-1,https://lwn.net/Articles/328717,udev,2009-04-16
DSA-1771-1,https://lwn.net/Articles/328716,clamav,2009-04-15
DSA-1770-1,https://lwn.net/Articles/328357,imp4,2009-04-13
DSA-1769-1,https://lwn.net/Articles/328354,openjdk-6,2009-04-11
DSA-1768-1,https://lwn.net/Articles/328353,openafs,2009-04-10
DSA-1766-1,https://lwn.net/Articles/328045,krb5,2009-04-09
DSA-1767-1,https://lwn.net/Articles/328046,multipath-tools,2009-04-09
DSA-1754-1,https://lwn.net/Articles/328178,roundup,2009-04-09
DSA-1765-1,https://lwn.net/Articles/327888,horde3,2009-04-08
DSA-1796-1,https://lwn.net/Articles/332544,libwmf,2009-04-07
DSA-1764-1,https://lwn.net/Articles/327879,tunapie,2009-04-07
DSA-1763-1,https://lwn.net/Articles/327541,openssl,2009-04-06
DSA-1761-1,https://lwn.net/Articles/327156,moodle,2009-04-03
DSA-1762-1,https://lwn.net/Articles/326970,icu,2009-04-02
DSA-1757-1,https://lwn.net/Articles/326284,auth2db,2009-03-30
DSA-1759-1,https://lwn.net/Articles/326463,strongswan,2009-03-30
DSA-1760-1,https://lwn.net/Articles/326470,openswan,2009-03-30
DSA-1758-1,https://lwn.net/Articles/326459,nss-ldapd,2009-03-30
DSA-1756-1,https://lwn.net/Articles/326283,xulrunner,2009-03-29
DSA-1755-1,https://lwn.net/Articles/325638,systemtap,2009-03-25
DSA-1745-2,https://lwn.net/Articles/325390,lcms,2009-03-25
DSA-1753-1,https://lwn.net/Articles/325385,iceweasel,2009-03-24
DSA-1752-1,https://lwn.net/Articles/325141,webcit,2009-03-23
DSA-1750-1,https://lwn.net/Articles/324963,libpng,2009-03-22
DSA-1751-1,https://lwn.net/Articles/324964,xulrunner,2009-03-22
DSA-1747-1,https://lwn.net/Articles/324657,glib2.0,2009-03-20
DSA-1746-1,https://lwn.net/Articles/324656,ghostscript,2009-03-20
DSA-1745-1,https://lwn.net/Articles/324654,lcms,2009-03-20
DSA-1749-1,https://lwn.net/Articles/324962,linux-2.6,2009-03-20
DSA-1748-1,https://lwn.net/Articles/324659,libsoup,2009-03-20
DSA-1744-1,https://lwn.net/Articles/324263,weechat,2009-03-18
DSA-1743-1,https://lwn.net/Articles/323995,libtk-img,2009-03-17
DSA-1742-1,https://lwn.net/Articles/323714,libsndfile,2009-03-16
DSA-1741-1,https://lwn.net/Articles/323713,psi,2009-03-14
DSA-1740-1,https://lwn.net/Articles/323711,yaws,2009-03-14
DSA-1739-1,https://lwn.net/Articles/323284,mldonkey,2009-03-13
DSA-1738-1,https://lwn.net/Articles/322951,curl,2009-03-11
DSA-1737-1,https://lwn.net/Articles/322963,wesnoth,2009-03-11
DSA-1736-1,https://lwn.net/Articles/322807,mahara,2009-03-10
DSA-1735-1,https://lwn.net/Articles/322806,znc,2009-03-10
DSA-1733,https://lwn.net/Articles/321640,vim,2009-03-03
DSA-1732,https://lwn.net/Articles/321617,squid3,2009-03-03
DSA-1729-1,https://lwn.net/Articles/321609,gst-plugins-bad0.10,2009-03-02
DSA-1730-1,https://lwn.net/Articles/321612,proftpd-dfsg,2009-03-02
DSA-1731-1,https://lwn.net/Articles/321613,ndiswrapper,2009-03-02
DSA-1719-2,https://lwn.net/Articles/321447,gnutls13,2009-02-28
DSA-1728-1,https://lwn.net/Articles/321446,dkim-milter,2009-02-27
DSA-1727-1,https://lwn.net/Articles/320923,proftpd-dfsg,2009-02-26
DSA-1726-1,https://lwn.net/Articles/320895,python-crypto,2009-02-25
DSA-1725-1,https://lwn.net/Articles/319528,websvn,2009-02-15
DSA-1724-1,https://lwn.net/Articles/319486,moodle,2009-02-13
DSA-1722-1,https://lwn.net/Articles/319006,libpam-heimdal,2009-02-11
DSA-1721-1,https://lwn.net/Articles/319005,libpam-krb5,2009-02-11
DSA-1720-1,https://lwn.net/Articles/318766,typo3-src,2009-02-10
DSA-1719-1,https://lwn.net/Articles/318673,gnutls13,2009-02-10
DSA-1718-1,https://lwn.net/Articles/318609,boinc,2009-02-08
DSA-1717,https://lwn.net/Articles/318210,devil,2009-02-05
DSA-1716-1,https://lwn.net/Articles/317616,vnc4,2009-01-31
DSA-1704-2,https://lwn.net/Articles/317318,netatalk,2009-01-30
DSA-1715,https://lwn.net/Articles/317198,moin,2009-01-29
DSA-1713-1,https://lwn.net/Articles/317196,rt2500,2009-01-28
DSA-1714-1,https://lwn.net/Articles/317197,rt2570,2009-01-28
DSA-1712-1,https://lwn.net/Articles/317195,rt2400,2009-01-28
DSA-1979-1,https://lwn.net/Articles/371522,lintian,2009-01-27
DSA-1711-1,https://lwn.net/Articles/316829,typo3-src,2009-01-26
DSA-1710-1,https://lwn.net/Articles/316669,ganglia-monitor-core,2009-01-25
DSA-1693-2,https://lwn.net/Articles/315912,phppgadmin,2009-01-21
DSA-1709-1,https://lwn.net/Articles/315911,shadow,2009-01-21
DSA-1708-1,https://lwn.net/Articles/315772,git-core,2009-01-19
DSA-1706-1,https://lwn.net/Articles/315408,amarok,2009-01-15
DSA-1705-1,https://lwn.net/Articles/315407,netatalk,2009-01-15
DSA-1707-1,https://lwn.net/Articles/315410,iceweasel,2009-01-15
DSA-1704,https://lwn.net/Articles/315210,xulrunner,2009-01-14
DSA-1703-1,https://lwn.net/Articles/314765,bind9,2009-01-12
DSA-1701-1,https://lwn.net/Articles/314598,openssl,2009-01-12
DSA-1702-1,https://lwn.net/Articles/314763,ntp,2009-01-12
DSA-1700-1,https://lwn.net/Articles/314597,lasso,2009-01-11
DSA-1699-1,https://lwn.net/Articles/314595,zaptel,2009-01-11
DSA-1698-1,https://lwn.net/Articles/314265,gforge,2009-01-09
DSA-1696-1,https://lwn.net/Articles/314066,icedove,2009-01-07
DSA-1697-1,https://lwn.net/Articles/314067,iceape,2009-01-07
DSA-1694-2,https://lwn.net/Articles/313628,xterm,2009-01-06
DSA-1694-1,https://lwn.net/Articles/313428,xterm,2009-01-02
DSA-1695-1,https://lwn.net/Articles/313430,ruby,2009-01-02
DSA-1693-1,https://lwn.net/Articles/313024,phppgadmin,2008-12-27
DSA-1692-1,https://lwn.net/Articles/313023,php-xajax,2008-12-27
DSA-1691-1,https://lwn.net/Articles/312465,moodle,2008-12-22
DSA-1688-2,https://lwn.net/Articles/312867,courier-authlib,2008-12-22
DSA-1690-1,https://lwn.net/Articles/312627,avahi,2008-12-22
DSA-1689-1,https://lwn.net/Articles/312626,proftpd-dfsg,2008-12-21
DSA-1678-2,https://lwn.net/Articles/312464,perl,2008-12-21
DSA-1688,https://lwn.net/Articles/312463,courier-authlib,2008-12-20
DSA-1687-1,https://lwn.net/Articles/311605,linux-2.6,2008-12-15
DSA-1686-1,https://lwn.net/Articles/311475,no-ip,2008-12-14
DSA-1685-1,https://lwn.net/Articles/311162,uw-imap,2008-12-12
DSA-1684,https://lwn.net/Articles/310598,lcms,2008-12-10
DSA-1683-1,https://lwn.net/Articles/310376,streamripper,2008-12-08
DSA-168201,https://lwn.net/Articles/310227,squirrelmail,2008-12-07
DSA-1680-1,https://lwn.net/Articles/309679,clamav,2008-12-04
DSA-1681-1,https://lwn.net/Articles/309888,linux-2.6.24,2008-12-04
DSA-1679-1,https://lwn.net/Articles/309445,awstats,2008-12-03
DSA-1678-1,https://lwn.net/Articles/309444,perl,2008-12-03
DSA-1677-1,https://lwn.net/Articles/309443,cupsys,2008-12-02
DSA-1676-1,https://lwn.net/Articles/309205,flamethrower,2008-12-01
DSA-1675-1,https://lwn.net/Articles/309078,phpmyadmin,2008-11-30
DSA-1674-1,https://lwn.net/Articles/309077,jailer,2008-11-30
DSA-1673-1,https://lwn.net/Articles/309076,wireshark,2008-11-29
DSA-1672-1,https://lwn.net/Articles/309075,imlib2,2008-11-29
DSA-1671-1,https://lwn.net/Articles/308529,iceweasel,2008-11-24
DSA-1670-1,https://lwn.net/Articles/308528,enscript,2008-11-24
DSA-1669-1,https://lwn.net/Articles/308336,xulrunner,2008-11-23
DSA-1668-1,https://lwn.net/Articles/308335,hf,2008-11-22
DSA-1667-1,https://lwn.net/Articles/308002,python2.4,2008-11-19
DSA-1666-1,https://lwn.net/Articles/307666,libxml2,2008-11-17
DSA-1665-1,https://lwn.net/Articles/307002,libcdaudio,2008-11-12
DSA-1664-1,https://lwn.net/Articles/306676,ekg,2008-11-10
DSA-1663-1,https://lwn.net/Articles/306568,net-snmp,2008-11-09
DSA-1662-1,https://lwn.net/Articles/306211,mysql-dfsg-5.0,2008-11-06
DSA-1661-1,https://lwn.net/Articles/305289,openoffice.org,2008-10-29
DSA-1660-1,https://lwn.net/Articles/304810,clamav,2008-10-26
DSA-1659-1,https://lwn.net/Articles/304624,libspf2,2008-10-23
DSA-1658-1,https://lwn.net/Articles/304507,dbus,2008-10-22
DSA-1656-1,https://lwn.net/Articles/304122,cupsys,2008-10-20
DSA-1657-1,https://lwn.net/Articles/304125,qemu,2008-10-20
DSA-1655-1,https://lwn.net/Articles/303573,linux-2.6.24,2008-10-16
DSA-1654-1,https://lwn.net/Articles/303032,libxml2,2008-10-14
DSA-1653-1,https://lwn.net/Articles/303012,linux-2.6,2008-10-13
DSA-1652-1,https://lwn.net/Articles/302866,ruby1.9,2008-10-12
DSA-1651-1,https://lwn.net/Articles/302865,ruby1.8,2008-10-12
DSA-1650-1,https://lwn.net/Articles/302864,openldap2.3,2008-10-12
DSA-1646-2,https://lwn.net/Articles/302862,squid,2008-10-11
DSA-1649-1,https://lwn.net/Articles/302455,iceweasel,2008-10-08
DSA-1648-1,https://lwn.net/Articles/302454,mon,2008-10-08
DSA-1647-1,https://lwn.net/Articles/302197,php5,2008-10-07
DSA-1646-1,https://lwn.net/Articles/302181,squid,2008-10-07
DSA-1645-1,https://lwn.net/Articles/301969,lighttpd,2008-10-06
DSA-1644-1,https://lwn.net/Articles/302177,mplayer,2008-10-05
DSA-1643-1,https://lwn.net/Articles/302176,feta,2008-10-05
DSA-1619-2,https://lwn.net/Articles/300047,python-dns,2008-09-22
DSA-1634-2,https://lwn.net/Articles/299715,wordnet,2008-09-20
DSA-1642-1,https://lwn.net/Articles/299714,horde3,2008-09-20
DSA-1641-1,https://lwn.net/Articles/299713,phpmyadmin,2008-09-20
DSA-1640-1,https://lwn.net/Articles/299712,python-django,2008-09-20
DSA-1639-1,https://lwn.net/Articles/299711,twiki,2008-09-19
DSA-1638-1,https://lwn.net/Articles/298786,openssh,2008-09-16
DSA-1637-1,https://lwn.net/Articles/298660,git-core,2008-09-15
DSA-1636-1,https://lwn.net/Articles/298279,linux-2.6.24,2008-09-11
DSA-1635-1,https://lwn.net/Articles/297987,freetype,2008-09-10
DSA-1633-1,https://lwn.net/Articles/296545,slash,2008-09-01
DSA-1634-1,https://lwn.net/Articles/296546,wordnet,2008-09-01
DSA-1627-2,https://lwn.net/Articles/296543,opensc,2008-08-31
DSA-1597-2,https://lwn.net/Articles/296416,mt-daapd,2008-08-30
DSA-1632-1,https://lwn.net/Articles/295562,tiff,2008-08-26
DSA-1631-2,https://lwn.net/Articles/295749,libxml2,2008-08-26
DSA-1631-1,https://lwn.net/Articles/295422,libxml2,2008-08-22
DSA-1630-1,https://lwn.net/Articles/295037,linux-2.6,2008-08-21
DSA-1629-2,https://lwn.net/Articles/294625,postfix,2008-08-19
DSA-1629-1,https://lwn.net/Articles/294624,postfix,2008-08-18
DSA-1628-1,https://lwn.net/Articles/293665,pdns,2008-08-10
DSA-1627-1,https://lwn.net/Articles/292617,opensc,2008-08-04
DSA-1625-1,https://lwn.net/Articles/292390,cupsys,2008-08-01
DSA-1626-1,https://lwn.net/Articles/292412,httrack,2008-08-01
DSA-1624-1,https://lwn.net/Articles/292382,libxslt,2008-07-31
DSA-1623-1,https://lwn.net/Articles/292376,dnsmasq,2008-07-31
DSA-1622-1,https://lwn.net/Articles/292232,newsx,2008-07-31
DSA-1620-1,https://lwn.net/Articles/291762,python2.5,2008-07-27
DSA-1619-1,https://lwn.net/Articles/291761,python-dns,2008-07-27
DSA-1621-1,https://lwn.net/Articles/291763,icedove,2008-07-27
DSA-1618-1,https://lwn.net/Articles/291759,ruby1.9,2008-07-26
DSA-1616-2,https://lwn.net/Articles/291757,clamav,2008-07-26
DSA-1617-1,https://lwn.net/Articles/291625,refpolicy,2008-07-25
DSA-1616-1,https://lwn.net/Articles/291490,clamav,2008-07-24
DSA-1615-1,https://lwn.net/Articles/291482,xulrunner,2008-07-23
DSA-1614-1,https://lwn.net/Articles/291481,iceweasel,2008-07-23
DSA-1613-1,https://lwn.net/Articles/291198,libgd2,2008-07-22
DSA-1612-1,https://lwn.net/Articles/291193,ruby1.8,2008-07-21
DSA-1611-1,https://lwn.net/Articles/290448,afuse,2008-07-16
DSA-1544-2,https://lwn.net/Articles/290446,pdns-recursor,2008-07-16
DSA-1569-3,https://lwn.net/Articles/290249,cacti,2008-07-15
DSA-1609-1,https://lwn.net/Articles/290131,lighttpd,2008-07-15
DSA-1610-1,https://lwn.net/Articles/290133,gaim,2008-07-15
DSA-1608-1,https://lwn.net/Articles/289946,mysql-dfsg-5.0,2008-07-13
DSA-1607-1,https://lwn.net/Articles/289680,iceweasel,2008-07-11
DSA-1606-1,https://lwn.net/Articles/289461,poppler,2008-07-09
DSA-1604-1,https://lwn.net/Articles/289103,bind,2008-07-08
DSA-1605-1,https://lwn.net/Articles/289277,glibc,2008-07-08
DSA-1603-1,https://lwn.net/Articles/289102,bind9,2008-07-08
DSA-1602-1,https://lwn.net/Articles/288984,pcre3,2008-07-05
DSA-1601-1,https://lwn.net/Articles/288719,wordpress,2008-07-04
DSA-1600-1,https://lwn.net/Articles/288271,sympa,2008-07-01
DSA-1599-1,https://lwn.net/Articles/287778,dbus,2008-06-26
DSA-1598-1,https://lwn.net/Articles/286943,libtk-img,2008-06-19
DSA-1596-1,https://lwn.net/Articles/286033,typo3,2008-06-12
DSA-1597-1,https://lwn.net/Articles/286032,mt-daapd,2008-06-12
DSA-1594-1,https://lwn.net/Articles/285886,imlib2,2008-06-11
DSA-1595-1,https://lwn.net/Articles/285890,xorg-server,2008-06-11
DSA-1592-2,https://lwn.net/Articles/285525,linux-2.6,2008-06-09
DSA-1592-1,https://lwn.net/Articles/285384,linux-2.6,2008-06-09
DSA-1593-1,https://lwn.net/Articles/285527,tomcat5.5,2008-06-09
DSA-1591-1,https://lwn.net/Articles/284782,libvorbis,2008-06-03
DSA-1553-2,https://lwn.net/Articles/284657,ikiwiki,2008-06-01
DSA-1588-2,https://lwn.net/Articles/284656,linux-2.6,2008-05-30
DSA-1590-1,https://lwn.net/Articles/284655,samba,2008-05-30
DSA-1588-1,https://lwn.net/Articles/284136,linux-2.6,2008-05-27
DSA-1587-1,https://lwn.net/Articles/283791,mtr,2008-05-26
DSA-1586-1,https://lwn.net/Articles/283642,xine-lib,2008-05-22
DSA-1584-1,https://lwn.net/Articles/283482,libfishsound,2008-05-21
DSA-1582-1,https://lwn.net/Articles/283329,peercast,2008-05-20
DSA-1583-1,https://lwn.net/Articles/283330,gnome-peercast,2008-05-20
DSA-1580-1,https://lwn.net/Articles/283147,phpgedview,2008-05-20
DSA-1581-1,https://lwn.net/Articles/283163,gnutls13,2008-05-20
DSA-1579-1,https://lwn.net/Articles/283014,netpbm-free,2008-05-18
DSA-1578-1,https://lwn.net/Articles/283012,php4,2008-05-17
DSA-1576-2,https://lwn.net/Articles/282767,openssh,2008-05-16
DSA-1576-1,https://lwn.net/Articles/282287,openssh,2008-05-14
DSA-1577-1,https://lwn.net/Articles/282286,gforge,2008-05-14
DSA-1571-1,https://lwn.net/Articles/281992,openssl,2008-05-13
DSA-1574-1,https://lwn.net/Articles/281828,icedove,2008-05-12
DSA-1575-1,https://lwn.net/Articles/281989,linux-2.6,2008-05-12
DSA-1572-1,https://lwn.net/Articles/281827,php5,2008-05-11
DSA-1573-1,https://lwn.net/Articles/281826,rdesktop,2008-05-11
DSA-1569-2,https://lwn.net/Articles/281104,cacti,2008-05-06
DSA-1570-1,https://lwn.net/Articles/281284,kazehakase,2008-05-06
DSA-1554-2,https://lwn.net/Articles/281108,roundup,2008-05-06
DSA-1567-1,https://lwn.net/Articles/281023,blender,2008-05-05
DSA-1569-1,https://lwn.net/Articles/281025,cacti,2008-05-05
DSA-1568-1,https://lwn.net/Articles/281024,b2evolution,2008-05-05
DSA-1566-1,https://lwn.net/Articles/280823,cpio,2008-05-02
DSA-1564-1,https://lwn.net/Articles/280689,wordpress,2008-05-01
DSA-1565-1,https://lwn.net/Articles/280822,linux-2.6,2008-05-01
DSA-1563-1,https://lwn.net/Articles/280464,asterisk,2008-04-30
DSA-1561-1,https://lwn.net/Articles/280007,ldm,2008-04-28
DSA-1562-1,https://lwn.net/Articles/280215,iceape,2008-04-28
DSA-1560-1,https://lwn.net/Articles/280006,kronolith2,2008-04-28
DSA-1556-2,https://lwn.net/Articles/280005,perl,2008-04-27
DSA-1492-2,https://lwn.net/Articles/280003,wml,2008-04-27
DSA-1559-1,https://lwn.net/Articles/280004,phpgedview,2008-04-27
DSA-1557-1,https://lwn.net/Articles/279746,phpmyadmin,2008-04-24
DSA-1534-2,https://lwn.net/Articles/279748,iceape,2008-04-24
DSA-1558-1,https://lwn.net/Articles/279749,xulrunner,2008-04-24
DSA-1556-1,https://lwn.net/Articles/279743,perl,2008-04-24
DSA-1555-1,https://lwn.net/Articles/279349,iceweasel,2008-04-23
DSA-1554-1,https://lwn.net/Articles/279297,roundup,2008-04-22
DSA-1553-1,https://lwn.net/Articles/278920,ikiwiki,2008-04-20
DSA-1551-1,https://lwn.net/Articles/278917,python2.4,2008-04-19
DSA-1552-1,https://lwn.net/Articles/278918,mplayer,2008-04-19
DSA-1548-1,https://lwn.net/Articles/278478,xpdf,2008-04-17
DSA-1550-1,https://lwn.net/Articles/278623,suphp,2008-04-17
DSA-1549-1,https://lwn.net/Articles/278621,clamav,2008-04-17
DSA-1547-1,https://lwn.net/Articles/278379,openoffice.org,2008-04-17
DSA-1540-2,https://lwn.net/Articles/278013,lighttpd,2008-04-15
DSA-1546-1,https://lwn.net/Articles/277587,gnumeric,2008-04-10
DSA-1545-1,https://lwn.net/Articles/277586,rsync,2008-04-10
DSA-1543-1,https://lwn.net/Articles/277430,vlc,2008-04-09
DSA-1542-1,https://lwn.net/Articles/277429,libcairo,2008-04-09
DSA-1544-1,https://lwn.net/Articles/277431,pdns-recursor,2008-04-09
DSA-1541-1,https://lwn.net/Articles/277240,openldap2.3,2008-04-08
DSA-1540-1,https://lwn.net/Articles/277085,lighttpd,2008-04-07
DSA-1539-1,https://lwn.net/Articles/276868,mapserver,2008-04-04
DSA-1538-1,https://lwn.net/Articles/276866,alsaplayer,2008-04-04
DSA-1537-1,https://lwn.net/Articles/276388,xpdf,2008-04-02
DSA-1533-2,https://lwn.net/Articles/275986,exiftags,2008-04-01
DSA-1536-1,https://lwn.net/Articles/275979,xine-lib,2008-03-31
DSA-1535-1,https://lwn.net/Articles/275769,iceweasel,2008-03-30
DSA-1531-2,https://lwn.net/Articles/275768,policyd-weight,2008-03-29
DSA-1534-1,https://lwn.net/Articles/275534,iceape,2008-03-28
DSA-1531-1,https://lwn.net/Articles/275358,policyd-weight,2008-03-27
DSA-1532-1,https://lwn.net/Articles/275528,xulrunner,2008-03-27
DSA-1533-1,https://lwn.net/Articles/275530,exiftags,2008-03-27
DSA-1530-1,https://lwn.net/Articles/274873,cupsys,2008-03-25
DSA-1528-1,https://lwn.net/Articles/274854,serendipity,2008-03-24
DSA-1529-1,https://lwn.net/Articles/275331,firebird2,2008-03-24
DSA-1527-1,https://lwn.net/Articles/274674,debian-goodies,2008-03-24
DSA-1526-1,https://lwn.net/Articles/274464,xwine,2008-03-20
DSA-1506-2,https://lwn.net/Articles/274310,iceape,2008-03-20
DSA-1525-1,https://lwn.net/Articles/274321,asterisk,2008-03-20
DSA-1524-1,https://lwn.net/Articles/274061,krb5,2008-03-18
DSA-1523-1,https://lwn.net/Articles/273819,ikiwiki,2008-03-17
DSA-1485-2,https://lwn.net/Articles/273814,icedove,2008-03-17
DSA-1522-1,https://lwn.net/Articles/273818,unzip,2008-03-17
DSA-1520-1,https://lwn.net/Articles/273679,smarty,2008-03-16
DSA-1493-2,https://lwn.net/Articles/273681,sdl-image1.2,2008-03-16
DSA-1521-1,https://lwn.net/Articles/273680,lighttpd,2008-03-16
DSA-1517-1,https://lwn.net/Articles/273675,ldapscripts,2008-03-15
DSA-1519-1,https://lwn.net/Articles/273677,horde3,2008-03-15
DSA-1518-1,https://lwn.net/Articles/273676,backup-manager,2008-03-15
DSA-1516-1,https://lwn.net/Articles/273674,dovecot,2008-03-14
DSA-1515-1,https://lwn.net/Articles/273054,libnet-dns-perl,2008-03-11
DSA-1514-1,https://lwn.net/Articles/272606,moin,2008-03-09
DSA-1513-1,https://lwn.net/Articles/272264,lighttpd,2008-03-06
DSA-1503-2,https://lwn.net/Articles/271998,kernel-source-2.4.27,2008-03-06
DSA-1512-1,https://lwn.net/Articles/271846,evolution,2008-03-05
DSA-1511-1,https://lwn.net/Articles/271700,libicu,2008-03-03
DSA-1510-1,https://lwn.net/Articles/271076,gs-esp,2008-02-27
DSA-1510-1,https://lwn.net/Articles/271233,gs-esp,2008-02-27
DSA-1509-1,https://lwn.net/Articles/270902,koffice,2008-02-25
DSA-1508-1,https://lwn.net/Articles/270901,diatheke,2008-02-25
DSA-1506-1,https://lwn.net/Articles/270745,iceape,2008-02-24
DSA-1507-1,https://lwn.net/Articles/270746,turba2,2008-02-24
DSA-1504,https://lwn.net/Articles/270743,kernel-source-2.6.8,2008-02-22
DSA-1505,https://lwn.net/Articles/270744,alsa-driver,2008-02-22
DSA-1503,https://lwn.net/Articles/270742,kernel-source-2.4.27,2008-02-22
DSA-1502-1,https://lwn.net/Articles/270556,wordpress,2008-02-22
DSA-1500-1,https://lwn.net/Articles/270546,splitvt,2008-02-21
DSA-1501-1,https://lwn.net/Articles/270548,dspam,2008-02-21
DSA-1498-1,https://lwn.net/Articles/270145,libimager-perl,2008-02-19
DSA-1499-1,https://lwn.net/Articles/270147,pcre3,2008-02-19
DSA-1495-2,https://lwn.net/Articles/269833,nagios-plugins,2008-02-17
DSA-1497-1,https://lwn.net/Articles/269830,clamav,2008-02-16
DSA-1496-1,https://lwn.net/Articles/269137,mplayer,2008-02-12
DSA-1495-1,https://lwn.net/Articles/269136,nagios-plugins,2008-02-12
DSA-1494-2,https://lwn.net/Articles/269139,linux-2.6,2008-02-12
DSA-1494-1,https://lwn.net/Articles/268741,linux-2.6,2008-02-11
DSA-1484-1,https://lwn.net/Articles/268734,xulrunner,2008-02-10
DSA-1492-1,https://lwn.net/Articles/268739,wml,2008-02-10
DSA-1493-1,https://lwn.net/Articles/268740,sdl-image1.2,2008-02-10
DSA-1490-1,https://lwn.net/Articles/268737,tk8.3,2008-02-10
DSA-1485-1,https://lwn.net/Articles/268735,icedove,2008-02-10
DSA-1489-1,https://lwn.net/Articles/268736,iceweasel,2008-02-10
DSA-1491-1,https://lwn.net/Articles/268738,tk8.4,2008-02-10
DSA-1488-1,https://lwn.net/Articles/268733,phpbb2,2008-02-09
DSA-1487-1,https://lwn.net/Articles/268731,libexif,2008-02-08
DSA-1483-1,https://lwn.net/Articles/268179,net-snmp,2008-02-06
DSA-1480-1,https://lwn.net/Articles/267975,poppler,2008-02-05
DSA-1482-1,https://lwn.net/Articles/267979,squid,2008-02-05
DSA-1481-1,https://lwn.net/Articles/267976,python-cherrypy,2008-02-05
DSA-1486-1,https://lwn.net/Articles/267974,gnatsweb,2008-02-04
DSA-1479,https://lwn.net/Articles/267028,linux-2.6,2008-01-29
DSA-1478-1,https://lwn.net/Articles/267015,mysql-dfsg-5.0,2008-01-28
DSA-1476-1,https://lwn.net/Articles/266816,pulseaudio,2008-01-27
DSA-1477-1,https://lwn.net/Articles/266817,yarssr,2008-01-27
DSA-1475-1,https://lwn.net/Articles/266814,gforge,2008-01-26
DSA-1474-1,https://lwn.net/Articles/266446,exiv2,2008-01-23
DSA-1444-2,https://lwn.net/Articles/266445,php5,2008-01-23
DSA-1472-1,https://lwn.net/Articles/266084,xine-lib,2008-01-21
DSA-1471-1,https://lwn.net/Articles/266082,libvorbis,2008-01-21
DSA-1466-3,https://lwn.net/Articles/266085,xfree86,2008-01-21
DSA-1473,https://lwn.net/Articles/266086,scponly,2008-01-21
DSA-1470-1,https://lwn.net/Articles/265992,horde3,2008-01-20
DSA-1468-1,https://lwn.net/Articles/265989,tomcat5.5,2008-01-20
DSA-1469-1,https://lwn.net/Articles/265991,flac,2008-01-20
DSA-1467-1,https://lwn.net/Articles/265987,mantis,2008-01-19
DSA-1466-2,https://lwn.net/Articles/265988,xorg-server,2008-01-19
DSA-1466-1,https://lwn.net/Articles/265755,xorg-server,2008-01-17
DSA-1465-2,https://lwn.net/Articles/265554,apt-listchanges,2008-01-17
DSA-1465-1,https://lwn.net/Articles/265544,apt-listchanges,2008-01-17
DSA-1464-1,https://lwn.net/Articles/265371,syslog-ng,2008-01-15
DSA-1463-1,https://lwn.net/Articles/265215,postgresql-7.4,2008-01-14
DSA-1461-1,https://lwn.net/Articles/265069,libxml2,2008-01-13
DSA-1459-1,https://lwn.net/Articles/265067,gforge,2008-01-13
DSA-1462-1,https://lwn.net/Articles/265070,hplip,2008-01-13
DSA-1460-1,https://lwn.net/Articles/265068,postgresql-8.1,2008-01-13
DSA-1458-1,https://lwn.net/Articles/264787,openafs,2008-01-10
DSA-1456-1,https://lwn.net/Articles/264613,fail2ban,2008-01-09
DSA-1457-1,https://lwn.net/Articles/264614,dovecot,2008-01-09
DSA-1455-1,https://lwn.net/Articles/264461,libarchive1,2008-01-08
DSA-1454-1,https://lwn.net/Articles/264199,freetype,2008-01-07
DSA-1452-1,https://lwn.net/Articles/264105,wzdftpd,2008-01-06
DSA-1451-1,https://lwn.net/Articles/264104,mysql-dfsg-5.0,2008-01-06
DSA-1449-1,https://lwn.net/Articles/264100,loop-aes-utils,2008-01-05
DSA-1448-1,https://lwn.net/Articles/264102,eggdrop,2008-01-05
DSA-1450-1,https://lwn.net/Articles/264101,util-linux,2008-01-05
DSA-1447-1,https://lwn.net/Articles/263873,tomcat5.5,2008-01-03
DSA-1445-1,https://lwn.net/Articles/263870,maradns,2008-01-03
DSA-1444-1,https://lwn.net/Articles/263867,php5,2008-01-03
DSA-1443-1,https://lwn.net/Articles/263768,tcpreen,2008-01-03
DSA-1446-1,https://lwn.net/Articles/263872,wireshark,2008-01-03
DSA-1442-1,https://lwn.net/Articles/263478,libsndfile,2007-12-29
DSA-1438-1,https://lwn.net/Articles/263301,tar,2007-12-28
DSA-1440-1,https://lwn.net/Articles/263303,inotify-tools,2007-12-28
DSA-1441-1,https://lwn.net/Articles/263306,peercast,2007-12-28
DSA-1439-1,https://lwn.net/Articles/263302,typo3-src,2007-12-28
DSA-1437-1,https://lwn.net/Articles/263192,cupsys,2007-12-26
DSA-1436-1,https://lwn.net/Articles/263007,linux-2.6,2007-12-20
DSA-1435-1,https://lwn.net/Articles/262707,clamav,2007-12-19
DSA-1432-1,https://lwn.net/Articles/262409,link-grammar,2007-12-16
DSA-1433-1,https://lwn.net/Articles/262412,centericq,2007-12-16
DSA-1434-1,https://lwn.net/Articles/262413,mydns,2007-12-16
DSA-1428-2,https://lwn.net/Articles/261847,linux-2.6,2007-12-11
DSA-1429-1,https://lwn.net/Articles/261843,htdig,2007-12-11
DSA-1431-1,https://lwn.net/Articles/261845,ruby-gnome2,2007-12-11
DSA-1430-1,https://lwn.net/Articles/261844,libnss-ldap,2007-12-11
DSA-1428-1,https://lwn.net/Articles/261702,linux-2.6,2007-12-10
DSA-1427-1,https://lwn.net/Articles/261681,samba,2007-12-10
DSA-1426-1,https://lwn.net/Articles/261588,qt-x11-free,2007-12-08
DSA-1425-1,https://lwn.net/Articles/261589,xulrunner,2007-12-08
DSA-1424-1,https://lwn.net/Articles/261587,iceweasel,2007-12-08
DSA-1423-1,https://lwn.net/Articles/261418,sitebar,2007-12-07
DSA-1422,https://lwn.net/Articles/261354,e2fsprogs,2007-12-07
DSA-1421-1,https://lwn.net/Articles/261202,wesnoth,2007-12-06
DSA-1420-1,https://lwn.net/Articles/261201,zabbix,2007-12-05
DSA-1419-1,https://lwn.net/Articles/261042,openoffice.org,2007-12-05
DSA-1417-1,https://lwn.net/Articles/260752,asterisk,2007-12-02
DSA-1418-1,https://lwn.net/Articles/260753,cacti,2007-12-02
DSA-1405-3,https://lwn.net/Articles/263299,zope-cmfplone,2007-12-01
DSA-1409-3,https://lwn.net/Articles/260341,samba,2007-11-29
DSA-1415-1,https://lwn.net/Articles/260192,tk8.4,2007-11-27
DSA-1416-1,https://lwn.net/Articles/260193,tk8.3,2007-11-27
DSA-1414-1,https://lwn.net/Articles/260022,wireshark,2007-11-27
DSA-1413-1,https://lwn.net/Articles/260014,mysql-dfsg,2007-11-26
DSA-1409-2,https://lwn.net/Articles/259891,samba,2007-11-26
DSA-1411-1,https://lwn.net/Articles/259884,libopenssl-ruby,2007-11-24
DSA-1412-1,https://lwn.net/Articles/259885,ruby1.9,2007-11-24
DSA-1410-1,https://lwn.net/Articles/259882,ruby1.8,2007-11-24
DSA-1409-1,https://lwn.net/Articles/259695,samba,2007-11-22
DSA-1408-1,https://lwn.net/Articles/259638,kdegraphics,2007-11-21
DSA-1407-1,https://lwn.net/Articles/259187,cupsys,2007-11-18
DSA-1405-2,https://lwn.net/Articles/258202,zope-cmfplone,2007-11-11
DSA-1405-1,https://lwn.net/Articles/258151,zope-cmfplone,2007-11-09
DSA-1406-1,https://lwn.net/Articles/258153,horde3,2007-11-09
DSA-1403-1,https://lwn.net/Articles/257963,phpmyadmin,2007-11-08
DSA-1404-1,https://lwn.net/Articles/257964,gallery2,2007-11-08
DSA-1402-1,https://lwn.net/Articles/257808,gforge,2007-11-07
DSA-1400-1,https://lwn.net/Articles/257600,perl,2007-11-06
DSA-1401-1,https://lwn.net/Articles/257415,iceape,2007-11-05
DSA-1399-1,https://lwn.net/Articles/257414,pcre3,2007-11-05
DSA-1398-1,https://lwn.net/Articles/257274,perdition,2007-11-05
DSA-1397-1,https://lwn.net/Articles/257273,mono,2007-11-03
DSA-1388-3,https://lwn.net/Articles/256436,dhcp,2007-10-29
DSA-1396-1,https://lwn.net/Articles/256373,iceweasel,2007-10-27
DSA-1395-1,https://lwn.net/Articles/255906,xen-utils,2007-10-25
DSA-1389-2,https://lwn.net/Articles/255905,zoph,2007-10-24
DSA-1393-1,https://lwn.net/Articles/255708,xfce4-terminal,2007-10-23
DSA-1373-2,https://lwn.net/Articles/255707,ktorrent,2007-10-23
DSA-1394-1,https://lwn.net/Articles/255713,reprepro,2007-10-23
DSA-1392-1,https://lwn.net/Articles/255365,xulrunner,2007-10-20
DSA-1391-1,https://lwn.net/Articles/255187,icedove,2007-10-19
DSA-1390-1,https://lwn.net/Articles/255183,t1lib,2007-10-18
DSA-1389-1,https://lwn.net/Articles/255178,zoph,2007-10-18
DSA-1388-1,https://lwn.net/Articles/255020,dhcp,2007-10-18
DSA-1386-1,https://lwn.net/Articles/254454,wesnoth,2007-10-15
DSA-1386-2,https://lwn.net/Articles/254455,wesnoth,2007-10-15
DSA-1387,https://lwn.net/Articles/254684,librpcsecgss,2007-10-15
DSA-1381-2,https://lwn.net/Articles/254449,linux-2.6,2007-10-12
DSA-1379-2,https://lwn.net/Articles/254004,openssl097,2007-10-10
DSA-1385-1,https://lwn.net/Articles/254005,xfs,2007-10-09
DSA 1362-2,https://lwn.net/Articles/253592,lighttpd,2007-10-07
DSA-1384-1,https://lwn.net/Articles/253589,xen-utils,2007-10-05
DSA-1383-1,https://lwn.net/Articles/253391,gforge,2007-10-04
DSA-1381-1,https://lwn.net/Articles/252908,kernel,2007-10-02
DSA-1365-3,https://lwn.net/Articles/252671,id3lib3.8.3,2007-10-02
DSA-1379,https://lwn.net/Articles/252897,openssl,2007-10-02
DSA-1380-1,https://lwn.net/Articles/252903,elinks,2007-10-02
DSA-1379-1,https://lwn.net/Articles/252907,quagga,2007-10-01
DSA-1378-2,https://lwn.net/Articles/252525,linux-2.6,2007-09-28
DSA-1378-1,https://lwn.net/Articles/252072,linux-2.6,2007-09-27
DSA-1343-2,https://lwn.net/Articles/251904,file,2007-09-25
DSA-1377-2,https://lwn.net/Articles/250986,fetchmail,2007-09-21
DSA-1377,https://lwn.net/Articles/250975,fetchmail,2007-09-21
DSA-1376,https://lwn.net/Articles/250974,kdebase,2007-09-21
DSA-1364-2,https://lwn.net/Articles/250727,vim,2007-09-19
DSA-1375-1,https://lwn.net/Articles/250200,openoffice.org,2007-09-17
DSA-1373-1,https://lwn.net/Articles/249428,ktorrent,2007-09-11
DSA-1374-1,https://lwn.net/Articles/249430,jffnms,2007-09-11
DSA-1371-1,https://lwn.net/Articles/249429,phpwiki,2007-09-11
DSA-1370-2,https://lwn.net/Articles/249220,phpmyadmin,2007-09-10
DSA-1372-1,https://lwn.net/Articles/249028,xorg-server,2007-09-09
DSA-1370-1,https://lwn.net/Articles/249030,phpmyadmin,2007-09-09
DSA-1365-2,https://lwn.net/Articles/249029,id3lib3.8.3,2007-09-09
DSA-1369-1,https://lwn.net/Articles/248777,gforge,2007-09-06
DSA-1367-2,https://lwn.net/Articles/248776,krb5,2007-09-06
DSA-1368-1,https://lwn.net/Articles/248115,librpcsecgss,2007-09-04
DSA-1367-1,https://lwn.net/Articles/248114,krb5,2007-09-04
DSA-1288-2,https://lwn.net/Articles/247847,pptpd,2007-09-02
DSA-1364-1,https://lwn.net/Articles/247840,vim,2007-09-01
DSA-1366-1,https://lwn.net/Articles/247846,clamav,2007-09-01
DSA-1365-1,https://lwn.net/Articles/247845,id3lib3.8.3,2007-09-01
DSA-1363-1,https://lwn.net/Articles/247837,linux-2.6,2007-08-31
DSA-1362,https://lwn.net/Articles/247513,lighttpd,2007-08-29
DSA-1361,https://lwn.net/Articles/247512,postfix-policyd,2007-08-29
DSA-1359-1,https://lwn.net/Articles/247268,dovecot,2007-08-28
DSA-1360,https://lwn.net/Articles/247269,rsync,2007-08-28
DSA-1358-1,https://lwn.net/Articles/246952,asterisk,2007-08-26
DSA-1357-1,https://lwn.net/Articles/246120,kdegraphics,2007-08-19
DSA-1356-1,https://lwn.net/Articles/245793,linux-2.6,2007-08-15
DSA-1355-1,https://lwn.net/Articles/245517,kdegraphics,2007-08-13
DSA-1354-1,https://lwn.net/Articles/245408,gpdf,2007-08-13
DSA-1353-1,https://lwn.net/Articles/245398,tcpdump,2007-08-11
DSA-1351-1,https://lwn.net/Articles/244765,bochs,2007-08-07
DSA-1352-1,https://lwn.net/Articles/244766,pdfkit.framework,2007-08-07
DSA-1350-1,https://lwn.net/Articles/244606,tetex-bin,2007-08-06
DSA-1349-1,https://lwn.net/Articles/244507,libextractor,2007-08-05
DSA-1345-1,https://lwn.net/Articles/244502,xulrunner,2007-08-04
DSA-1346-1,https://lwn.net/Articles/244503,iceape,2007-08-04
DSA-1347-1,https://lwn.net/Articles/244504,xpdf,2007-08-04
DSA-1348-1,https://lwn.net/Articles/244505,poppler,2007-08-04
DSA-1344-1,https://lwn.net/Articles/244242,iceweasel,2007-08-03
DSA-1343-1,https://lwn.net/Articles/243935,file,2007-07-31
DSA-1342-1,https://lwn.net/Articles/243769,xfs,2007-07-30
DSA-1341-2,https://lwn.net/Articles/243244,bind9,2007-07-25
DSA-1341-1,https://lwn.net/Articles/243221,bind9,2007-07-25
DSA-1340-1,https://lwn.net/Articles/242708,clamav,2007-07-24
DSA-1339-1,https://lwn.net/Articles/242706,iceape,2007-07-23
DSA-1338-1,https://lwn.net/Articles/242616,iceweasel,2007-07-23
DSA-1337-1,https://lwn.net/Articles/242584,xulrunner,2007-07-22
DSA-1336-1,https://lwn.net/Articles/242583,mozilla-firefox,2007-07-22
DSA-1335-1,https://lwn.net/Articles/242256,gimp,2007-07-18
DSA-1333,https://lwn.net/Articles/242254,libcurl3-gnutls,2007-07-18
DSA-1334,https://lwn.net/Articles/242255,freetype,2007-07-18
DSA-1332-1,https://lwn.net/Articles/241198,vlc,2007-07-09
DSA-1331-1,https://lwn.net/Articles/240998,php4,2007-07-07
DSA-1330-1,https://lwn.net/Articles/240997,php5,2007-07-07
DSA-1329-1,https://lwn.net/Articles/240856,gfax,2007-07-05
DSA-1326,https://lwn.net/Articles/240412,fireflier-server,2007-07-01
DSA-1327,https://lwn.net/Articles/240413,gsambad,2007-07-01
DSA-1328,https://lwn.net/Articles/240414,unicon-imc2,2007-07-01
DSA-1325-1,https://lwn.net/Articles/240269,evolution,2007-06-29
DSA-1323-1,https://lwn.net/Articles/240263,krb5,2007-06-28
DSA-1324,https://lwn.net/Articles/240264,hiki,2007-06-28
DSA-1322-1,https://lwn.net/Articles/240141,wireshark,2007-06-27
DSA-1317-1,https://lwn.net/Articles/239716,tinymux,2007-06-23
DSA-1319-1,https://lwn.net/Articles/239718,maradns,2007-06-23
DSA-1321-1,https://lwn.net/Articles/239719,evolution-data-server,2007-06-23
DSA-1320-1,https://lwn.net/Articles/239720,clamav,2007-06-23
DSA-1318-1,https://lwn.net/Articles/239714,ekg,2007-06-22
DSA 1316-1,https://lwn.net/Articles/239271,emacs21,2007-06-21
DSA-1313-1,https://lwn.net/Articles/239047,mplayer,2007-06-19
DSA-1314-1,https://lwn.net/Articles/239048,open-iscsi,2007-06-19
DSA-1315-1,https://lwn.net/Articles/239049,libphp-phpmailer,2007-06-19
DSA-1312-1,https://lwn.net/Articles/238741,libapache-mod-jk,2007-06-18
DSA-1311-1,https://lwn.net/Articles/238740,postgresql-7.4,2007-06-17
DSA-1304-1,https://lwn.net/Articles/238736,kernel-source-2.6.8,2007-06-16
DSA-1309-1,https://lwn.net/Articles/238737,postgresql-8.1,2007-06-16
DSA-1310-1,https://lwn.net/Articles/238739,libexif,2007-06-16
DSA-1308-1,https://lwn.net/Articles/238311,iceweasel,2007-06-14
DSA-1305-1,https://lwn.net/Articles/238071,icedove,2007-06-13
DSA-1306-1,https://lwn.net/Articles/237893,xulrunner,2007-06-12
DSA-1307-1,https://lwn.net/Articles/238070,openoffice.org,2007-06-12
DSA-1302-1,https://lwn.net/Articles/237708,freetype,2007-06-10
DSA-1303-1,https://lwn.net/Articles/237707,lighttpd,2007-06-10
DSA-1301-1,https://lwn.net/Articles/237703,gimp,2007-06-09
DSA-1299-1,https://lwn.net/Articles/237480,ipsec-tools,2007-06-07
DSA-1300-1,https://lwn.net/Articles/237481,iceape,2007-06-07
DSA-1291-4,https://lwn.net/Articles/236922,samba,2007-06-04
DSA-1298-1,https://lwn.net/Articles/235958,otrs2,2007-05-28
DSA-1297-1,https://lwn.net/Articles/235660,gforge-plugin-scmcvs,2007-05-24
DSA-1281-2,https://lwn.net/Articles/235207,clamav,2007-05-21
DSA-1296-1,https://lwn.net/Articles/235209,php4,2007-05-21
DSA-1291-3,https://lwn.net/Articles/235330,samba,2007-05-20
DSA-1295-1,https://lwn.net/Articles/235169,php5,2007-05-19
DSA-1294-1,https://lwn.net/Articles/234987,xfree86,2007-05-17
DSA-1293-1,https://lwn.net/Articles/234853,quagga,2007-05-17
DSA-1292-1,https://lwn.net/Articles/234626,qt4-x11,2007-05-15
DSA-1291-1,https://lwn.net/Articles/234456,samba,2007-05-15
DSA-1291-2,https://lwn.net/Articles/234855,samba,2007-05-15
DSA-1290-1,https://lwn.net/Articles/234259,squirrelmail,2007-05-13
DSA-1289-1,https://lwn.net/Articles/234255,linux-2.6,2007-05-13
DSA-1288-1,https://lwn.net/Articles/233609,pptpd,2007-05-08
DSA-1287-1,https://lwn.net/Articles/233302,ldap-account-manager,2007-05-07
DSA-1286-1,https://lwn.net/Articles/232995,linux-2.6,2007-05-02
DSA-1285-1,https://lwn.net/Articles/232720,wordpress,2007-05-01
DSA-1284-1,https://lwn.net/Articles/232470,qemu,2007-05-01
DSA-1283-1,https://lwn.net/Articles/232331,php5,2007-04-29
DSA-1282-1,https://lwn.net/Articles/232132,php4,2007-04-26
DSA-1281-1,https://lwn.net/Articles/232014,clamav,2007-04-25
DSA-1280-1,https://lwn.net/Articles/231826,aircrack-ng,2007-04-24
DSA-1279-1,https://lwn.net/Articles/231513,webcalendar,2007-04-22
DSA-1278-1,https://lwn.net/Articles/229487,man-db,2007-04-06
DSA-1277-1,https://lwn.net/Articles/229351,xmms,2007-04-04
DSA-1276-1,https://lwn.net/Articles/229100,krb5,2007-04-03
DSA-1274-1,https://lwn.net/Articles/228839,file,2007-04-02
DSA-1275-1,https://lwn.net/Articles/228994,zope2.7,2007-04-02
DSA-1270-2,https://lwn.net/Articles/228175,openoffice.org,2007-03-28
DSA-1273-1,https://lwn.net/Articles/228170,nas,2007-03-27
DSA-1272-1,https://lwn.net/Articles/227540,tcpdump,2007-03-22
DSA-1271-1,https://lwn.net/Articles/227101,openafs,2007-03-20
DSA-1270-1,https://lwn.net/Articles/227100,openoffice.org,2007-03-20
DSA-1269-1,https://lwn.net/Articles/226643,lookup-el,2007-03-18
DSA-1268-1,https://lwn.net/Articles/226641,libwpd,2007-03-17
DSA-1267-1,https://lwn.net/Articles/226435,webcalendar,2007-03-15
DSA-1266-1,https://lwn.net/Articles/226006,gnupg,2007-03-13
DSA-1265-1,https://lwn.net/Articles/225609,mozilla,2007-03-10
DSA-1264-1,https://lwn.net/Articles/225280,php4,2007-03-07
DSA-1263-1,https://lwn.net/Articles/225029,clamav,2007-03-06
DSA-1262-1,https://lwn.net/Articles/224722,gnomemeeting,2007-03-04
DSA-1261-1,https://lwn.net/Articles/222517,postgresql,2007-02-15
DSA-1260-1,https://lwn.net/Articles/222338,imagemagick,2007-02-14
DSA-1259-1,https://lwn.net/Articles/222337,fetchmail,2007-02-14
DSA-1258-1,https://lwn.net/Articles/221070,mozilla-firefox,2007-02-07
DSA-1257-1,https://lwn.net/Articles/220855,samba,2007-02-05
DSA-1255-1,https://lwn.net/Articles/220207,libgtop2,2007-01-31
DSA-1256-1,https://lwn.net/Articles/220214,gtk+2.0,2007-01-31
DSA-1254-1,https://lwn.net/Articles/219583,bind9,2007-01-27
DSA-1252-1,https://lwn.net/Articles/219578,vlc,2007-01-27
DSA-1251-1,https://lwn.net/Articles/218553,netrik,2007-01-21
DSA-1250-1,https://lwn.net/Articles/217955,cacti,2007-01-17
DSA-1249-1,https://lwn.net/Articles/217749,xfree86,2007-01-15
DSA-1248-1,https://lwn.net/Articles/217431,libsoup,2007-01-12
DSA-1246-1,https://lwn.net/Articles/216736,openoffice.org,2007-01-08
DSA-1247-1,https://lwn.net/Articles/216738,libapache-mod-auth-kerb,2007-01-08
DSA-1243-1,https://lwn.net/Articles/215700,evince,2006-12-28
DSA-1244-1,https://lwn.net/Articles/215701,xine-lib,2006-12-28
DSA-1242-1,https://lwn.net/Articles/215698,elog,2006-12-27
DSA-1214-2,https://lwn.net/Articles/215699,gv,2006-12-27
DSA-1241-1,https://lwn.net/Articles/215573,squirrelmail,2006-12-25
DSA-1240-1,https://lwn.net/Articles/215211,links2,2006-12-21
DSA-1239-1,https://lwn.net/Articles/214711,sql-ledger,2006-12-17
DSA-1237-1,https://lwn.net/Articles/214709,kernel-source-2.4.27,2006-12-17
DSA-1238-1,https://lwn.net/Articles/214710,clamav,2006-12-17
DSA-1234-1,https://lwn.net/Articles/213929,ruby1.6,2006-12-13
DSA-1235-1,https://lwn.net/Articles/213930,ruby1.8,2006-12-13
DSA-1236-1,https://lwn.net/Articles/213932,enemies-of-carlotta,2006-12-13
DSA-1233-1,https://lwn.net/Articles/213614,kernel-source-2.6.8,2006-12-10
DSA-1231-1,https://lwn.net/Articles/213606,gnupg,2006-12-09
DSA-1232-1,https://lwn.net/Articles/213607,clamav,2006-12-09
DSA-1230-1,https://lwn.net/Articles/213358,l2tpns,2006-12-08
DSA-1229-1,https://lwn.net/Articles/212949,asterisk,2006-12-06
DSA-1228-1,https://lwn.net/Articles/212945,elinks,2006-12-05
DSA-1227-1,https://lwn.net/Articles/212563,mozilla-thunderbird,2006-12-04
DSA-1225-2,https://lwn.net/Articles/212561,mozilla-firefox,2006-12-03
DSA-1224-1,https://lwn.net/Articles/212558,mozilla,2006-12-03
DSA-1225-1,https://lwn.net/Articles/212560,mozilla-firefox,2006-12-03
DSA-1226-1,https://lwn.net/Articles/212562,links,2006-12-03
DSA-1205-2,https://lwn.net/Articles/212296,thttpd,2006-12-01
DSA-1222-2,https://lwn.net/Articles/212309,proftpd,2006-12-01
DSA-1223-1,https://lwn.net/Articles/212304,tar,2006-12-01
DSA-1222-1,https://lwn.net/Articles/212110,proftpd,2006-11-30
DSA-1221-1,https://lwn.net/Articles/212108,libgsf,2006-11-30
DSA-1219-1,https://lwn.net/Articles/211212,texinfo,2006-11-27
DSA-1220-1,https://lwn.net/Articles/211190,pstotext,2006-11-26
DSA-1218-1,https://lwn.net/Articles/210564,proftpd,2006-11-21
DSA-1215-1,https://lwn.net/Articles/210527,xine-lib,2006-11-20
DSA-1217-1,https://lwn.net/Articles/210529,linux-ftpd,2006-11-20
DSA-1216-1,https://lwn.net/Articles/210528,flexbackup,2006-11-20
DSA-1214-1,https://lwn.net/Articles/210526,gv,2006-11-20
DSA-1207-2,https://lwn.net/Articles/210281,phpmyadmin,2006-11-19
DSA-1213-1,https://lwn.net/Articles/210280,imagemagick,2006-11-19
DSA-1212-1,https://lwn.net/Articles/209553,openssh,2006-11-15
DSA-1210-1,https://lwn.net/Articles/209265,mozilla-firefox,2006-11-14
DSA-1211-1,https://lwn.net/Articles/209552,pdns,2006-11-14
DSA-1209-2,https://lwn.net/Articles/209259,trac,2006-11-12
DSA-1209-1,https://lwn.net/Articles/209033,trac,2006-11-12
DSA-1208-1,https://lwn.net/Articles/209029,bugzilla,2006-11-11
DSA-1207-1,https://lwn.net/Articles/208568,phpmyadmin,2006-11-09
DSA-1206-1,https://lwn.net/Articles/207898,php4,2006-11-06
DSA-1204-1,https://lwn.net/Articles/207616,ingo1,2006-11-02
DSA-1205-1,https://lwn.net/Articles/207632,thttpd,2006-11-02
DSA-1203-1,https://lwn.net/Articles/207615,libpam-ldap,2006-11-02
DSA-1201-1,https://lwn.net/Articles/207624,ethereal,2006-10-31
DSA-1202-1,https://lwn.net/Articles/207064,screen,2006-10-31
DSA-1200-1,https://lwn.net/Articles/207623,qt-x11-free,2006-10-30
DSA-1199-1,https://lwn.net/Articles/205809,webmin,2006-10-23
DSA-1196-1,https://lwn.net/Articles/205154,clamav,2006-10-19
DSA-1166-2,https://lwn.net/Articles/204270,cheesetracker,2006-10-13
DSA-1195-1,https://lwn.net/Articles/203896,openssl096,2006-10-10
DSA-1193-1,https://lwn.net/Articles/203572,xfree86,2006-10-09
DSA-1194-1,https://lwn.net/Articles/203713,libwmf,2006-10-09
DSA-1192-1,https://lwn.net/Articles/203343,mozilla,2006-10-06
DSA-1191-1,https://lwn.net/Articles/203107,mozilla-thunderbird,2006-10-05
DSA-1188-1,https://lwn.net/Articles/202830,mailman,2006-10-04
DSA-1190-1,https://lwn.net/Articles/203110,maxdb-7.5.00,2006-10-04
DSA-1189-1,https://lwn.net/Articles/203113,openssh-krb5,2006-10-04
DSA-1185-2,https://lwn.net/Articles/202634,openssl,2006-10-02
DSA-1187-1,https://lwn.net/Articles/202289,migrationtools,2006-09-30
DSA-1186-1,https://lwn.net/Articles/202287,cscope,2006-09-30
DSA-1185-1,https://lwn.net/Articles/201925,openssl,2006-09-28
DSA-1184-2,https://lwn.net/Articles/201119,kernel-source-2.6.8,2006-09-26
DSA-1183-1,https://lwn.net/Articles/200890,kernel-source-2.4.27,2006-09-25
DSA-1184-1,https://lwn.net/Articles/200892,kernel-source-2.6.8,2006-09-25
DSA-1182-1,https://lwn.net/Articles/200436,gnutls11,2006-09-22
DSA-1180-1,https://lwn.net/Articles/200053,bomberclone,2006-09-19
DSA-1179-1,https://lwn.net/Articles/200047,alsaplayer,2006-09-19
DSA-1181-1,https://lwn.net/Articles/200186,gzip,2006-09-19
DSA-1178-1,https://lwn.net/Articles/199854,freetype,2006-09-16
DSA-1177-1,https://lwn.net/Articles/199709,usermin,2006-09-15
DSA-1160-2,https://lwn.net/Articles/199688,mozilla,2006-09-15
DSA-1161-2,https://lwn.net/Articles/199360,mozilla-firefox,2006-09-13
DSA-1175-1,https://lwn.net/Articles/199361,isakmpd,2006-09-13
DSA-1176-1,https://lwn.net/Articles/199560,zope2.7,2006-09-13
DSA-1174-1,https://lwn.net/Articles/199085,openssl096,2006-09-11
DSA-1173-1,https://lwn.net/Articles/199068,openssl,2006-09-10
DSA-1172-1,https://lwn.net/Articles/199067,bind9,2006-09-09
DSA-1159-2,https://lwn.net/Articles/198827,mozilla-thunderbird,2006-09-08
DSA-1171-1,https://lwn.net/Articles/198825,ethereal,2006-09-07
DSA-1170-1,https://lwn.net/Articles/198514,gcc-3.4,2006-09-06
DSA-1169-1,https://lwn.net/Articles/198280,mysql-dfsg-4.1,2006-09-05
DSA-1168-1,https://lwn.net/Articles/198279,imagemagick,2006-09-04
DSA-1166-1,https://lwn.net/Articles/198180,cheesetracker,2006-09-03
DSA-1165-1,https://lwn.net/Articles/197999,capi4hylafax,2006-09-01
DSA-1164-1,https://lwn.net/Articles/197736,sendmail,2006-08-31
DSA-1162-1,https://lwn.net/Articles/197564,libmusicbrainz-2.0,2006-08-30
DSA-1163-1,https://lwn.net/Articles/197562,gtetrinet,2006-08-30
DSA-1161-1,https://lwn.net/Articles/197411,mozilla-firefox,2006-08-29
DSA-1160-1,https://lwn.net/Articles/197397,mozilla,2006-08-29
DSA-1159-1,https://lwn.net/Articles/197280,mozilla-thunderbird,2006-08-28
DSA-1156-1,https://lwn.net/Articles/197277,kdebase,2006-08-27
DSA-1157-1,https://lwn.net/Articles/197278,ruby1.8,2006-08-27
DSA-1158-1,https://lwn.net/Articles/197279,streamripper,2006-08-25
DSA-1155-1,https://lwn.net/Articles/196916,sendmail,2006-08-24
DSA-1155-2,https://lwn.net/Articles/196917,sendmail,2006-08-24
DSA-1154-1,https://lwn.net/Articles/196411,squirrelmail,2006-08-20
DSA-1152-1,https://lwn.net/Articles/196132,trac,2006-08-18
DSA-1153-1,https://lwn.net/Articles/196147,clamav,2006-08-18
DSA-1151-1,https://lwn.net/Articles/195592,heartbeat,2006-08-15
DSA-1150-1,https://lwn.net/Articles/195319,shadow,2006-08-12
DSA-1149-1,https://lwn.net/Articles/194899,ncompress,2006-08-10
DSA-1146-1,https://lwn.net/Articles/194685,krb5,2006-08-09
DSA-1148-1,https://lwn.net/Articles/194903,gallery,2006-08-09
DSA-1147-1,https://lwn.net/Articles/194902,drupal,2006-08-09
DSA-1145-1,https://lwn.net/Articles/194509,freeradius,2006-08-08
DSA-1144-1,https://lwn.net/Articles/194398,chmlib,2006-08-07
DSA-1142-1,https://lwn.net/Articles/194217,freeciv,2006-08-04
DSA-1143-1,https://lwn.net/Articles/194221,dhcp,2006-08-04
DSA-1141-1,https://lwn.net/Articles/194216,gnupg2,2006-08-04
DSA-1139-1,https://lwn.net/Articles/194118,ruby1.6,2006-08-03
DSA-1140-1,https://lwn.net/Articles/194119,gnupg,2006-08-03
DSA-1137-1,https://lwn.net/Articles/194061,tiff,2006-08-02
DSA-1134-1,https://lwn.net/Articles/193839,mozilla-thunderbird,2006-08-02
DSA-1138-1,https://lwn.net/Articles/194062,cfs,2006-08-02
DSA-1136-1,https://lwn.net/Articles/193843,gpdf,2006-08-02
DSA-1135-1,https://lwn.net/Articles/193840,libtunepimp,2006-08-02
DSA-1133-1,https://lwn.net/Articles/193835,mantis,2006-08-01
DSA-1131-1,https://lwn.net/Articles/193687,apache,2006-08-01
DSA-1130-1,https://lwn.net/Articles/193692,sitebar,2006-07-30
DSA-1128-1,https://lwn.net/Articles/193271,heartbeat,2006-07-28
DSA-1127-1,https://lwn.net/Articles/193269,ethereal,2006-07-28
DSA-1129-1,https://lwn.net/Articles/193300,orisis,2006-07-28
DSA-1126-1,https://lwn.net/Articles/193085,asterisk,2006-07-27
DSA-1125-2,https://lwn.net/Articles/193258,drupal,2006-07-27
DSA-1125-1,https://lwn.net/Articles/193084,drupal,2006-07-26
DSA-1111-2,https://lwn.net/Articles/193083,kernel-source-2.6.8,2006-07-26
DSA-1124-1,https://lwn.net/Articles/192579,fbi,2006-07-24
DSA-1123-1,https://lwn.net/Articles/192575,libdumb,2006-07-24
DSA-1121-1,https://lwn.net/Articles/192552,postgrey,2006-07-24
DSA-1120-1,https://lwn.net/Articles/192551,mozilla-firefox,2006-07-23
DSA-1119-1,https://lwn.net/Articles/192545,hiki,2006-07-22
DSA-1118-1,https://lwn.net/Articles/192544,mozilla,2006-07-22
DSA-1116-1,https://lwn.net/Articles/192334,gimp,2006-07-21
DSA-1117-1,https://lwn.net/Articles/192335,libgd2,2006-07-21
DSA-1115-1,https://lwn.net/Articles/192318,gnupg2,2006-07-21
DSA-1114-1,https://lwn.net/Articles/192317,hashcash,2006-07-21
DSA-1112-1,https://lwn.net/Articles/191753,mysql-dfsg-4.1,2006-07-18
DSA-1113-1,https://lwn.net/Articles/191903,zope2.7,2006-07-18
DSA-1109-1,https://lwn.net/Articles/191585,rssh,2006-07-16
DSA-1110-1,https://lwn.net/Articles/191586,samba,2006-07-16
DSA-1111-1,https://lwn.net/Articles/191587,kernel-source-2.6.8,2006-07-16
DSA-1108-1,https://lwn.net/Articles/190951,mutt,2006-07-11
DSA-1106-1,https://lwn.net/Articles/190788,ppp,2006-07-10
DSA-1107-1,https://lwn.net/Articles/190789,gnupg,2006-07-10
DSA-1105-1,https://lwn.net/Articles/190523,xine-lib,2006-07-07
DSA-1104-2,https://lwn.net/Articles/190329,openoffice.org,2006-07-06
DSA-1104-1,https://lwn.net/Articles/189739,openoffice.org,2006-06-30
DSA-1103-1,https://lwn.net/Articles/189342,kernel-source-2.6.8,2006-06-27
DSA-1102-1,https://lwn.net/Articles/189189,pinball,2006-06-26
DSA-1101-1,https://lwn.net/Articles/188989,courier,2006-06-23
DSA-1100-1,https://lwn.net/Articles/187973,wv2,2006-06-15
DSA-1098-1,https://lwn.net/Articles/187972,horde3,2006-06-14
DSA-1099-1,https://lwn.net/Articles/187996,horde2,2006-06-14
DSA-1097-1,https://lwn.net/Articles/187971,kernel-source-2.4.27,2006-06-14
DSA-1096-1,https://lwn.net/Articles/187503,webcalendar,2006-06-13
DSA-1095-1,https://lwn.net/Articles/187242,freetype,2006-06-10
DSA-1093-1,https://lwn.net/Articles/186946,xine-ui,2006-06-08
DSA-1094-1,https://lwn.net/Articles/186948,gforge,2006-06-08
DSA-1091-1,https://lwn.net/Articles/186801,tiff,2006-06-08
DSA-1092-1,https://lwn.net/Articles/186790,mysql-dfsg-4.1,2006-06-08
DSA-1090-1,https://lwn.net/Articles/186444,spamassassin,2006-06-06
DSA-1088-1,https://lwn.net/Articles/186276,centericq,2006-06-03
DSA-1089-1,https://lwn.net/Articles/186277,freeradius,2006-06-03
DSA-1087-1,https://lwn.net/Articles/186275,postgresql,2006-06-03
DSA-1086-1,https://lwn.net/Articles/186063,xmcd,2006-06-02
DSA-1085-1,https://lwn.net/Articles/185929,lynx-ssl,2006-06-01
DSA-1083-1,https://lwn.net/Articles/185784,motor,2006-05-31
DSA-1084-1,https://lwn.net/Articles/185785,typespeed,2006-05-31
DSA-1081-1,https://lwn.net/Articles/185482,libextractor,2006-05-29
DSA-1080-1,https://lwn.net/Articles/185481,dovecot,2006-05-29
DSA-1082-1,https://lwn.net/Articles/185647,kernel-image-2.4.17,2006-05-29
DSA-1079-1,https://lwn.net/Articles/185480,mysql-dfsg,2006-05-29
DSA-1078-1,https://lwn.net/Articles/185400,tiff,2006-05-27
DSA-1076-1,https://lwn.net/Articles/185289,lynx,2006-05-26
DSA-1075-1,https://lwn.net/Articles/185288,awstats,2006-05-26
DSA-1077-1,https://lwn.net/Articles/185294,lynx-ssl,2006-05-26
DSA-1074-1,https://lwn.net/Articles/184915,mpg123,2006-05-24
DSA-1071-1,https://lwn.net/Articles/184585,mysql,2006-05-22
DSA-1072-1,https://lwn.net/Articles/184622,nagios,2006-05-22
DSA-1073-1,https://lwn.net/Articles/184623,mysql-dfsg-4.1,2006-05-22
DSA-1070-1,https://lwn.net/Articles/184579,kernel-source-2.4.19,2006-05-21
DSA-1069-1,https://lwn.net/Articles/184580,kernel-source-2.4.18,2006-05-20
DSA-1068-1,https://lwn.net/Articles/184578,fbi,2006-05-20
DSA-1067-1,https://lwn.net/Articles/184576,kernel-source-2.4.16,2006-05-20
DSA-1066-1,https://lwn.net/Articles/184574,phpbb2,2006-05-20
DSA-1062-1,https://lwn.net/Articles/184572,kphone,2006-05-19
DSA-1065-1,https://lwn.net/Articles/184575,hostapd,2006-05-19
DSA-1061-1,https://lwn.net/Articles/184570,popfile,2006-05-19
DSA-1060-1,https://lwn.net/Articles/184566,kernel-patch-vserver,2006-05-19
DSA-1059-1,https://lwn.net/Articles/184427,quagga,2006-05-19
DSA-1064-1,https://lwn.net/Articles/184577,cscope,2006-05-19
DSA-1058-1,https://lwn.net/Articles/184413,awstats,2006-05-18
DSA-1056-1,https://lwn.net/Articles/183678,webcalendar,2006-05-15
DSA-1057-1,https://lwn.net/Articles/183679,phpldapadmin,2006-05-15
DSA-1055-1,https://lwn.net/Articles/183245,mozilla-firefox,2006-05-11
DSA-1053-1,https://lwn.net/Articles/182931,mozilla,2006-05-09
DSA-1054-1,https://lwn.net/Articles/182932,tiff,2006-05-09
DSA-1052-1,https://lwn.net/Articles/182778,cgiirc,2006-05-08
DSA-1063-1,https://lwn.net/Articles/184573,phpgroupware,2006-05-08
DSA-1051-1,https://lwn.net/Articles/182524,mozilla-thunderbird,2006-05-04
DSA-1050-1,https://lwn.net/Articles/182349,clamav,2006-05-02
DSA-1049-1,https://lwn.net/Articles/182159,ethereal,2006-05-02
DSA-1048-1,https://lwn.net/Articles/182039,asterisk,2006-05-01
DSA-1047-1,https://lwn.net/Articles/182037,resmgr,2006-04-30
DSA-1046-1,https://lwn.net/Articles/181742,mozilla,2006-04-27
DSA-1045-1,https://lwn.net/Articles/181741,openvpn,2006-04-27
DSA-1044-1,https://lwn.net/Articles/181532,mozilla-firefox,2006-04-26
DSA-1043-1,https://lwn.net/Articles/181530,abcmidi,2006-04-26
DSA-1041-1,https://lwn.net/Articles/181288,abc2ps,2006-04-25
DSA-1042-1,https://lwn.net/Articles/181313,cyrus-sasl2,2006-04-25
DSA-1039-1,https://lwn.net/Articles/181109,blender,2006-04-24
DSA-1040-1,https://lwn.net/Articles/181110,gdm,2006-04-24
DSA-1038-1,https://lwn.net/Articles/181104,xzgv,2006-04-22
DSA-1037-1,https://lwn.net/Articles/180990,zgv,2006-04-21
DSA-1036-1,https://lwn.net/Articles/180145,bsdgames,2006-04-17
DSA-1034-1,https://lwn.net/Articles/179957,horde2,2006-04-14
DSA-1033-1,https://lwn.net/Articles/179790,horde3,2006-04-12
DSA-1032-1,https://lwn.net/Articles/179585,zope-cmfplone,2006-04-12
DSA-1030-1,https://lwn.net/Articles/179212,moodle,2006-04-08
DSA-1029-1,https://lwn.net/Articles/179211,libphp-adodb,2006-04-08
DSA-1031-1,https://lwn.net/Articles/179213,cacti,2006-04-08
DSA-946-2,https://lwn.net/Articles/179214,sudo,2006-04-08
DSA-1026-1,https://lwn.net/Articles/178862,sash,2006-04-06
DSA-1025-1,https://lwn.net/Articles/178860,dia,2006-04-06
DSA-1027-1,https://lwn.net/Articles/178861,mailman,2006-04-06
DSA-1023-1,https://lwn.net/Articles/178605,kaffeine,2006-04-05
DSA-1018-2,https://lwn.net/Articles/178604,kernel-source-2.4.27,2006-04-05
DSA-1024-1,https://lwn.net/Articles/178857,clamav,2006-04-05
DSA-1022-1,https://lwn.net/Articles/178383,storebackup,2006-04-04
DSA-1000-2,https://lwn.net/Articles/178212,libapreq2-perl,2006-04-03
DSA-1021-1,https://lwn.net/Articles/177473,netpbm-free,2006-03-28
DSA-1020-1,https://lwn.net/Articles/177471,flex,2006-03-28
DSA-1018-1,https://lwn.net/Articles/177012,kernel-source-2.4.27,2006-03-26
DSA-1019-1,https://lwn.net/Articles/177011,koffice,2006-03-24
DSA-1015-1,https://lwn.net/Articles/176855,sendmail,2006-03-23
DSA-1017-1,https://lwn.net/Articles/177008,kernel-source-2.6.8,2006-03-23
DSA-1014-1,https://lwn.net/Articles/176854,firebird2,2006-03-23
DSA-1016-1,https://lwn.net/Articles/176857,evolution,2006-03-23
DSA-1013-1,https://lwn.net/Articles/176667,snmptrapfmt,2006-03-22
DSA-1012-1,https://lwn.net/Articles/176445,unzip,2006-03-21
DSA-1009-1,https://lwn.net/Articles/176246,crossfire,2006-03-21
DSA-1011-1,https://lwn.net/Articles/176450,kernel-patch-vserver,2006-03-21
DSA-1010-1,https://lwn.net/Articles/176248,ilohamail,2006-03-20
DSA-960-3,https://lwn.net/Articles/176245,libmail-audit-perl,2006-03-20
DSA-1008-1,https://lwn.net/Articles/175995,kdegraphics,2006-03-17
DSA-1007-1,https://lwn.net/Articles/175993,drupal,2006-03-17
DSA-1004-1,https://lwn.net/Articles/175849,vlc,2006-03-16
DSA-1003-1,https://lwn.net/Articles/175848,xpvm,2006-03-16
DSA-1005-1,https://lwn.net/Articles/175991,xine-lib,2006-03-16
DSA-1002-1,https://lwn.net/Articles/175684,webcalendar,2006-03-15
DSA-999-1,https://lwn.net/Articles/175548,lurker,2006-03-14
DSA-998-1,https://lwn.net/Articles/175545,libextractor,2006-03-14
DSA-1001-1,https://lwn.net/Articles/175550,crossfire,2006-03-14
DSA-1000-1,https://lwn.net/Articles/175549,libapreq2-perl,2006-03-14
DSA-995-1,https://lwn.net/Articles/175382,metamail,2006-03-13
DSA-993-2,https://lwn.net/Articles/175387,gnupg,2006-03-13
DSA-997-1,https://lwn.net/Articles/175541,bomberclone,2006-03-13
DSA-994-1,https://lwn.net/Articles/175381,freeciv,2006-03-13
DSA-996-1,https://lwn.net/Articles/175386,libcrypt-cbc-perl,2006-03-13
DSA-993-1,https://lwn.net/Articles/175373,gnupg,2006-03-10
DSA-992-1,https://lwn.net/Articles/175119,ffmpeg,2006-03-10
DSA-991-1,https://lwn.net/Articles/175118,zoo,2006-03-10
DSA-919-2,https://lwn.net/Articles/175117,curl,2006-03-10
DSA-990-1,https://lwn.net/Articles/175116,bluez-hcidump,2006-03-10
DSA-989-1,https://lwn.net/Articles/174996,zoph,2006-03-09
DSA-988-1,https://lwn.net/Articles/174757,squirrelmail,2006-03-08
DSA-1028-1,https://lwn.net/Articles/179210,libimager-perl,2006-03-07
DSA-987-1,https://lwn.net/Articles/174621,tar,2006-03-07
DSA-985-1,https://lwn.net/Articles/174468,libtasn1-2,2006-03-06
DSA-986-1,https://lwn.net/Articles/174470,gnutls11,2006-03-06
DSA-984-1,https://lwn.net/Articles/174182,xpdf,2006-03-02
DSA-983-1,https://lwn.net/Articles/173809,pdftohtml,2006-02-28
DSA-982-1,https://lwn.net/Articles/173642,gpdf,2006-02-27
DSA-981-1,https://lwn.net/Articles/174181,bmv,2006-02-26
DSA-980-1,https://lwn.net/Articles/172969,tutos,2006-02-22
DSA-979-1,https://lwn.net/Articles/172463,pdfkit.framework,2006-02-17
DSA-978-1,https://lwn.net/Articles/172462,gnupg,2006-02-17
DSA-977-1,https://lwn.net/Articles/172372,heimdal,2006-02-16
DSA-974-1,https://lwn.net/Articles/172124,gpdf,2006-02-15
DSA-975-1,https://lwn.net/Articles/172125,nfs-user-server,2006-02-15
DSA-973-1,https://lwn.net/Articles/172119,otrs,2006-02-15
DSA-976-1,https://lwn.net/Articles/172127,libast,2006-02-15
DSA-972-1,https://lwn.net/Articles/172117,pdfkit.framework,2006-02-15
DSA-971-1,https://lwn.net/Articles/171943,xpdf,2006-02-14
DSA-970-1,https://lwn.net/Articles/171942,kronolith,2006-02-14
DSA-968-1,https://lwn.net/Articles/171780,noweb,2006-02-13
DSA-969-1,https://lwn.net/Articles/171781,scponly,2006-02-13
DSA-967-1,https://lwn.net/Articles/171517,elog,2006-02-10
DSA-966-1,https://lwn.net/Articles/171380,adzapper,2006-02-09
DSA-965-1,https://lwn.net/Articles/170747,ipsec-tools,2006-02-06
DSA-964-1,https://lwn.net/Articles/170584,gnocatan,2006-02-03
DSA-963-1,https://lwn.net/Articles/170389,mydns,2006-02-02
DSA-962-1,https://lwn.net/Articles/170187,pdftohtml,2006-02-01
DSA-961-1,https://lwn.net/Articles/170186,pdfkit.framework,2006-02-01
DSA-957-2,https://lwn.net/Articles/169951,imagemagick,2006-01-31
DSA-960-1,https://lwn.net/Articles/169952,libmail-audit-perl,2006-01-31
DSA-960-2,https://lwn.net/Articles/170185,libmail-audit-perl,2006-01-31
DSA-959-1,https://lwn.net/Articles/169774,unalz,2006-01-30
DSA-951-2,https://lwn.net/Articles/169761,trac,2006-01-30
DSA-958-1,https://lwn.net/Articles/169515,drupal,2006-01-27
DSA-1253-1,https://lwn.net/Articles/219579,mozilla-firefox,2006-01-27
DSA-957-1,https://lwn.net/Articles/169334,imagemagick,2006-01-26
DSA-956-1,https://lwn.net/Articles/169327,lsh-utils,2006-01-26
DSA-947-2,https://lwn.net/Articles/169116,clamav,2006-01-25
DSA-955-1,https://lwn.net/Articles/169117,mailman,2006-01-25
DSA-954-1,https://lwn.net/Articles/169115,wine,2006-01-25
DSA-953-1,https://lwn.net/Articles/168987,flyspray,2006-01-24
DSA-952-1,https://lwn.net/Articles/168830,libapache-auth-ldap,2006-01-23
DSA-951-1,https://lwn.net/Articles/168829,trac,2006-01-23
DSA-950-1,https://lwn.net/Articles/168828,cupsys,2006-01-23
DSA-947-1,https://lwn.net/Articles/168629,clamav,2006-01-21
DSA-949-1,https://lwn.net/Articles/168634,crawl,2006-01-20
DSA-946-1,https://lwn.net/Articles/168627,sudo,2006-01-20
DSA-944-1,https://lwn.net/Articles/168078,mantis,2006-01-17
DSA-945-1,https://lwn.net/Articles/168084,antiword,2006-01-17
DSA-943-1,https://lwn.net/Articles/167856,perl,2006-01-16
DSA-941-1,https://lwn.net/Articles/167853,tuxpaint,2006-01-16
DSA-942-1,https://lwn.net/Articles/167854,albatross,2006-01-16
DSA-940-1,https://lwn.net/Articles/167611,gpdf,2006-01-13
DSA-939-1,https://lwn.net/Articles/167610,fetchmail,2006-01-13
DSA-937-1,https://lwn.net/Articles/167486,tetex-bin,2006-01-12
DSA-903-2,https://lwn.net/Articles/167485,unzip,2006-01-12
DSA-938-1,https://lwn.net/Articles/167487,koffice,2006-01-12
DSA-936-1,https://lwn.net/Articles/167252,libextractor,2006-01-11
DSA-930-2,https://lwn.net/Articles/167008,smstools,2006-01-10
DSA-935-1,https://lwn.net/Articles/167009,libapache2-mod-auth-pgsql,2006-01-10
DSA-931-1,https://lwn.net/Articles/166876,xpdf,2006-01-09
DSA-933-1,https://lwn.net/Articles/167004,hylafax,2006-01-09
DSA-932-1,https://lwn.net/Articles/166877,xpdf,2006-01-09
DSA-934-1,https://lwn.net/Articles/167005,pound,2006-01-09
DSA-930-1,https://lwn.net/Articles/166858,smstools,2006-01-09
DSA-929-1,https://lwn.net/Articles/166857,petris,2006-01-09
DSA-1245-1,https://lwn.net/Articles/216735,proftpd,2006-01-07
DSA-927-2,https://lwn.net/Articles/165827,tkdiff,2005-12-29
DSA-927-1,https://lwn.net/Articles/165712,tkdiff,2005-12-27
DSA-928-1,https://lwn.net/Articles/165714,dhis-tools-dns,2005-12-27
DSA-926-1,https://lwn.net/Articles/165507,ketm,2005-12-23
DSA-926-2,https://lwn.net/Articles/165509,ketm,2005-12-23
DSA-925-1,https://lwn.net/Articles/165398,phpbb2,2005-12-22
DSA-924-1,https://lwn.net/Articles/165395,nbd,2005-12-21
DSA-923-1,https://lwn.net/Articles/164839,dropbear,2005-12-19
DSA-922-1,https://lwn.net/Articles/164492,kernel-source-2.4.27,2005-12-14
DSA-921-1,https://lwn.net/Articles/164213,kernel,2005-12-14
DSA-920-1,https://lwn.net/Articles/163822,ethereal,2005-12-13
DSA-919-1,https://lwn.net/Articles/163632,curl,2005-12-12
DSA-918-1,https://lwn.net/Articles/163471,osh,2005-12-09
DSA-917-1,https://lwn.net/Articles/163295,courier,2005-12-08
DSA-916-1,https://lwn.net/Articles/163092,inkscape,2005-12-07
DSA-915-1,https://lwn.net/Articles/162507,helix-player,2005-12-02
DSA-913-1,https://lwn.net/Articles/162402,gdk-pixbuf,2005-12-01
DSA-914-1,https://lwn.net/Articles/162403,horde2,2005-12-01
DSA-912-1,https://lwn.net/Articles/162251,centericq,2005-11-30
DSA-911-1,https://lwn.net/Articles/162002,gtk+2.0,2005-11-29
DSA-910-1,https://lwn.net/Articles/161612,zope2.7,2005-11-24
DSA-907-1,https://lwn.net/Articles/161420,ipmenu,2005-11-23
DSA-909-1,https://lwn.net/Articles/161423,horde3,2005-11-23
DSA-908-1,https://lwn.net/Articles/161421,sylpheed-claws,2005-11-23
DSA-900-3,https://lwn.net/Articles/161144,fetchmail,2005-11-22
DSA-906-1,https://lwn.net/Articles/161156,sylpheed,2005-11-22
DSA-905-1,https://lwn.net/Articles/161135,mantis,2005-11-22
DSA-902-1,https://lwn.net/Articles/160920,xmail,2005-11-21
DSA-811-2,https://lwn.net/Articles/160919,common-lisp-controller,2005-11-21
DSA-900-2,https://lwn.net/Articles/160921,fetchmail,2005-11-21
DSA-903-1,https://lwn.net/Articles/160922,unzip,2005-11-21
DSA-904-1,https://lwn.net/Articles/160939,netpbm-free,2005-11-21
DSA-901-1,https://lwn.net/Articles/160918,gnump3d,2005-11-19
DSA-900-1,https://lwn.net/Articles/160706,fetchmail,2005-11-18
DSA-898-1,https://lwn.net/Articles/160604,phpgroupware,2005-11-17
DSA-899-1,https://lwn.net/Articles/160605,egroupware,2005-11-17
DSA-897-1,https://lwn.net/Articles/160129,phpsysinfo,2005-11-15
DSA-896-1,https://lwn.net/Articles/160128,linux-ftpd-ssl,2005-11-15
DSA-894-1,https://lwn.net/Articles/159964,abiword,2005-11-14
DSA-895-1,https://lwn.net/Articles/159973,uim,2005-11-14
DSA-893-1,https://lwn.net/Articles/159963,acidlab,2005-11-14
DSA-892-1,https://lwn.net/Articles/159574,awstats,2005-11-10
DSA-804-2,https://lwn.net/Articles/159576,kdelibs,2005-11-10
DSA-891-1,https://lwn.net/Articles/159277,gpsdrive,2005-11-09
DSA-890-1,https://lwn.net/Articles/159278,libungif4,2005-11-09
DSA-889-1,https://lwn.net/Articles/159084,enigmail,2005-11-08
DSA-888-1,https://lwn.net/Articles/159006,openssl,2005-11-07
DSA-885-1,https://lwn.net/Articles/158965,openvpn,2005-11-07
DSA-809-3,https://lwn.net/Articles/158966,squid,2005-11-07
DSA-884-1,https://lwn.net/Articles/158964,horde3,2005-11-07
DSA-887-1,https://lwn.net/Articles/159005,clamav,2005-11-07
DSA-886-1,https://lwn.net/Articles/158967,chmlib,2005-11-07
DSA-881-1,https://lwn.net/Articles/158637,openssl096,2005-11-04
DSA-882-1,https://lwn.net/Articles/158639,openssl095,2005-11-04
DSA-883-1,https://lwn.net/Articles/158656,thttpd,2005-11-04
DSA-880-1,https://lwn.net/Articles/158139,phpmyadmin,2005-11-02
DSA-879-1,https://lwn.net/Articles/158137,gallery,2005-11-02
DSA-877-1,https://lwn.net/Articles/157551,gnump3d,2005-10-28
DSA-878-1,https://lwn.net/Articles/157553,netpbm-free,2005-10-28
DSA-876-1,https://lwn.net/Articles/157419,lynx-ssl,2005-10-27
DSA-875-1,https://lwn.net/Articles/157418,openssl094,2005-10-27
DSA-874-1,https://lwn.net/Articles/157417,lynx,2005-10-27
DSA-872-1,https://lwn.net/Articles/157167,koffice,2005-10-26
DSA-548-2,https://lwn.net/Articles/157168,imlib,2005-10-26
DSA-873-1,https://lwn.net/Articles/157177,net-snmp,2005-10-26
DSA-871-2,https://lwn.net/Articles/157087,libgda2,2005-10-25
DSA-870-1,https://lwn.net/Articles/157046,sudo,2005-10-25
DSA-871-1,https://lwn.net/Articles/157050,libgda2,2005-10-25
DSA-869-1,https://lwn.net/Articles/156635,eric,2005-10-21
DSA-866-1,https://lwn.net/Articles/156484,mozilla,2005-10-20
DSA-868-1,https://lwn.net/Articles/156491,mozilla-thunderbird,2005-10-20
DSA-867-1,https://lwn.net/Articles/156485,module-assistant,2005-10-20
DSA-865-1,https://lwn.net/Articles/155716,hylafax,2005-10-13
DSA-864-1,https://lwn.net/Articles/155715,ruby1.8,2005-10-13
DSA-863-1,https://lwn.net/Articles/155483,xine-lib,2005-10-12
DSA-860-1,https://lwn.net/Articles/155308,ruby,2005-10-11
DSA-862-1,https://lwn.net/Articles/155311,ruby1.8,2005-10-11
DSA-861-1,https://lwn.net/Articles/155310,uw-imap,2005-10-11
DSA-856-1,https://lwn.net/Articles/155101,py2play,2005-10-10
DSA-859-1,https://lwn.net/Articles/155155,xli,2005-10-10
DSA-858-1,https://lwn.net/Articles/155154,xloadimage,2005-10-10
DSA-855-1,https://lwn.net/Articles/155100,weex,2005-10-10
DSA-857-1,https://lwn.net/Articles/155102,graphviz,2005-10-10
DSA-851-1,https://lwn.net/Articles/155031,openvpn,2005-10-09
DSA-853-1,https://lwn.net/Articles/155033,ethereal,2005-10-09
DSA-852-1,https://lwn.net/Articles/155032,up-imapproxy,2005-10-09
DSA-850-1,https://lwn.net/Articles/155030,tcpdump,2005-10-09
DSA-854-1,https://lwn.net/Articles/155098,tcpdump,2005-10-09
DSA-849-1,https://lwn.net/Articles/155026,shorewall,2005-10-08
DSA-848-1,https://lwn.net/Articles/155025,masqmail,2005-10-08
DSA-847-1,https://lwn.net/Articles/155024,dia,2005-10-08
DSA-846-1,https://lwn.net/Articles/154953,cpio,2005-10-07
DSA-845-1,https://lwn.net/Articles/154842,mason,2005-10-06
DSA-844-1,https://lwn.net/Articles/154610,mod-auth-shadow,2005-10-05
DSA-843-1,https://lwn.net/Articles/154609,arc,2005-10-05
DSA-839-1,https://lwn.net/Articles/154387,apachetop,2005-10-04
DSA-833-2,https://lwn.net/Articles/154417,mysql-dfsg-4.1,2005-10-04
DSA-842-1,https://lwn.net/Articles/154393,egroupware,2005-10-04
DSA-841-1,https://lwn.net/Articles/154392,mailutils,2005-10-04
DSA-840-1,https://lwn.net/Articles/154389,drupal,2005-10-04
DSA-837-1,https://lwn.net/Articles/154200,mozilla-firefox,2005-10-02
DSA-838-1,https://lwn.net/Articles/154201,mozilla-firefox,2005-10-02
DSA-835-1,https://lwn.net/Articles/154198,cfengine,2005-10-01
DSA-836-1,https://lwn.net/Articles/154199,cfengine2,2005-10-01
DSA-834-1,https://lwn.net/Articles/154197,prozilla,2005-10-01
DSA-833-1,https://lwn.net/Articles/154196,mysql-dfsg-4.1,2005-10-01
DSA-829-1,https://lwn.net/Articles/153901,mysql,2005-09-30
DSA-831-1,https://lwn.net/Articles/153905,mysql-dfsg,2005-09-30
DSA-830-1,https://lwn.net/Articles/153902,ntlmaps,2005-09-30
DSA-828-1,https://lwn.net/Articles/153899,squid,2005-09-30
DSA-809-2,https://lwn.net/Articles/153900,squid,2005-09-30
DSA-832-1,https://lwn.net/Articles/153907,gopher,2005-09-30
DSA-826-1,https://lwn.net/Articles/153895,helix-player,2005-09-29
DSA-822-1,https://lwn.net/Articles/153785,gtkdiskfree,2005-09-29
DSA-823-1,https://lwn.net/Articles/153786,util-linux,2005-09-29
DSA-824-1,https://lwn.net/Articles/153788,clamav,2005-09-29
DSA-827-1,https://lwn.net/Articles/153898,backupninja,2005-09-29
DSA-825-1,https://lwn.net/Articles/153791,loop-aes-utils,2005-09-29
DSA-821-1,https://lwn.net/Articles/153513,python2.3,2005-09-28
DSA-797-2,https://lwn.net/Articles/153784,zsync,2005-09-28
DSA-820-1,https://lwn.net/Articles/153148,courier,2005-09-24
DSA-819-1,https://lwn.net/Articles/152914,python2.1,2005-09-23
DSA-818-1,https://lwn.net/Articles/152832,kdeedu,2005-09-22
DSA-817-1,https://lwn.net/Articles/152831,python2.2,2005-09-22
DSA-816-1,https://lwn.net/Articles/152830,xfree86,2005-09-19
DSA-815-1,https://lwn.net/Articles/152086,kdebase,2005-09-16
DSA-813-1,https://lwn.net/Articles/151951,centericq,2005-09-15
DSA-814-1,https://lwn.net/Articles/151952,lm-sensors,2005-09-15
DSA-812-1,https://lwn.net/Articles/151949,turqstat,2005-09-15
DSA-811-1,https://lwn.net/Articles/151645,common-lisp-controller,2005-09-14
DSA-810-1,https://lwn.net/Articles/151450,mozilla,2005-09-13
DSA-809-1,https://lwn.net/Articles/151444,squid,2005-09-13
DSA-807-1,https://lwn.net/Articles/151327,libapache-mod-ssl,2005-09-12
DSA-808-1,https://lwn.net/Articles/151328,tdiary,2005-09-12
DSA-806-1,https://lwn.net/Articles/151081,cvs,2005-09-09
DSA-803-1,https://lwn.net/Articles/150890,apache,2005-09-08
DSA-805-1,https://lwn.net/Articles/150881,apache2,2005-09-08
DSA-804-1,https://lwn.net/Articles/150891,kdelibs,2005-09-08
DSA-802-1,https://lwn.net/Articles/150692,cvs,2005-09-07
DSA-801-1,https://lwn.net/Articles/150389,ntp,2005-09-05
DSA-1167-1,https://lwn.net/Articles/198181,apache,2005-09-04
DSA-795-2,https://lwn.net/Articles/150385,proftpd,2005-09-02
DSA-798-1,https://lwn.net/Articles/150265,phpgroupware,2005-09-02
DSA-800-1,https://lwn.net/Articles/150266,pcre3,2005-09-02
DSA-779-2,https://lwn.net/Articles/150114,mozilla-firefox,2005-09-01
DSA-795-1,https://lwn.net/Articles/150261,proftpd,2005-09-01
DSA-797-1,https://lwn.net/Articles/150264,zsync,2005-09-01
DSA-794-1,https://lwn.net/Articles/150139,polygen,2005-09-01
DSA-796-1,https://lwn.net/Articles/150263,affix,2005-09-01
DSA-793-1,https://lwn.net/Articles/150112,courier,2005-09-01
DSA-792-1,https://lwn.net/Articles/149951,pstotext,2005-08-31
DSA-791-1,https://lwn.net/Articles/149728,maildrop,2005-08-30
DSA-790-1,https://lwn.net/Articles/149727,phpldapadmin,2005-08-30
DSA-789-1,https://lwn.net/Articles/149554,php4,2005-08-29
DSA-788-1,https://lwn.net/Articles/149553,kismet,2005-08-29
DSA-787-1,https://lwn.net/Articles/149367,backup-manager,2005-08-26
DSA-786-1,https://lwn.net/Articles/149366,simpleproxy,2005-08-26
DSA-785-1,https://lwn.net/Articles/149274,libpam-ldap,2005-08-25
DSA-784-1,https://lwn.net/Articles/149271,courier,2005-08-25
DSA-783-1,https://lwn.net/Articles/149024,mysql-dfsg-4.1,2005-08-24
DSA-781-1,https://lwn.net/Articles/148844,mozilla-thunderbird,2005-08-23
DSA-782-1,https://lwn.net/Articles/148842,bluez-utils,2005-08-23
DSA-780-1,https://lwn.net/Articles/148617,kdegraphics,2005-08-22
DSA-779-1,https://lwn.net/Articles/148614,mozilla-firefox,2005-08-20
DSA-778-1,https://lwn.net/Articles/148429,mantis,2005-08-19
DSA-777-1,https://lwn.net/Articles/148018,mozilla,2005-08-17
DSA-776-1,https://lwn.net/Articles/147862,clamav,2005-08-16
DSA-775-1,https://lwn.net/Articles/147681,mozilla,2005-08-15
DSA-761-2,https://lwn.net/Articles/147682,heartbeat,2005-08-15
DSA-774-1,https://lwn.net/Articles/147317,fetchmail,2005-08-12
DSA-773-1,https://lwn.net/Articles/147213,amd64,2005-08-11
DSA-772-1,https://lwn.net/Articles/146111,apt-cacher,2005-08-03
DSA-771-1,https://lwn.net/Articles/145685,pdns,2005-08-01
DSA-1132-1,https://lwn.net/Articles/193688,apache2,2005-08-01
DSA-770-1,https://lwn.net/Articles/145482,gopher,2005-07-29
DSA-769-1,https://lwn.net/Articles/145480,gaim,2005-07-29
DSA-767-1,https://lwn.net/Articles/145177,ekg,2005-07-27
DSA-768-1,https://lwn.net/Articles/145178,phpbb2,2005-07-27
DSA-766-1,https://lwn.net/Articles/145174,webcalendar,2005-07-26
DSA-1122-1,https://lwn.net/Articles/192572,libnet-server-perl,2005-07-24
DSA-765-1,https://lwn.net/Articles/145175,heimdal,2005-07-22
DSA-764-1,https://lwn.net/Articles/144572,cacti,2005-07-21
DSA-763-1,https://lwn.net/Articles/144571,zlib,2005-07-20
DSA-762-1,https://lwn.net/Articles/144198,affix,2005-07-19
DSA-761-1,https://lwn.net/Articles/144196,heartbeat,2005-07-19
DSA-760-1,https://lwn.net/Articles/144048,ekg,2005-07-18
DSA-759-1,https://lwn.net/Articles/144046,phppgadmin,2005-07-18
DSA-758-1,https://lwn.net/Articles/144045,heimdal,2005-07-18
DSA-757-1,https://lwn.net/Articles/144044,krb5,2005-07-17
DSA-754-1,https://lwn.net/Articles/143575,centericq,2005-07-13
DSA-746-1,https://lwn.net/Articles/143776,phpgroupware,2005-07-13
DSA-756-1,https://lwn.net/Articles/143581,squirrelmail,2005-07-13
DSA-755-1,https://lwn.net/Articles/143576,tiff,2005-07-13
DSA-753-1,https://lwn.net/Articles/143413,gedit,2005-07-12
DSA-751-1,https://lwn.net/Articles/143333,squid,2005-07-11
DSA-750-1,https://lwn.net/Articles/143329,dhcpcd,2005-07-11
DSA-752-1,https://lwn.net/Articles/143334,gzip,2005-07-11
DSA-747-1,https://lwn.net/Articles/143326,egroupware,2005-07-10
DSA-748-1,https://lwn.net/Articles/143330,ruby,2005-07-10
DSA-749-1,https://lwn.net/Articles/143327,ettercap,2005-07-10
DSA-745-1,https://lwn.net/Articles/143170,drupal,2005-07-10
DSA-743-1,https://lwn.net/Articles/143050,ht,2005-07-08
DSA-744-1,https://lwn.net/Articles/143051,fuse,2005-07-08
DSA-742-1,https://lwn.net/Articles/142991,cvs,2005-07-07
DSA-735-2,https://lwn.net/Articles/143046,sudo,2005-07-07
DSA-736-2,https://lwn.net/Articles/143044,spamassassin,2005-07-07
DSA-741-1,https://lwn.net/Articles/142922,bzip2,2005-07-07
DSA-740-1,https://lwn.net/Articles/142787,zlib,2005-07-06
DSA-739-1,https://lwn.net/Articles/142784,trac,2005-07-06
DSA-734-1,https://lwn.net/Articles/142609,gaim,2005-07-05
DSA-738-1,https://lwn.net/Articles/142781,razor,2005-07-05
DSA-737-1,https://lwn.net/Articles/142780,clamav,2005-07-05
DSA-725-2,https://lwn.net/Articles/142597,ppxp,2005-07-04
DSA 735-1,https://lwn.net/Articles/142251,sudo,2005-07-01
DSA 736-1,https://lwn.net/Articles/142269,spamassassin,2005-07-01
DSA-733-1,https://lwn.net/Articles/142154,crip,2005-06-30
DSA-732-1,https://lwn.net/Articles/138571,mailutils,2005-06-03
DSA-731-1,https://lwn.net/Articles/138427,krb4,2005-06-02
DSA-730-1,https://lwn.net/Articles/137830,bzip2,2005-05-27
DSA-729-1,https://lwn.net/Articles/137718,php4,2005-05-26
DSA-728-2,https://lwn.net/Articles/137715,qpopper,2005-05-26
DSA-728-1,https://lwn.net/Articles/137517,qpopper,2005-05-25
DSA-727-1,https://lwn.net/Articles/136858,libconvert-uulib-perl,2005-05-20
DSA-726-1,https://lwn.net/Articles/136857,oops,2005-05-20
DSA-725-1,https://lwn.net/Articles/136774,ppxp,2005-05-19
DSA-724-1,https://lwn.net/Articles/136504,phpsysinfo,2005-05-18
DSA-723-1,https://lwn.net/Articles/135150,xfree86,2005-05-09
DSA-722-1,https://lwn.net/Articles/135149,smail,2005-05-09
DSA-721-1,https://lwn.net/Articles/134955,squid,2005-05-06
DSA-720-1,https://lwn.net/Articles/134502,smartlist,2005-05-03
DSA-718-2,https://lwn.net/Articles/133997,ethereal,2005-04-28
DSA-718-1,https://lwn.net/Articles/133995,ethereal,2005-04-28
DSA-719-1,https://lwn.net/Articles/133996,prozilla,2005-04-28
DSA-717-1,https://lwn.net/Articles/133823,lsh-utils,2005-04-27
DSA-715-1,https://lwn.net/Articles/133821,cvs,2005-04-27
DSA-716-1,https://lwn.net/Articles/133822,gaim,2005-04-27
DSA-714-1,https://lwn.net/Articles/133635,kdelibs,2005-04-26
DSA-713-1,https://lwn.net/Articles/133062,junkbuster,2005-04-21
DSA-701-2,https://lwn.net/Articles/133076,samba,2005-04-21
DSA-661-2,https://lwn.net/Articles/132869,f2c,2005-04-20
DSA-712-1,https://lwn.net/Articles/132722,geneweb,2005-04-19
DSA-711-1,https://lwn.net/Articles/132719,info2www,2005-04-19
DSA-710-1,https://lwn.net/Articles/132602,gtkhtml,2005-04-18
DSA-708-1,https://lwn.net/Articles/132373,php3,2005-04-15
DSA-1035-1,https://lwn.net/Articles/180144,fcheck,2005-04-15
DSA-709-1,https://lwn.net/Articles/132375,libexif,2005-04-15
DSA-707-1,https://lwn.net/Articles/131963,mysql,2005-04-13
DSA-706-1,https://lwn.net/Articles/131961,axel,2005-04-13
DSA-705-1,https://lwn.net/Articles/130372,wu-ftpd,2005-04-04
DSA-704-1,https://lwn.net/Articles/130368,remstats,2005-04-04
DSA-703-1,https://lwn.net/Articles/130201,krb5,2005-04-01
DSA-702-1,https://lwn.net/Articles/130198,imagemagick,2005-04-01
DSA-701-1,https://lwn.net/Articles/130028,samba,2005-03-31
DSA-700-1,https://lwn.net/Articles/129740,mailreader,2005-03-30
DSA-697-1,https://lwn.net/Articles/129512,netkit-telnet,2005-03-29
DSA-699-1,https://lwn.net/Articles/129517,netkit-telnet-ssl,2005-03-29
DSA-698-1,https://lwn.net/Articles/129515,mc,2005-03-29
DSA-696-1,https://lwn.net/Articles/128658,perl,2005-03-22
DSA-695-1,https://lwn.net/Articles/128484,xli,2005-03-21
DSA-694-1,https://lwn.net/Articles/128480,xloadimage,2005-03-21
DSA-1006-1,https://lwn.net/Articles/175992,wzdftpd,2005-03-16
DSA-693-1,https://lwn.net/Articles/127492,luxman,2005-03-14
DSA-662-2,https://lwn.net/Articles/127491,squirrelmail,2005-03-14
DSA-692-1,https://lwn.net/Articles/126773,kdenetwork,2005-03-08
DSA-691-1,https://lwn.net/Articles/126614,abuse,2005-03-07
DSA-690-1,https://lwn.net/Articles/125192,bsmtpd,2005-02-25
DSA-689-1,https://lwn.net/Articles/124778,mod-python,2005-02-23
DSA-688-1,https://lwn.net/Articles/124777,squid,2005-02-23
DSA-674-3,https://lwn.net/Articles/124378,mailman,2005-02-21
DSA-687-1,https://lwn.net/Articles/124258,bidwatcher,2005-02-18
DSA-686-1,https://lwn.net/Articles/124113,gftp,2005-02-17
DSA-685-1,https://lwn.net/Articles/124104,emacs21,2005-02-17
DSA-684-1,https://lwn.net/Articles/123854,typespeed,2005-02-16
DSA-683-1,https://lwn.net/Articles/123704,postgresql,2005-02-15
DSA-682-1,https://lwn.net/Articles/123702,awstats,2005-02-15
DSA-680-1,https://lwn.net/Articles/123357,htdig,2005-02-14
DSA-681-1,https://lwn.net/Articles/123370,synaesthesia,2005-02-14
DSA-679-1,https://lwn.net/Articles/123356,toolchain-source,2005-02-14
DSA-678-1,https://lwn.net/Articles/123146,netkit-rwho,2005-02-11
DSA-677-1,https://lwn.net/Articles/123126,sympa,2005-02-11
DSA-676-1,https://lwn.net/Articles/123124,xpcd,2005-02-11
DSA-674-2,https://lwn.net/Articles/123122,mailman,2005-02-11
DSA-674-1,https://lwn.net/Articles/123001,mailman,2005-02-10
DSA-675-1,https://lwn.net/Articles/123009,hztty,2005-02-10
DSA-673-1,https://lwn.net/Articles/123000,evolution,2005-02-10
DSA-672-1,https://lwn.net/Articles/122779,xview,2005-02-09
DSA-671-1,https://lwn.net/Articles/122614,xemacs21,2005-02-08
DSA-670-1,https://lwn.net/Articles/122613,emacs20,2005-02-08
DSA-669-1,https://lwn.net/Articles/122390,php3,2005-02-07
DSA-667-1,https://lwn.net/Articles/122186,squid,2005-02-04
DSA-666-1,https://lwn.net/Articles/122185,python2.2,2005-02-04
DSA-664-1,https://lwn.net/Articles/121823,cpio,2005-02-02
DSA-663-1,https://lwn.net/Articles/121580,prozilla,2005-02-01
DSA-662-1,https://lwn.net/Articles/121576,squirrelmail,2005-02-01
DSA-661-1,https://lwn.net/Articles/121022,f2c,2005-01-27
DSA-660-1,https://lwn.net/Articles/120826,kdebase,2005-01-26
DSA-659-1,https://lwn.net/Articles/120825,libpam-radius-auth,2005-01-26
DSA-658-1,https://lwn.net/Articles/120609,libdbi-perl,2005-01-25
DSA-657-1,https://lwn.net/Articles/120607,xine-lib,2005-01-25
DSA-656-1,https://lwn.net/Articles/120597,vdr,2005-01-25
DSA-655-1,https://lwn.net/Articles/120596,zhcon,2005-01-25
DSA-654-1,https://lwn.net/Articles/120204,enscript,2005-01-21
DSA-653-1,https://lwn.net/Articles/120203,ethereal,2005-01-21
DSA-652-1,https://lwn.net/Articles/120202,unarj,2005-01-21
DSA-650-1,https://lwn.net/Articles/120095,sword,2005-01-20
DSA-651-1,https://lwn.net/Articles/120097,squid,2005-01-20
DSA-649-1,https://lwn.net/Articles/120094,xtrlock,2005-01-20
DSA-948-1,https://lwn.net/Articles/168631,kdelibs,2005-01-20
DSA-648-1,https://lwn.net/Articles/119844,xpdf,2005-01-19
DSA-647-1,https://lwn.net/Articles/119843,mysql,2005-01-19
DSA-646-1,https://lwn.net/Articles/119835,imagemagick,2005-01-19
DSA-645-1,https://lwn.net/Articles/119832,cupsys,2005-01-19
DSA-644-1,https://lwn.net/Articles/119685,chbg,2005-01-18
DSA-643-1,https://lwn.net/Articles/119683,queue,2005-01-18
DSA-641-1,https://lwn.net/Articles/119494,playmidi,2005-01-17
DSA-640-1,https://lwn.net/Articles/119493,gatos,2005-01-17
DSA-642-1,https://lwn.net/Articles/119511,gallery,2005-01-17
DSA-639-1,https://lwn.net/Articles/119334,mc,2005-01-14
DSA-637-1,https://lwn.net/Articles/119219,exim-tls,2005-01-13
DSA-638-1,https://lwn.net/Articles/119220,gopher,2005-01-13
DSA-635-1,https://lwn.net/Articles/118993,exim,2005-01-12
DSA-636-1,https://lwn.net/Articles/118995,glibc,2005-01-12
DSA-633-1,https://lwn.net/Articles/118735,bmv,2005-01-11
DSA-634-1,https://lwn.net/Articles/118747,hylafax,2005-01-11
DSA-632-1,https://lwn.net/Articles/118523,linpopup,2005-01-10
DSA-631-1,https://lwn.net/Articles/118521,kdelibs,2005-01-10
DSA-630-1,https://lwn.net/Articles/118519,lintian,2005-01-10
DSA-629-1,https://lwn.net/Articles/118246,krb5,2005-01-07
DSA-628-1,https://lwn.net/Articles/118118,imlib2,2005-01-06
DSA-627-1,https://lwn.net/Articles/118117,namazu2,2005-01-06
DSA-626-1,https://lwn.net/Articles/118116,tiff,2005-01-06
DSA-622-1,https://lwn.net/Articles/117586,htmlheadline,2005-01-03
DSA-621-1,https://lwn.net/Articles/117476,cupsys,2004-12-31
DSA-620-1,https://lwn.net/Articles/117442,perl,2004-12-30
DSA-619-1,https://lwn.net/Articles/117436,xpdf,2004-12-30
DSA-618-1,https://lwn.net/Articles/117106,imlib,2004-12-24
DSA-617-1,https://lwn.net/Articles/117101,tiff,2004-12-24
DSA-616-1,https://lwn.net/Articles/117038,netkit-telnet-ssl,2004-12-23
DSA-615-1,https://lwn.net/Articles/116765,debmake,2004-12-22
DSA-613-1,https://lwn.net/Articles/116526,ethereal,2004-12-21
DSA-614-1,https://lwn.net/Articles/116528,xzgv,2004-12-21
DSA-611-1,https://lwn.net/Articles/116369,htget,2004-12-20
DSA-612-1,https://lwn.net/Articles/116370,a2ps,2004-12-20
DSA-610-1,https://lwn.net/Articles/116176,cscope,2004-12-17
DSA-609-1,https://lwn.net/Articles/115542,atari800,2004-12-14
DSA-608-1,https://lwn.net/Articles/115541,zgv,2004-12-14
DSA-607-1,https://lwn.net/Articles/115402,xfree86,2004-12-10
DSA-606-1,https://lwn.net/Articles/114822,nfs-utils,2004-12-08
DSA-605-1,https://lwn.net/Articles/114462,viewcvs,2004-12-06
DSA-604-1,https://lwn.net/Articles/114150,hpsockd,2004-12-03
DSA-603-1,https://lwn.net/Articles/113635,openssl,2004-12-01
DSA-602-1,https://lwn.net/Articles/113085,libgd2,2004-11-29
DSA-601-1,https://lwn.net/Articles/113084,libgd1,2004-11-29
DSA-598-1,https://lwn.net/Articles/112919,yardradius,2004-11-25
DSA-599-1,https://lwn.net/Articles/112841,tetex-bin,2004-11-25
DSA-597-1,https://lwn.net/Articles/112840,cyrus-imapd,2004-11-25
DSA-596-2,https://lwn.net/Articles/112839,sudo,2004-11-24
DSA-596-1,https://lwn.net/Articles/112727,sudo,2004-11-24
DSA-595-1,https://lwn.net/Articles/112723,bnc,2004-11-24
DSA-594-1,https://lwn.net/Articles/111423,apache,2004-11-17
DSA-593-1,https://lwn.net/Articles/111234,imagemagick,2004-11-16
DSA-592-1,https://lwn.net/Articles/110863,ez-ipupdate,2004-11-12
DSA-589-1,https://lwn.net/Articles/110255,libgd,2004-11-09
DSA-591-1,https://lwn.net/Articles/110257,libgd2,2004-11-09
DSA-590-1,https://lwn.net/Articles/110256,gnats,2004-11-09
DSA-587-1,https://lwn.net/Articles/110029,freeamp,2004-11-08
DSA-588-1,https://lwn.net/Articles/110052,gzip,2004-11-08
DSA-586-1,https://lwn.net/Articles/110027,ruby,2004-11-08
DSA-585-1,https://lwn.net/Articles/109804,shadow,2004-11-05
DSA-584-1,https://lwn.net/Articles/109685,dhcp,2004-11-04
DSA-583-1,https://lwn.net/Articles/109518,lvm10,2004-11-03
DSA-582-1,https://lwn.net/Articles/109338,libxml,2004-11-02
DSA-581-1,https://lwn.net/Articles/109336,xpdf,2004-11-02
DSA-579-1,https://lwn.net/Articles/109176,abiword,2004-11-01
DSA-580-1,https://lwn.net/Articles/109181,iptables,2004-11-01
DSA-578-1,https://lwn.net/Articles/109166,mpg123,2004-11-01
DSA-576-1,https://lwn.net/Articles/108920,squid,2004-10-29
DSA-577-1,https://lwn.net/Articles/108925,postgresql,2004-10-29
DSA-574-1,https://lwn.net/Articles/108823,cabextract,2004-10-28
DSA-575-1,https://lwn.net/Articles/108834,catdoc,2004-10-28
DSA-572-1,https://lwn.net/Articles/107601,ecartis,2004-10-21
DSA-573-1,https://lwn.net/Articles/107603,cupsys,2004-10-21
DSA-570-1,https://lwn.net/Articles/107344,libpng,2004-10-20
DSA-571-1,https://lwn.net/Articles/107345,libpng3,2004-10-20
DSA-556-2,https://lwn.net/Articles/106955,netkit-telnet,2004-10-18
DSA-569-1,https://lwn.net/Articles/106954,netkit-telnet-ssl,2004-10-18
DSA-568-1,https://lwn.net/Articles/106952,cyrus-sasl-mit,2004-10-16
DSA-567-1,https://lwn.net/Articles/106758,tiff,2004-10-15
DSA-563-3,https://lwn.net/Articles/106585,cyrus-sasl,2004-10-14
DSA-566-1,https://lwn.net/Articles/106586,cupsys,2004-10-14
DSA-565-1,https://lwn.net/Articles/106376,sox,2004-10-13
DSA-564-1,https://lwn.net/Articles/106374,mpg123,2004-10-13
DSA-563-2,https://lwn.net/Articles/106184,cyrus-sasl,2004-10-12
DSA-563-1,https://lwn.net/Articles/106183,cyrus-sasl,2004-10-12
DSA-561-1,https://lwn.net/Articles/105964,xfree86,2004-10-11
DSA-562-1,https://lwn.net/Articles/105965,mysql,2004-10-11
DSA-458-3,https://lwn.net/Articles/105962,python2.2,2004-10-10
DSA-560-1,https://lwn.net/Articles/105674,lesstif1-1,2004-10-07
DSA-600-1,https://lwn.net/Articles/105673,samba,2004-10-07
DSA-558-1,https://lwn.net/Articles/105420,libapache-mod-dav,2004-10-06
DSA-559-1,https://lwn.net/Articles/105421,net-acct,2004-10-06
DSA-557-1,https://lwn.net/Articles/104968,rp-pppoe,2004-10-04
DSA-556-1,https://lwn.net/Articles/104967,netkit-telnet,2004-10-02
DSA-555-1,https://lwn.net/Articles/104629,freenet6,2004-09-30
DSA-554-1,https://lwn.net/Articles/104002,sendmail,2004-09-27
DSA-553-1,https://lwn.net/Articles/103991,getmail,2004-09-27
DSA-552-1,https://lwn.net/Articles/103240,imlib2,2004-09-22
DSA-551-1,https://lwn.net/Articles/103021,lukemftpd,2004-09-21
DSA-550-1,https://lwn.net/Articles/102830,wv,2004-09-20
DSA-549-1,https://lwn.net/Articles/102610,gtk+2.0,2004-09-17
DSA-546-1,https://lwn.net/Articles/102470,gdk-pixbuf,2004-09-16
DSA-548-1,https://lwn.net/Articles/102474,imlib,2004-09-16
DSA-547-1,https://lwn.net/Articles/102472,imagemagic,2004-09-16
DSA-545-1,https://lwn.net/Articles/102307,cupsys,2004-09-15
DSA-544-1,https://lwn.net/Articles/102002,webmin,2004-09-14
DSA-458-2,https://lwn.net/Articles/100134,python2.2,2004-08-31
DSA-543-1,https://lwn.net/Articles/100352,krb5,2004-08-31
DSA-542-1,https://lwn.net/Articles/99959,qt-copy,2004-08-30
DSA-541-1,https://lwn.net/Articles/99160,icecast-server,2004-08-24
DSA-540-1,https://lwn.net/Articles/98468,mysql,2004-08-18
DSA-538-1,https://lwn.net/Articles/98157,rsync,2004-08-17
DSA-539-1,https://lwn.net/Articles/98190,kdelibs,2004-08-17
DSA-537-1,https://lwn.net/Articles/98072,ruby,2004-08-16
DSA-536-1,https://lwn.net/Articles/96873,libpng,2004-08-04
DSA-532-2,https://lwn.net/Articles/95379,libapache-mod-ssl,2004-07-27
DSA-533-1,https://lwn.net/Articles/94882,courier,2004-07-22
DSA-532-1,https://lwn.net/Articles/94880,libapache-mod-ssl,2004-07-22
DSA-534-1,https://lwn.net/Articles/94881,mailreader,2004-07-22
DSA-531-1,https://lwn.net/Articles/94497,php4,2004-07-20
DSA-530-1,https://lwn.net/Articles/94078,l2tpd,2004-07-17
DSA-529-1,https://lwn.net/Articles/94077,netkit-telnet-ssl,2004-07-17
DSA-528-1,https://lwn.net/Articles/94075,ethereal,2004-07-17
DSA-527-1,https://lwn.net/Articles/92458,pavuk,2004-07-03
DSA-526-1,https://lwn.net/Articles/92456,webmin,2004-07-03
DSA-525-1,https://lwn.net/Articles/91340,apache,2004-06-24
DSA-522-1,https://lwn.net/Articles/90326,super,2004-06-19
DSA-523-1,https://lwn.net/Articles/90325,www-sql,2004-06-19
DSA-524-1,https://lwn.net/Articles/90324,rlpr,2004-06-19
DSA-521-1,https://lwn.net/Articles/90328,sup,2004-06-18
DSA-520-1,https://lwn.net/Articles/90045,krb5,2004-06-16
DSA-519-1,https://lwn.net/Articles/89619,cvs,2004-06-15
DSA-518-1,https://lwn.net/Articles/89390,kdelibs,2004-06-14
DSA-517-1,https://lwn.net/Articles/89042,cvs,2004-06-10
DSA-516-1,https://lwn.net/Articles/88520,postgresql,2004-06-07
DSA-515-1,https://lwn.net/Articles/88381,lha,2004-06-05
DSA-514-1,https://lwn.net/Articles/88201,kernel-source-2.2.20,2004-06-04
DSA-513-1,https://lwn.net/Articles/88008,log2mail,2004-06-03
DSA-512-1,https://lwn.net/Articles/87757,gallery,2004-06-02
DSA-499-2,https://lwn.net/Articles/87825,rsync,2004-06-02
DSA-511-1,https://lwn.net/Articles/87386,ethereal,2004-05-30
DSA-509-1,https://lwn.net/Articles/87384,gatos,2004-05-29
DSA-510-1,https://lwn.net/Articles/87385,jftpgw,2004-05-29
DSA-508-1,https://lwn.net/Articles/86532,xpcd,2004-05-22
DSA-506-1,https://lwn.net/Articles/85860,neon,2004-05-19
DSA-507-1,https://lwn.net/Articles/85861,cadaver,2004-05-19
DSA-505-1,https://lwn.net/Articles/85862,cvs,2004-05-19
DSA-504-1,https://lwn.net/Articles/85626,heimdal,2004-05-18
DSA-503-1,https://lwn.net/Articles/85103,mah-jong,2004-05-13
DSA-502-1,https://lwn.net/Articles/84582,exim-tls,2004-05-11
DSA-501-1,https://lwn.net/Articles/84018,exim,2004-05-07
DSA-500-1,https://lwn.net/Articles/83086,flim,2004-05-01
DSA-499-1,https://lwn.net/Articles/83085,rsync,2004-05-01
DSA-498-1,https://lwn.net/Articles/82994,libpng,2004-04-30
DSA-496-1,https://lwn.net/Articles/82774,eterm,2004-04-29
DSA-497-1,https://lwn.net/Articles/82843,mc,2004-04-29
DSA-495-1,https://lwn.net/Articles/82123,kernel-source-2.4.16,2004-04-26
DSA-493-1,https://lwn.net/Articles/81553,xchat,2004-04-21
DSA-494-1,https://lwn.net/Articles/81768,ident2,2004-04-21
DSA-492-1,https://lwn.net/Articles/81132,iproute,2004-04-18
DSA-490-1,https://lwn.net/Articles/81041,zope,2004-04-17
DSA-491-1,https://lwn.net/Articles/81039,kernel,2004-04-17
DSA-489-1,https://lwn.net/Articles/81040,kernel,2004-04-17
DSA-488-1,https://lwn.net/Articles/81043,logcheck,2004-04-16
DSA-431-2,https://lwn.net/Articles/81044,perl,2004-04-16
DSA-486-1,https://lwn.net/Articles/81045,cvs,2004-04-16
DSA-487-1,https://lwn.net/Articles/81042,neon,2004-04-16
DSA-479-2,https://lwn.net/Articles/80753,kernel-image-2.4.18-1-i386,2004-04-14
DSA-482-1,https://lwn.net/Articles/80492,kernel,2004-04-14
DSA-481-1,https://lwn.net/Articles/80491,kernel,2004-04-14
DSA-480-1,https://lwn.net/Articles/80490,kernel,2004-04-14
DSA-479-1,https://lwn.net/Articles/80489,kernel,2004-04-14
DSA-485-1,https://lwn.net/Articles/80755,ssmtp,2004-04-14
DSA-484-1,https://lwn.net/Articles/80754,xonix,2004-04-14
DSA-483-1,https://lwn.net/Articles/80541,mysql,2004-04-14
DSA-477-1,https://lwn.net/Articles/79169,xine-ui,2004-04-06
DSA-478-1,https://lwn.net/Articles/79240,tcpdump,2004-04-06
DSA-476-1,https://lwn.net/Articles/79167,heimdal,2004-04-06
DSA-475-1,https://lwn.net/Articles/79001,kernel-image-2.4.17-hppa,2004-04-05
DSA-473-1,https://lwn.net/Articles/79005,oftpd,2004-04-03
DSA-460-2,https://lwn.net/Articles/79007,sysstat,2004-04-03
DSA-472-1,https://lwn.net/Articles/79004,fte,2004-04-03
DSA-474-1,https://lwn.net/Articles/79006,squid,2004-04-03
DSA-471-1,https://lwn.net/Articles/78815,interchange,2004-04-02
DSA-470-1,https://lwn.net/Articles/78643,kernel-image-2.4.17-hppa,2004-04-01
DSA-469-1,https://lwn.net/Articles/77948,pam-pgsql,2004-03-29
DSA-468-1,https://lwn.net/Articles/77384,emil,2004-03-24
DSA-467-1,https://lwn.net/Articles/77161,ecartis,2004-03-23
DSA-466-1,https://lwn.net/Articles/76379,kernel-source-2.2.10,2004-03-18
DSA-465-1,https://lwn.net/Articles/76170,openssl,2004-03-17
DSA-464-1,https://lwn.net/Articles/75932,gdk-pixbuf,2004-03-16
DSA-463-1,https://lwn.net/Articles/75804,samba,2004-03-12
DSA-462-1,https://lwn.net/Articles/75544,xitalk,2004-03-12
DSA-461-1,https://lwn.net/Articles/75471,calife,2004-03-11
DSA-459-1,https://lwn.net/Articles/75259,kdelibs,2004-03-10
DSA-460-1,https://lwn.net/Articles/75271,sysstat,2004-03-10
DSA-458-1,https://lwn.net/Articles/75254,python,2004-03-09
DSA-457-1,https://lwn.net/Articles/74970,wu-ftpd,2004-03-08
DSA-456-1,https://lwn.net/Articles/74784,kernel-source-2.2.19,2004-03-06
DSA-455-1,https://lwn.net/Articles/74387,libxml,2004-03-03
DSA-453-1,https://lwn.net/Articles/73841,kernel-source-2.2.20,2004-03-02
DSA-454-1,https://lwn.net/Articles/73844,kernel-source-2.2.22,2004-03-02
DSA-452-1,https://lwn.net/Articles/73690,libapache-mod-python,2004-02-29
DSA-451-1,https://lwn.net/Articles/73448,xboing,2004-02-27
DSA-450-1,https://lwn.net/Articles/73446,kernel-source-2.4.19,2004-02-27
DSA-449-1,https://lwn.net/Articles/72713,metamail,2004-02-24
DSA-448-1,https://lwn.net/Articles/72505,pwlib,2004-02-22
DSA-447-1,https://lwn.net/Articles/72504,hsftp,2004-02-22
DSA-436-2,https://lwn.net/Articles/72502,mailman,2004-02-21
DSA-445-1,https://lwn.net/Articles/72500,lbreakout2,2004-02-21
DSA-446-1,https://lwn.net/Articles/72503,synaesthesia,2004-02-21
DSA-444-1,https://lwn.net/Articles/72250,kernel-image-2.4.17-ia64,2004-02-20
DSA-442-1,https://lwn.net/Articles/72048,kernel-patch-2.4.17-s390,2004-02-19
DSA-443-1,https://lwn.net/Articles/72249,xfree86,2004-02-19
DSA-438-1,https://lwn.net/Articles/71687,kernel-source-2.4.18,2004-02-18
DSA-441-1,https://lwn.net/Articles/71691,kernel-patch-2.4.17-mips,2004-02-18
DSA-439-1,https://lwn.net/Articles/71684,kernel,2004-02-18
DSA-440-1,https://lwn.net/Articles/71681,kernel-source-2.4.17,2004-02-18
DSA-429-2,https://lwn.net/Articles/71342,gnupg,2004-02-13
DSA-437-1,https://lwn.net/Articles/70947,cgiemail,2004-02-11
DSA-436-1,https://lwn.net/Articles/70251,mailman,2004-02-08
DSA-435-1,https://lwn.net/Articles/70008,mpg123,2004-02-06
DSA-434-1,https://lwn.net/Articles/69886,gaim,2004-02-05
DSA-433-1,https://lwn.net/Articles/69633,kernel-patch-2.4.17-mips,2004-02-04
DSA-432-1,https://lwn.net/Articles/69383,crawl,2004-02-03
DSA-431-1,https://lwn.net/Articles/69178,perl,2004-02-01
DSA-430-1,https://lwn.net/Articles/68483,trr19,2004-01-28
DSA-429-1,https://lwn.net/Articles/68127,gnupg,2004-01-26
DSA-428-1,https://lwn.net/Articles/66950,slocate,2004-01-20
DSA-427-1,https://lwn.net/Articles/66800,kernel-patch-2.4.17-mips,2004-01-19
DSA-426-1,https://lwn.net/Articles/66796,netpbm-free,2004-01-18
DSA-425-1,https://lwn.net/Articles/66659,tcpdump,2004-01-16
DSA-424-1,https://lwn.net/Articles/66627,mc,2004-01-16
DSA-423-1,https://lwn.net/Articles/66441,kernel-image-2.4.17-ia64,2004-01-15
DSA-422-1,https://lwn.net/Articles/66086,cvs,2004-01-13
DSA-420-1,https://lwn.net/Articles/65946,jitterbug,2004-01-12
DSA-421-1,https://lwn.net/Articles/65971,mod-auth-shadow,2004-01-12
DSA-417-2,https://lwn.net/Articles/65735,kernel-image-2.4.18-1-alpha,2004-01-09
DSA-417-1,https://lwn.net/Articles/65397,kernel,2004-01-07
DSA-418-1,https://lwn.net/Articles/65635,vbox3,2004-01-07
DSA-415-1,https://lwn.net/Articles/65396,zebra,2004-01-06
DSA-414-1,https://lwn.net/Articles/65395,jabber,2004-01-06
DSA-416-1,https://lwn.net/Articles/65394,fsp,2004-01-06
DSA-413-1,https://lwn.net/Articles/65155,kernel-source-2.4.18,2004-01-06
DSA-407-1,https://lwn.net/Articles/64980,ethereal,2004-01-05
DSA-625-1,https://lwn.net/Articles/117914,pcal,2004-01-05
DSA-409-1,https://lwn.net/Articles/65156,bind,2004-01-05
DSA-411-1,https://lwn.net/Articles/65152,mpg321,2004-01-05
DSA-412-1,https://lwn.net/Articles/65149,nd,2004-01-05
DSA-410-1,https://lwn.net/Articles/65147,libnids,2004-01-05
DSA-408-1,https://lwn.net/Articles/64983,screen,2004-01-05
DSA-406-1,https://lwn.net/Articles/64972,lftp,2004-01-05
DSA-624-1,https://lwn.net/Articles/117911,zip,2004-01-05
DSA-623-1,https://lwn.net/Articles/117727,nasm,2004-01-04
DSA-405-1,https://lwn.net/Articles/64725,xsok,2003-12-30
DSA-404-1,https://lwn.net/Articles/61615,rsync,2003-12-04
DSA-403-1,https://lwn.net/Articles/60772,kernel,2003-12-01
DSA-402-1,https://lwn.net/Articles/58648,minimalist,2003-11-17
DSA-401-1,https://lwn.net/Articles/58647,hylafax,2003-11-17
DSA-400-1,https://lwn.net/Articles/57841,omega-rpg,2003-11-11
DSA-398-1,https://lwn.net/Articles/57558,conquest,2003-11-10
DSA-399-1,https://lwn.net/Articles/57561,epic4,2003-11-10
DSA-397-1,https://lwn.net/Articles/57374,postgresql,2003-11-07
DSA-396-1,https://lwn.net/Articles/55983,thttpd,2003-10-29
DSA-395-1,https://lwn.net/Articles/54118,tomcat,2003-10-15
DSA-394-1,https://lwn.net/Articles/53667,openssl095,2003-10-11
DSA-393-1,https://lwn.net/Articles/51764,openssl,2003-10-01
DSA-392-1,https://lwn.net/Articles/51386,webfs,2003-09-29
DSA-391-1,https://lwn.net/Articles/51377,freesweep,2003-09-28
DSA-390-1,https://lwn.net/Articles/51191,marbles,2003-09-26
DSA-383-2,https://lwn.net/Articles/50318,ssh-krb5,2003-09-21
DSA-382-3,https://lwn.net/Articles/50317,ssh,2003-09-21
DSA-389-1,https://lwn.net/Articles/50316,ipmasq,2003-09-20
DSA-388-1,https://lwn.net/Articles/50313,kdebase,2003-09-19
DSA-386-1,https://lwn.net/Articles/50090,libmailtools-perl,2003-09-18
DSA-387-1,https://lwn.net/Articles/50091,gopher,2003-09-18
DSA-385-1,https://lwn.net/Articles/50089,hztty,2003-09-18
DSA-383-1,https://lwn.net/Articles/49632,ssh-krb5,2003-09-17
DSA-382-2,https://lwn.net/Articles/49593,ssh,2003-09-17
DSA-384-1,https://lwn.net/Articles/49923,sendmail,2003-09-17
DSA-382-1,https://lwn.net/Articles/49446,ssh,2003-09-16
DSA-381-1,https://lwn.net/Articles/49279,mysql,2003-09-13
DSA-380-1,https://lwn.net/Articles/48995,xfree86,2003-09-12
DSA-379-1,https://lwn.net/Articles/48779,sane-backends,2003-09-11
DSA-376-2,https://lwn.net/Articles/48140,exim,2003-09-07
DSA-378-1,https://lwn.net/Articles/48142,mah-jong,2003-09-07
DSA-377-1,https://lwn.net/Articles/47904,wu-ftpd,2003-09-04
DSA-376-1,https://lwn.net/Articles/47814,exim,2003-09-04
DSA-375-3,https://lwn.net/Articles/47297,node,2003-08-29
DSA-374-1,https://lwn.net/Articles/46517,libpam-smb,2003-08-26
DSA-344-2,https://lwn.net/Articles/46514,unzip,2003-08-26
DSA-364-3,https://lwn.net/Articles/44835,man-db,2003-08-18
DSA-372-1,https://lwn.net/Articles/44833,netris,2003-08-16
DSA-373-1,https://lwn.net/Articles/44834,autorespond,2003-08-16
DSA-358-4,https://lwn.net/Articles/44579,linux-kernel-i386,2003-08-13
DSA-371-1,https://lwn.net/Articles/44103,perl,2003-08-11
DSA-361-2,https://lwn.net/Articles/43952,kdelibs-crypto,2003-08-09
DSA-364-2,https://lwn.net/Articles/43604,man-db,2003-08-08
DSA-367-1,https://lwn.net/Articles/43605,xtokkaetama,2003-08-08
DSA-370-1,https://lwn.net/Articles/43951,pam-pgsql,2003-08-08
DSA-369-1,https://lwn.net/Articles/43950,zblast,2003-08-08
DSA-368-1,https://lwn.net/Articles/43606,xpcd,2003-08-08
DSA-365-1,https://lwn.net/Articles/43032,phpgroupware,2003-08-05
DSA-358-2,https://lwn.net/Articles/42781,kernel,2003-08-05
DSA-366-1,https://lwn.net/Articles/43031,eroaster,2003-08-05
DSA-364-1,https://lwn.net/Articles/42779,man-db,2003-08-04
DSA-358-3,https://lwn.net/Articles/42780,kernel,2003-08-04
DSA-363-1,https://lwn.net/Articles/42338,postfix,2003-08-03
DSA-362-1,https://lwn.net/Articles/42337,mindi,2003-08-02
DSA-360-1,https://lwn.net/Articles/42165,xfstt,2003-08-01
DSA-361-1,https://lwn.net/Articles/42335,kdelibs,2003-08-01
DSA-357-1,https://lwn.net/Articles/42039,wu-ftpd,2003-07-31
DSA-359-1,https://lwn.net/Articles/42164,atari800,2003-07-31
DSA-358-1,https://lwn.net/Articles/42163,linux-kernel-i386,2003-07-31
DSA-355-1,https://lwn.net/Articles/41984,gallery,2003-07-30
DSA-356-1,https://lwn.net/Articles/41985,xtokkaetama,2003-07-30
DSA-354-1,https://lwn.net/Articles/41983,xconq,2003-07-29
DSA-353-1,https://lwn.net/Articles/41637,sup,2003-07-29
DSA-352-1,https://lwn.net/Articles/40937,fdclone,2003-07-22
DSA-351-1,https://lwn.net/Articles/40240,php4,2003-07-16
DSA-350-1,https://lwn.net/Articles/39897,falconseye,2003-07-15
DSA-349-1,https://lwn.net/Articles/39769,nfs-utils,2003-07-14
DSA-348-1,https://lwn.net/Articles/39744,traceroute-nanog,2003-07-11
DSA-345-1,https://lwn.net/Articles/39255,xbl,2003-07-08
DSA-347-1,https://lwn.net/Articles/39258,teapop,2003-07-08
DSA-344-1,https://lwn.net/Articles/39253,unzip,2003-07-08
DSA-346-1,https://lwn.net/Articles/39257,phpsysinfo,2003-07-08
DSA-343-1,https://lwn.net/Articles/39251,skk,2003-07-08
DSA-342-1,https://lwn.net/Articles/39031,mozart,2003-07-07
DSA-341-1,https://lwn.net/Articles/39030,liece,2003-07-07
DSA-339-1,https://lwn.net/Articles/39005,semi,2003-07-06
DSA-340-1,https://lwn.net/Articles/39007,x-face-el,2003-07-06
DSA-338-1,https://lwn.net/Articles/38297,proftpd,2003-06-29
DSA-336-1,https://lwn.net/Articles/38295,kernel-source-2.2.20,2003-06-29
DSA-337-1,https://lwn.net/Articles/38296,gtksee,2003-06-29
DSA-336-2,https://lwn.net/Articles/38402,kernel-source-2.2.20,2003-06-29
DSA-334-1,https://lwn.net/Articles/38292,xgalaga,2003-06-28
DSA-335-1,https://lwn.net/Articles/38294,mantis,2003-06-28
DSA-331-1,https://lwn.net/Articles/38289,imagemagick,2003-06-27
DSA-332-1,https://lwn.net/Articles/38291,kernel-source-2.4.17,2003-06-27
DSA-333-1,https://lwn.net/Articles/38293,acm,2003-06-27
DSA-330-1,https://lwn.net/Articles/37720,tcptraceroute,2003-06-23
DSA-329-1,https://lwn.net/Articles/37207,osh,2003-06-20
DSA-325-1,https://lwn.net/Articles/37136,eldav,2003-06-19
DSA-328-1,https://lwn.net/Articles/37200,webfs,2003-06-19
DSA-326-1,https://lwn.net/Articles/37137,orville-write,2003-06-19
DSA-327-1,https://lwn.net/Articles/37199,xbl,2003-06-19
DSA-324-1,https://lwn.net/Articles/36914,ethereal,2003-06-18
DSA-316-3,https://lwn.net/Articles/36913,jnethack,2003-06-17
DSA-322-1,https://lwn.net/Articles/36693,typespeed,2003-06-16
DSA-323-1,https://lwn.net/Articles/36692,noweb,2003-06-16
DSA-321-1,https://lwn.net/Articles/36420,radiusd-cistron,2003-06-13
DSA-320-1,https://lwn.net/Articles/36419,mikmod,2003-06-13
DSA-318-1,https://lwn.net/Articles/36228,lyskom-server,2003-06-12
DSA-319-1,https://lwn.net/Articles/36229,webmin,2003-06-12
DSA-316-1,https://lwn.net/Articles/36064,nethack,2003-06-11
DSA-317-1,https://lwn.net/Articles/36066,cupsys,2003-06-11
DSA-313-1,https://lwn.net/Articles/36061,ethereal,2003-06-11
DSA-314-1,https://lwn.net/Articles/36062,atftp,2003-06-11
DSA-316-2,https://lwn.net/Articles/36065,slashem,2003-06-11
DSA-315-1,https://lwn.net/Articles/36063,gnocatan,2003-06-11
DSA-312-1,https://lwn.net/Articles/35721,kernel-patch-2.4.18-powerpc,2003-06-09
DSA-310-1,https://lwn.net/Articles/35551,xaos,2003-06-08
DSA-311-1,https://lwn.net/Articles/35550,kernel,2003-06-08
DSA-309-2,https://lwn.net/Articles/36060,eterm,2003-06-06
DSA-309-1,https://lwn.net/Articles/35547,eterm,2003-06-06
DSA-308-1,https://lwn.net/Articles/35546,gzip,2003-06-06
DSA-307-1,https://lwn.net/Articles/34155,gps,2003-05-27
DSA-306-1,https://lwn.net/Articles/32791,ircii-pana,2003-05-19
DSA-305-1,https://lwn.net/Articles/32538,sendmail,2003-05-15
DSA-303-1,https://lwn.net/Articles/32537,mysql,2003-05-15
DSA-304-1,https://lwn.net/Articles/32450,lv,2003-05-15
DSA-302-1,https://lwn.net/Articles/31495,fuzz,2003-05-07
DSA-301-1,https://lwn.net/Articles/31496,libgtop,2003-05-07
DSA-299-1,https://lwn.net/Articles/31310,leksbot,2003-05-06
DSA-300-1,https://lwn.net/Articles/31309,balsa,2003-05-06
DSA-295-1,https://lwn.net/Articles/30764,pptpd,2003-04-30
DSA-296-1,https://lwn.net/Articles/30765,kdebase,2003-04-30
DSA-292-3,https://lwn.net/Articles/30766,mime-support,2003-04-30
DSA-292-2,https://lwn.net/Articles/29848,mime-support,2003-04-23
DSA-293-1,https://lwn.net/Articles/29849,kdelibs,2003-04-23
DSA-294-1,https://lwn.net/Articles/29891,gkrellm-newsticker,2003-04-23
DSA-292-1,https://lwn.net/Articles/29712,mime-support,2003-04-22
DSA-291-1,https://lwn.net/Articles/29711,ircii,2003-04-22
DSA-289-1,https://lwn.net/Articles/29214,rinetd,2003-04-17
DSA-290-1,https://lwn.net/Articles/29215,sendmail-wide,2003-04-17
DSA-288-1,https://lwn.net/Articles/29213,openssl,2003-04-17
DSA-287-1,https://lwn.net/Articles/28846,epic,2003-04-15
DSA-267-2,https://lwn.net/Articles/28848,lpr,2003-04-15
DSA-286-1,https://lwn.net/Articles/28719,gs-common,2003-04-14
DSA-285-1,https://lwn.net/Articles/28706,lprng,2003-04-14
DSA-284-1,https://lwn.net/Articles/28704,kdegraphics,2003-04-12
DSA-283-1,https://lwn.net/Articles/28546,xfsdump,2003-04-11
DSA-282-1,https://lwn.net/Articles/28301,glibc,2003-04-09
DSA-269-2,https://lwn.net/Articles/28307,heimdal,2003-04-09
DSA-281-1,https://lwn.net/Articles/28188,moxftp,2003-04-08
DSA-280-1,https://lwn.net/Articles/28094,samba,2003-04-07
DSA-274-2,https://lwn.net/Articles/28048,mutt,2003-04-07
DSA-279-1,https://lwn.net/Articles/28050,metrics,2003-04-07
DSA-278-2,https://lwn.net/Articles/27895,sendmail,2003-04-04
DSA-278-1,https://lwn.net/Articles/27894,sendmail,2003-04-04
DSA-276-1,https://lwn.net/Articles/27817,kernel-patch-2.4.17-s390,2003-04-03
DSA-277-1,https://lwn.net/Articles/27818,apcupsd,2003-04-03
DSA-275-1,https://lwn.net/Articles/27595,lpr-ppd,2003-04-02
DSA-272-1,https://lwn.net/Articles/27151,dietlibc,2003-03-28
DSA-274-1,https://lwn.net/Articles/27161,mutt,2003-03-28
DSA-273-1,https://lwn.net/Articles/27152,krb4,2003-03-28
DSA-271-1,https://lwn.net/Articles/27025,ecartis,2003-03-27
DSA-270-1,https://lwn.net/Articles/27023,kernel,2003-03-27
DSA-269-1,https://lwn.net/Articles/26760,heimdal,2003-03-26
DSA-268-1,https://lwn.net/Articles/26628,mutt,2003-03-25
DSA-267-1,https://lwn.net/Articles/26391,lpr,2003-03-24
DSA-265-1,https://lwn.net/Articles/26217,bonsai,2003-03-21
DSA-264-1,https://lwn.net/Articles/25927,lxr,2003-03-19
DSA-266-1,https://lwn.net/Articles/26386,krb5,2003-03-17
DSA-263-1,https://lwn.net/Articles/25677,netpbm-free,2003-03-17
DSA-262-1,https://lwn.net/Articles/25589,samba,2003-03-15
DSA-261-1,https://lwn.net/Articles/25495,tcpdump,2003-03-14
DSA-260-1,https://lwn.net/Articles/25369,file,2003-03-13
DSA-259-1,https://lwn.net/Articles/25276,qpopper,2003-03-12
DSA-258-1,https://lwn.net/Articles/24999,ethereal,2003-03-10
DSA-257-2,https://lwn.net/Articles/24357,sendmail-wide,2003-03-04
DSA-257-1,https://lwn.net/Articles/24291,sendmail,2003-03-04
DSA-256-1,https://lwn.net/Articles/24047,mhc,2003-02-28
DSA-255-1,https://lwn.net/Articles/24002,tcpdump,2003-02-27
DSA-254-1,https://lwn.net/Articles/23969,traceroute-nanog,2003-02-27
DSA-253-1,https://lwn.net/Articles/23594,openssl,2003-02-24
DSA-252-1,https://lwn.net/Articles/23459,slocate,2003-02-21
DSA-232-2,https://lwn.net/Articles/22925,cupsys,2003-02-20
DSA-251-1,https://lwn.net/Articles/22811,w3m,2003-02-14
DSA-250-1,https://lwn.net/Articles/22723,w3mmee-ssl,2003-02-12
DSA-249-1,https://lwn.net/Articles/22452,w3mmee,2003-02-11
DSA-248-1,https://lwn.net/Articles/22459,hypermail,2003-01-31
DSA-247-1,https://lwn.net/Articles/21524,courier,2003-01-30
DSA-246-1,https://lwn.net/Articles/21363,tomcat,2003-01-29
DSA-245-1,https://lwn.net/Articles/21261,dhcp3,2003-01-28
DSA-244-1,https://lwn.net/Articles/21129,noffle,2003-01-27
DSA-243-1,https://lwn.net/Articles/21019,kdemultimedia,2003-01-24
DSA-242-1,https://lwn.net/Articles/21018,kdebase,2003-01-24
DSA-241-1,https://lwn.net/Articles/21016,kdeutils,2003-01-24
DSA-240-1,https://lwn.net/Articles/20965,kdegames,2003-01-23
DSA-238-1,https://lwn.net/Articles/20922,kdepim,2003-01-23
DSA-239-1,https://lwn.net/Articles/20963,kdesdk,2003-01-23
DSA-235-1,https://lwn.net/Articles/20806,kdegraphics,2003-01-22
DSA-234-1,https://lwn.net/Articles/20805,kdeadmin,2003-01-22
DSA-237-1,https://lwn.net/Articles/20920,kdenetwork,2003-01-22
DSA-236-1,https://lwn.net/Articles/20807,kdelibs,2003-01-22
DSA-233-1,https://lwn.net/Articles/20566,cvs,2003-01-21
DSA-232-1,https://lwn.net/Articles/20460,cupsys,2003-01-20
DSA-231-1,https://lwn.net/Articles/20332,dhcp3,2003-01-17
DSA-230-1,https://lwn.net/Articles/20273,bugzilla,2003-01-16
DSA-229-2,https://lwn.net/Articles/20096,imp,2003-01-15
DSA-228-1,https://lwn.net/Articles/19995,libmcrypt,2003-01-14
DSA-227-1,https://lwn.net/Articles/19853,openldap2,2003-01-13
DSA-226-1,https://lwn.net/Articles/19743,xpdf-i,2003-01-10
DSA-419-1,https://lwn.net/Articles/65734,phpgroupware,2003-01-09
DSA-223-1,https://lwn.net/Articles/19402,geneweb,2003-01-07
DSA-222-1,https://lwn.net/Articles/19376,xpdf,2003-01-06
DSA-221-1,https://lwn.net/Articles/19196,mhonarc,2003-01-03
DSA-220-1,https://lwn.net/Articles/19125,squirrelmail,2003-01-02
DSA-219-1,https://lwn.net/Articles/18960,dhcpcd,2002-12-31
DSA-218-1,https://lwn.net/Articles/18887,bugzilla,2002-12-30
DSA-217-1,https://lwn.net/Articles/18858,typespeed,2002-12-27
DSA-216-1,https://lwn.net/Articles/18785,fetchmail,2002-12-24
DSA-215-1,https://lwn.net/Articles/18743,cyrus-imapd,2002-12-23
DSA-214-1,https://lwn.net/Articles/18662,kdenetwork,2002-12-20
DSA-213-1,https://lwn.net/Articles/18554,libpng,2002-12-19
DSA-212-1,https://lwn.net/Articles/18264,mysql,2002-12-17
DSA-210-1,https://lwn.net/Articles/18035,lynx,2002-12-13
DSA-211-1,https://lwn.net/Articles/18055,micq,2002-12-13
DSA-208-1,https://lwn.net/Articles/17964,perl,2002-12-12
DSA-209-1,https://lwn.net/Articles/18034,wget,2002-12-12
DSA-207-1,https://lwn.net/Articles/17842,tetex-bin,2002-12-11
DSA-206-1,https://lwn.net/Articles/17808,tcpdump,2002-12-10
DSA-205-1,https://lwn.net/Articles/17807,gtetrinet,2002-12-10
DSA-202-2,https://lwn.net/Articles/17461,im,2002-12-06
DSA-192-2,https://lwn.net/Articles/17460,html2ps,2002-12-06
DSA-204-1,https://lwn.net/Articles/17389,kdelibs,2002-12-05
DSA-203-1,https://lwn.net/Articles/17340,smb2www,2002-12-04
DSA-202-1,https://lwn.net/Articles/17059,im,2002-12-03
DSA-201-1,https://lwn.net/Articles/16924,freeswan,2002-12-02
DSA-200-1,https://lwn.net/Articles/16359,samba,2002-11-22
DSA-199-1,https://lwn.net/Articles/15907,mhonarc,2002-11-19
DSA-198-1,https://lwn.net/Articles/15804,nullmailer,2002-11-18
DSA-197-1,https://lwn.net/Articles/15669,courier,2002-11-15
DSA-196-1,https://lwn.net/Articles/15587,bind,2002-11-14
DSA-195-1,https://lwn.net/Articles/15447,apache-perl,2002-11-13
DSA-194-1,https://lwn.net/Articles/15318,masqmail,2002-11-12
DSA-193-1,https://lwn.net/Articles/15154,kdenetwork,2002-11-11
DSA-192-1,https://lwn.net/Articles/15033,html2ps,2002-11-08
DSA-191-1,https://lwn.net/Articles/14954,squirrelmail,2002-11-07
DSA-190-1,https://lwn.net/Articles/14941,wmaker,2002-11-07
DSA-191-2,https://lwn.net/Articles/15147,squirrelmail,2002-11-07
DSA-189-1,https://lwn.net/Articles/14785,luxman,2002-11-06
DSA-188-1,https://lwn.net/Articles/14615,apache-ssl,2002-11-05
DSA-187-1,https://lwn.net/Articles/14516,apache,2002-11-04
DSA-186-1,https://lwn.net/Articles/14418,log2mail,2002-11-01
DSA-185-1,https://lwn.net/Articles/14326,heimdal,2002-10-31
DSA-184-1,https://lwn.net/Articles/14192,krb4,2002-10-30
DSA-183-1,https://lwn.net/Articles/14024,krb5,2002-10-29
DSA-182-1,https://lwn.net/Articles/13892,kdegraphics,2002-10-28
DSA-181-1,https://lwn.net/Articles/13359,libapache-mod-ssl,2002-10-22
DSA-180-1,https://lwn.net/Articles/13296,nis,2002-10-21
DSA-179-1,https://lwn.net/Articles/13157,gnome-gv,2002-10-18
DSA-178-1,https://lwn.net/Articles/13033,heimdal,2002-10-17
DSA-177-1,https://lwn.net/Articles/13089,pam,2002-10-17
DSA-176-1,https://lwn.net/Articles/12846,gv,2002-10-16
DSA-175-1,https://lwn.net/Articles/12698,syslog-ng,2002-10-15
DSA-174-1,https://lwn.net/Articles/12587,heartbeat,2002-10-14
DSA-173-1,https://lwn.net/Articles/12154,bugzilla,2002-10-09
DSA-172-1,https://lwn.net/Articles/12042,tkmail,2002-10-08
DSA-171-1,https://lwn.net/Articles/12086,fetchmail,2002-10-07
DSA-169-1,https://lwn.net/Articles/11839,tomcat4,2002-10-04
DSA-149-2,https://lwn.net/Articles/11065,glibc,2002-09-26
DSA-168-1,https://lwn.net/Articles/10285,PHP3,2002-09-18
DSA-167-1,https://lwn.net/Articles/9958,Konquerer,2002-09-16
DSA-136-2,https://lwn.net/Articles/9956,openssl094,2002-09-15
DSA-166-1,https://lwn.net/Articles/9804,purity,2002-09-13
DSA-165-1,https://lwn.net/Articles/9701,postgresql,2002-09-12
DSA-164-1,https://lwn.net/Articles/9444,cacti,2002-09-10
DSA-163-1,https://lwn.net/Articles/9373,mhonarc,2002-09-09
DSA-159-2,https://lwn.net/Articles/9371,python,2002-09-09
DSA-162-1,https://lwn.net/Articles/9292,ethereal,2002-09-06
DSA-161-1,https://lwn.net/Articles/9139,mantis,2002-09-04
DSA-160-1,https://lwn.net/Articles/9030,scrollkeeper,2002-09-03
DSA-159-1,https://lwn.net/Articles/8629,python,2002-08-28
DSA-158-1,https://lwn.net/Articles/8568,gaim,2002-08-27
DSA-147-2,https://lwn.net/Articles/8510,mailman,2002-08-26
DSA-157-1,https://lwn.net/Articles/8396,irssi-text,2002-08-23
DSA-156-1,https://lwn.net/Articles/8367,epic4-script-light,2002-08-22
DSA-153-2,https://lwn.net/Articles/8098,mantis,2002-08-20
DSA-155-1,https://lwn.net/Articles/8182,kdelibs,2002-08-17
DSA-154-1,https://lwn.net/Articles/7907,fam,2002-08-15
DSA-153-1,https://lwn.net/Articles/7562,mantis,2002-08-14
DSA-150-1,https://lwn.net/Articles/7446,interchange,2002-08-13
DSA-151-1,https://lwn.net/Articles/7453,xinetd,2002-08-13
DSA-149-1,https://lwn.net/Articles/7445,glibc,2002-08-13
DSA-152-1,https://lwn.net/Articles/7462,l2tpd,2002-08-13
DSA-148-1,https://lwn.net/Articles/7274,hylafax,2002-08-12
DSA-147-1,https://lwn.net/Articles/7131,mailman,2002-08-08
DSA-146-1,https://lwn.net/Articles/7047,dietlibc,2002-08-08
DSA-146-2,https://lwn.net/Articles/7068,dietlibc,2002-08-08
DSA-145-1,https://lwn.net/Articles/7044,tinyproxy,2002-08-07
DSA-144-1,https://lwn.net/Articles/6872,wwwoffle,2002-08-06
DSA-142-1,https://lwn.net/Articles/6806,openafs,2002-08-05
DSA-143-1,https://lwn.net/Articles/6870,krb5,2002-08-05
DSA-140-2,https://lwn.net/Articles/6805,libpng,2002-08-05
DSA-138-1,https://lwn.net/Articles/6461,gallery,2002-08-01
DSA-139-1,https://lwn.net/Articles/6611,super,2002-08-01
DSA-141-1,https://lwn.net/Articles/6692,mpack,2002-08-01
DSA-140-1,https://lwn.net/Articles/6612,libpng2,2002-08-01
DSA-137-1,https://lwn.net/Articles/6374,mm,2002-07-30
DSA-136-1,https://lwn.net/Articles/6182,openssl,2002-07-30
DSA-135-1,https://lwn.net/Articles/3948,libapache-mod-ssl,2002-07-02
DSA-134-4,https://lwn.net/Articles/3685,ssh,2002-06-27
DSA-134-2,https://lwn.net/Articles/3372,ssh,2002-06-25
DSA-134-1,https://lwn.net/Articles/3323,ssh,2002-06-24
DSA-133-1,https://lwn.net/Articles/3159,apache-perl,2002-06-20
DSA-132-1,https://lwn.net/Articles/2922,apache-ssl,2002-06-19
DSA-131-1,https://lwn.net/Articles/2920,apache,2002-06-19
DSA-131-2,https://lwn.net/Articles/2921,apache,2002-06-19
DSA-130-1,https://lwn.net/Articles/1154,ethereal,2002-06-01
DSA-129-1,https://lwn.net/Articles/1155,uucp,2002-05-27
DSA-128-1,https://lwn.net/Articles/278,sudo,2002-04-26
DSA-127-1,https://lwn.net/Articles/277,xpilot,2002-04-17
DSA-126-1,https://lwn.net/Articles/276,imp,2002-04-16
DSA-125-1,https://lwn.net/Articles/275,analog,2002-03-28
DSA-124-1,https://lwn.net/Articles/274,mtr,2002-03-26
DSA-123-1,https://lwn.net/Articles/273,listar,2002-03-19
DSA-121-1,https://lwn.net/Articles/271,xtell,2002-03-11
DSA-122-1,https://lwn.net/Articles/272,zlib,2002-03-11
DSA-120-1,https://lwn.net/Articles/270,libapache-mod-ssl,2002-03-10
DSA-119-1,https://lwn.net/Articles/269,openssh,2002-03-07
DSA-298-1,https://lwn.net/Articles/31000,epic4,2002-03-05
DSA-117-1,https://lwn.net/Articles/267,cvs,2002-03-05
DSA-118-1,https://lwn.net/Articles/268,xsane,2002-03-05
DSA-115-1,https://lwn.net/Articles/265,php,2002-03-02
DSA-116-1,https://lwn.net/Articles/266,cfs,2002-03-02
DSA-111-2,https://lwn.net/Articles/261,ucd-snmp,2002-02-28
DSA-114-1,https://lwn.net/Articles/264,gnujsp,2002-02-21
DSA-113-1,https://lwn.net/Articles/263,ncurses,2002-02-18
DSA-112-1,https://lwn.net/Articles/262,hanterm,2002-02-16
DSA-111-1,https://lwn.net/Articles/260,ucd-snmp,2002-02-14
DSA-109-1,https://lwn.net/Articles/258,faqomatic,2002-02-13
DSA-110-1,https://lwn.net/Articles/259,cupsys,2002-02-13
DSA-079-2,https://lwn.net/Articles/223,uucp,2002-02-08
DSA-108-1,https://lwn.net/Articles/257,wmtv,2002-02-07
DSA-106-2,https://lwn.net/Articles/255,rsync,2002-02-03
DSA-107-1,https://lwn.net/Articles/256,jgroff,2002-01-30
DSA-106-1,https://lwn.net/Articles/254,rsync,2002-01-26
DSA-089-2,https://lwn.net/Articles/235,icecast-server,2002-01-21
DSA-105-1,https://lwn.net/Articles/253,enscript,2002-01-21
DSA-102-2,https://lwn.net/Articles/250,at,2002-01-18
DSA-102-1,https://lwn.net/Articles/249,at,2002-01-16
DSA-104-1,https://lwn.net/Articles/252,cipe,2002-01-14
DSA-101-1,https://lwn.net/Articles/248,sudo,2002-01-14
DSA-100-1,https://lwn.net/Articles/247,gzip,2002-01-13
DSA-103-1,https://lwn.net/Articles/251,glibc,2002-01-13
DSA-099-1,https://lwn.net/Articles/246,XChat,2002-01-12
DSA-225-1,https://lwn.net/Articles/19653,tomcat4,2002-01-09
DSA-098-1,https://lwn.net/Articles/245,libgtop,2002-01-09
DSA-224-1,https://lwn.net/Articles/19485,canna,2002-01-08
DSA-096-2,https://lwn.net/Articles/243,mutt,2002-01-03
DSA-097-1,https://lwn.net/Articles/244,exim,2002-01-03
DSA-096-1,https://lwn.net/Articles/242,mutt,2002-01-02
DSA-095-1,https://lwn.net/Articles/241,gpm,2001-12-27
DSA-094-1,https://lwn.net/Articles/240,mailman,2001-12-16
DSA-093-1,https://lwn.net/Articles/239,postfix,2001-12-12
DSA-092-1,https://lwn.net/Articles/238,wmtv,2001-12-06
DSA-088-1,https://lwn.net/Articles/233,fml,2001-12-05
DSA-091-1,https://lwn.net/Articles/237,ssh,2001-12-05
DSA-090-1,https://lwn.net/Articles/236,xtel,2001-12-05
DSA-089-1,https://lwn.net/Articles/234,icecast-server,2001-12-05
DSA-087-1,https://lwn.net/Articles/232,wu-ftpd,2001-12-03
DSA-086-1,https://lwn.net/Articles/231,ssh-nonfree,2001-11-13
DSA-085-1,https://lwn.net/Articles/230,nvi,2001-10-20
DSA-081-2,https://lwn.net/Articles/226,w3m,2001-10-18
DSA-081-1,https://lwn.net/Articles/225,w3m,2001-10-18
DSA-082-1,https://lwn.net/Articles/227,xvt,2001-10-18
DSA-083-1,https://lwn.net/Articles/228,procmail,2001-10-18
DSA-084-1,https://lwn.net/Articles/229,gftp,2001-10-18
DSA-080-1,https://lwn.net/Articles/224,htdig,2001-10-17
DSA-077-1,https://lwn.net/Articles/220,squid,2001-09-24
DSA-078-1,https://lwn.net/Articles/221,slrn,2001-09-24
DSA-079-1,https://lwn.net/Articles/222,uucp,2001-09-24
DSA-076-1,https://lwn.net/Articles/219,most,2001-09-18
DSA-075-2,https://lwn.net/Articles/218,netkit-telnet-ssl,2001-08-14
DSA-075-1,https://lwn.net/Articles/217,netkit-telnet-ssl,2001-08-14
DSA-074-1,https://lwn.net/Articles/216,wmaker,2001-08-12
DSA-073-1,https://lwn.net/Articles/215,imp,2001-08-11
DSA-070-1,https://lwn.net/Articles/212,netkit-telnet,2001-08-10
DSA-072-1,https://lwn.net/Articles/214,groff,2001-08-10
DSA-071-1,https://lwn.net/Articles/213,fetchmail,2001-08-10
DSA-069-1,https://lwn.net/Articles/211,xloadimage,2001-08-09
DSA-068-1,https://lwn.net/Articles/210,openldap,2001-08-09
DSA-297-1,https://lwn.net/Articles/30897,snort,2001-03-05
