Category,Title,URL
Android,ABS: Android security underpinnings,https://lwn.net/Articles/540196/
Android,SELinux on Android,https://lwn.net/Articles/609511/
Android,Stagefrightening,https://lwn.net/Articles/652728/
Android,CopperheadOS: Securing the Android,https://lwn.net/Articles/675719/
Android,TLS certificate management on Android,https://lwn.net/Articles/678170/
Android,Four new Android privilege escalations,https://lwn.net/Articles/696716/
Android,Revenge of the modems,https://lwn.net/Articles/766766/
Android,Android wallpaper fingerprints,https://lwn.net/Articles/873921/
Anonymity,Eavesdropping on Tor traffic,https://lwn.net/Articles/249388/
Anonymity,TorProxy and Shadow,https://lwn.net/Articles/356598/
Anonymity,The Amnesic Incognito Live System: A live CD for anonymity,https://lwn.net/Articles/440279/
Anonymity,Phantom: Decentralized anonymous networking,https://lwn.net/Articles/446623/
Anonymity,"GNUnet adds VPN, direct wireless peering, and more",https://lwn.net/Articles/473187/
Anonymity,Tor offers SSL obfuscation for users behind censorship walls,https://lwn.net/Articles/481595/
Anonymity,Whonix for anonymity,https://lwn.net/Articles/520106/
Anonymity,DeadDrop and Strongbox,https://lwn.net/Articles/551085/
Anonymity,Tor and browser vulnerabilities,https://lwn.net/Articles/562314/
Anonymity,Browser fingerprinting,https://lwn.net/Articles/570534/
Anonymity,Spoiled onions and Tor exit relays,https://lwn.net/Articles/583171/
Anonymity,Tails reaches 1.0,https://lwn.net/Articles/596765/
Anonymity,"Anonymous, wireless file sharing with PirateBox",https://lwn.net/Articles/601243/
Anonymity,"Browser tracking through ""canvas fingerprinting""",https://lwn.net/Articles/606186/
Anonymity,Kernel support for SYN packet fingerprinting,https://lwn.net/Articles/644906/
Anonymity,Tor and library freedom,https://lwn.net/Articles/653335/
Anonymity,Tor Messenger,https://lwn.net/Articles/667184/
Anonymity,The perils of federated protocols,https://lwn.net/Articles/687294/
Anonymity,New browser-fingerprinting techniques,https://lwn.net/Articles/688541/
Anonymity,Anonymous publishing with Riffle,https://lwn.net/Articles/694892/
Anonymity,SecureDrop: anonymity and security for whistleblowers,https://lwn.net/Articles/718305/
Anonymity,Recent improvements to Tor,https://lwn.net/Articles/750312/
Anonymity,"Avoiding ""supercookie"" tracking",https://lwn.net/Articles/844960/
Anonymity,Android wallpaper fingerprints,https://lwn.net/Articles/873921/
Anonymity,Rollercoaster: group messaging for mix networks,https://lwn.net/Articles/876239/
Apache,"Apache attacked by a ""slow loris""",https://lwn.net/Articles/338407/
Apache,Apache range request denial of service,https://lwn.net/Articles/456723/
AppArmor,Linux security non-modules and AppArmor,https://lwn.net/Articles/239962/
AppArmor,The future of AppArmor,https://lwn.net/Articles/254740/
AppArmor,TOMOYO Linux and pathname-based security,https://lwn.net/Articles/277833/
Application binary interface (ABI),Cascading security updates,https://lwn.net/Articles/271092/
Application design,Design for security,https://lwn.net/Articles/777828/
Authentication,Fedora accepting YubiKey one-time passwords,https://lwn.net/Articles/409851/
Authentication,"OATH: yesterday, today, and tomorrow",https://lwn.net/Articles/419968/
Authentication,Trusted internet identity,https://lwn.net/Articles/422708/
Authentication,The end of OpenID?,https://lwn.net/Articles/425946/
Authentication,BrowserID: A new web authentication scheme,https://lwn.net/Articles/453065/
Authentication,Password storage on Android devices,https://lwn.net/Articles/453892/
Authentication,SSSD: System Security Services Daemon,https://lwn.net/Articles/457415/
Authentication,Enforcing password strength,https://lwn.net/Articles/462792/
Authentication,A Periodic Table of  password managers,https://lwn.net/Articles/466501/
Authentication,FreeIPA: centralized identity management for Linux,https://lwn.net/Articles/528735/
Authentication,PyCon: Mozilla Persona,https://lwn.net/Articles/543470/
Authentication,FreeOTP multi-factor authentication,https://lwn.net/Articles/581086/
Authentication,The YubiKey NEO,https://lwn.net/Articles/594498/
Authentication,Multi-factor authentication with U2F,https://lwn.net/Articles/607652/
Authentication,Smartcard features on the YubiKey NEO,https://lwn.net/Articles/618888/
Authentication,One-time passwords and GnuPG with Nitrokey,https://lwn.net/Articles/695438/
Authentication,OpenID for authentication,https://lwn.net/Articles/708151/
Authentication,A comparison of cryptographic keycards,https://lwn.net/Articles/736231/
Authentication,"Adding a ""duress"" password with PAM Duress",https://lwn.net/Articles/867158/
Authentication,Passwordless authentication with FIDO2—beyond just the web,https://lwn.net/Articles/923656/
Authentication,Fingerprint recognition using fprint,https://lwn.net/Articles/259363/
Authentication,Biometrics for identification,https://lwn.net/Articles/276205/
Authentication,A look at PAM face-recognition authentication,https://lwn.net/Articles/523199/
Authentication,Authentication bypass in routers,https://lwn.net/Articles/271867/
Automotive,Linux and automotive computing security,https://lwn.net/Articles/518923/
Automotive,The Internet of criminal things,https://lwn.net/Articles/658198/
Automotive,Inside the Volkswagen emissions cheating,https://lwn.net/Articles/670488/
Automotive,Automotive security and safety,https://lwn.net/Articles/673693/
Automotive,The Car Hacker's Handbook,https://lwn.net/Articles/680230/
Backdoors,The backdooring of WordPress,https://lwn.net/Articles/224997/
Backdoors,The backdooring of SquirrelMail,https://lwn.net/Articles/262688/
Backdoors,A backdoor in UnrealIRCd,https://lwn.net/Articles/392201/
Backdoors,Toward healthy paranoia,https://lwn.net/Articles/566241/
Backdoors,"event-stream, npm, and trust",https://lwn.net/Articles/773121/
Backdoors,A backdoor in a popular Ruby gem,https://lwn.net/Articles/785386/
Backdoors,How the XZ backdoor works,https://lwn.net/Articles/967192/
Backdoors,Free software's not-so-eXZellent adventure,https://lwn.net/Articles/967866/
Bash,Bash gets shellshocked,https://lwn.net/Articles/614218/
Berkeley Internet Name Daemon (BIND),Cache poisoning vulnerability found in BIND,https://lwn.net/Articles/242932/
Berkeley Internet Name Daemon (BIND),The dangers of weak random numbers,https://lwn.net/Articles/270091/
Best practices,Security in an error-prone world,https://lwn.net/Articles/662690/
Best practices,Core Infrastructure Initiative best-practices badge,https://lwn.net/Articles/690169/
Books,Book Review: Hacking VoIP,https://lwn.net/Articles/316206/
Books,Book review: Nmap Network Scanning,https://lwn.net/Articles/319567/
Books,The Car Hacker's Handbook,https://lwn.net/Articles/680230/
Bootloaders,Cracking Linux with the backspace key?,https://lwn.net/Articles/668695/
Botnets,Storm worm gains strength,https://lwn.net/Articles/247282/
Botnets,ITU getting serious about botnets,https://lwn.net/Articles/260201/
Botnets,Storm botnet used to study spam,https://lwn.net/Articles/306829/
Botnets,Linux botnets,https://lwn.net/Articles/325434/
Botnets,SCALE 8x: Ten million and one penguins,https://lwn.net/Articles/377780/
Botnets,Linux/Moose: Interesting but ineffective,https://lwn.net/Articles/647080/
Browser cookies,Session cookies for web applications,https://lwn.net/Articles/283383/
Browser cookies,Another kind of cookie,https://lwn.net/Articles/304993/
Browser cookies,Should web developers say no to cookie-based authentication?,https://lwn.net/Articles/380058/
BSD,Capsicum: practical capabilities for UNIX,https://lwn.net/Articles/482858/
BSD,Capsicum for Linux,https://lwn.net/Articles/604015/
Bug reporting,Counting vulnerabilities,https://lwn.net/Articles/239457/
Bug reporting,Cascading security updates,https://lwn.net/Articles/271092/
Bug reporting,Secrecy and the DNS flaw,https://lwn.net/Articles/289327/
Bug reporting,Injunction lifted against MIT students,https://lwn.net/Articles/294714/
Bug reporting,Partial disclosure,https://lwn.net/Articles/302348/
Bug reporting,Distribution advisories,https://lwn.net/Articles/308632/
Bug reporting,"""Vishing"" advisory targets Asterisk",https://lwn.net/Articles/311767/
Bug reporting,Vulnerability disclosure policies,https://lwn.net/Articles/395095/
Bug reporting,The future of vendor-sec,https://lwn.net/Articles/431808/
Bug reporting,Python vulnerability disclosure,https://lwn.net/Articles/440353/
Bug reporting,An odd vulnerability report for LibreOffice,https://lwn.net/Articles/461673/
Bug reporting,How long should security embargoes be?,https://lwn.net/Articles/479936/
Bug reporting,GitHub incidents spawns Rails security debate,https://lwn.net/Articles/485675/
Bug reporting,Responsible disclosure in open source: The crypt() vulnerability,https://lwn.net/Articles/500444/
Bug reporting,Stockpiling zero-day vulnerabilities,https://lwn.net/Articles/511289/
Bug reporting,A story of three kernel vulnerabilities,https://lwn.net/Articles/538898/
Bug reporting,Mayhem finds 1200 bugs,https://lwn.net/Articles/557055/
Bug reporting,Subverting Android package verification,https://lwn.net/Articles/558257/
Bug reporting,Full Disclosure back in full,https://lwn.net/Articles/592644/
Bug reporting,OpenBSD and the latest OpenSSL bugs,https://lwn.net/Articles/601958/
Bug reporting,Evaluating the LZO integer-overflow bug,https://lwn.net/Articles/604731/
Bug reporting,"RPM Fusion, wiki defacement, and bug reporting",https://lwn.net/Articles/606826/
Bug reporting,An overhyped GHOST,https://lwn.net/Articles/630866/
Bug reporting,OpenOffice and CVE-2015-1774,https://lwn.net/Articles/650411/
Bug reporting,Proprietary vulnerabilities,https://lwn.net/Articles/654297/
Bug reporting,Apache OpenOffice and CVE-2016-1513,https://lwn.net/Articles/695562/
Bug reporting,Dirty COW and clean commit messages,https://lwn.net/Articles/704231/
Bug reporting,Vulnerability hoarding and Wcry,https://lwn.net/Articles/722924/
Bug reporting,"CVE-2018-5390 and ""embargoes""",https://lwn.net/Articles/762512/
Bug reporting,Improving the handling of embargoed hardware-security bugs,https://lwn.net/Articles/769417/
Bug reporting,Lessons from the linux-distros mailing list,https://lwn.net/Articles/874069/
Bug reporting,Kernel security reporting for distributions,https://lwn.net/Articles/941745/
Bug reporting,CVE woes lead some to seek alternatives,https://lwn.net/Articles/679315/
Bug reporting,A new process for CVE assignment,https://lwn.net/Articles/716437/
Bug reporting,CVE-less vulnerabilities,https://lwn.net/Articles/791855/
Bug reporting,What to do about CVE numbers,https://lwn.net/Articles/801157/
Bug reporting,Resurrecting DWF,https://lwn.net/Articles/851849/
Bug reporting,The bogus CVE problem,https://lwn.net/Articles/944209/
Bug reporting,Supplementing CVEs with !CVEs,https://lwn.net/Articles/953738/
Bug reporting,A turning point for CVE numbers,https://lwn.net/Articles/961978/
Capabilities,Capsicum: practical capabilities for UNIX,https://lwn.net/Articles/482858/
Capabilities,CAP_SYS_ADMIN: the new root,https://lwn.net/Articles/486306/
Capabilities,The trouble with CAP_SYS_RAWIO,https://lwn.net/Articles/542327/
Capabilities,Capsicum for Linux,https://lwn.net/Articles/604015/
Capabilities,Inheriting capabilities,https://lwn.net/Articles/632520/
Capabilities,CAP_PERFMON — and new capabilities in general,https://lwn.net/Articles/812719/
Capabilities,A crop of new capabilities,https://lwn.net/Articles/822362/
CAPTCHA,Breaking CAPTCHA,https://lwn.net/Articles/274104/
CERT,GCC and pointer overflows,https://lwn.net/Articles/278137/
Certificate Authorities (CAs),Mozilla and CNNIC,https://lwn.net/Articles/372386/
Certificate Authorities (CAs),EFF analyzes SSL certificates and certificate authorities,https://lwn.net/Articles/399585/
Certificate Authorities (CAs),The case of the fraudulent SSL certificates,https://lwn.net/Articles/434998/
Certificate Authorities (CAs),Fallout from the fraudulent SSL certificates,https://lwn.net/Articles/435951/
Certificate Authorities (CAs),"Certificates and ""authorities""",https://lwn.net/Articles/457713/
Certificate Authorities (CAs),Convergence: User-controlled SSL certificate checking,https://lwn.net/Articles/463547/
Certificate Authorities (CAs),"A "".secure"" top-level domain",https://lwn.net/Articles/497254/
Certificate Authorities (CAs),Cyberoam deep packet inspection and certificates,https://lwn.net/Articles/506337/
Certificate Authorities (CAs),Debian and CAcert,https://lwn.net/Articles/590879/
Certificate Authorities (CAs),"The EFF announces ""Let's Encrypt""",https://lwn.net/Articles/621945/
Certificate Authorities (CAs),The Let's Encrypt certificate revocation scare,https://lwn.net/Articles/814389/
Certifications,Red Hat and IBM get certified,https://lwn.net/Articles/238993/
Certifications,Fedora and CAPP,https://lwn.net/Articles/310528/
Certifications,Core Infrastructure Initiative best-practices badge,https://lwn.net/Articles/690169/
chroot(),What chroot() is really for,https://lwn.net/Articles/252794/
chroot(),Unprivileged chroot(),https://lwn.net/Articles/849125/
Clang,Comparing GCC and Clang security features,https://lwn.net/Articles/798913/
C language,Safer flexible arrays for the kernel,https://lwn.net/Articles/908817/
Cloud,Managing security for the cloud,https://lwn.net/Articles/615153/
Cloud,Where to store your encrypted data,https://lwn.net/Articles/617370/
Code scanning,Mayhem finds 1200 bugs,https://lwn.net/Articles/557055/
Communication,A Matrix overview,https://lwn.net/Articles/835880/
Compression,Evaluating the LZO integer-overflow bug,https://lwn.net/Articles/604731/
Conferences,A report from the Enigma conference,https://lwn.net/Articles/747005/
Confidential computing,A proposed threat model for confidential computing,https://lwn.net/Articles/922986/
Containers,Linux capabilities support for user namespaces,https://lwn.net/Articles/420624/
Containers,LSS: Secure Linux containers,https://lwn.net/Articles/515034/
Containers,Sandstorm personal cloud platform,https://lwn.net/Articles/603485/
Containers,Hardware technologies for securing containers,https://lwn.net/Articles/656750/
Containers,"Audit, namespaces, and containers",https://lwn.net/Articles/699819/
Containers,Filesystem images and unprivileged containers,https://lwn.net/Articles/700422/
Containers,On the way to safe containers,https://lwn.net/Articles/700697/
Containers,Network security in the microservice environment,https://lwn.net/Articles/719638/
Containers,Kubernetes & security,https://lwn.net/Articles/720215/
Containers,Securing the container image supply chain,https://lwn.net/Articles/754443/
Containers,Easier container security with entitlements,https://lwn.net/Articles/755238/
Containers,Measuring container security,https://lwn.net/Articles/773976/
Containers,Handling the Kubernetes symbolic link vulnerability,https://lwn.net/Articles/775182/
Containers,A container-confinement breakout,https://lwn.net/Articles/781013/
Containers,Making containers safer,https://lwn.net/Articles/796700/
Containers,System-call interception for unprivileged containers,https://lwn.net/Articles/899281/
Containers,Progress for unprivileged containers,https://lwn.net/Articles/909627/
Containers,Another runc container breakout,https://lwn.net/Articles/961086/
Content blocking,Content blockers and Chrome's Manifest V3,https://lwn.net/Articles/879063/
Content integrity,HTML Subresource Integrity,https://lwn.net/Articles/692950/
Control-flow integrity,Improving control-flow integrity for Linux on RISC-V,https://lwn.net/Articles/977720/
Core Infrastructure Initiative,Assessing risk with the Core Infrastructure Initiative,https://lwn.net/Articles/651706/
Cross-site scripting (XSS),Extended Validation certificates and cross-site scripting,https://lwn.net/Articles/273006/
Cross-site scripting (XSS),Mozilla's Content Security Policy,https://lwn.net/Articles/339379/
Cross-site scripting (XSS),Cross-site scripting here at LWN,https://lwn.net/Articles/360301/
Cross-site scripting (XSS),Chrome reflective XSS protection,https://lwn.net/Articles/360424/
Cross-site scripting (XSS),LCA: CSP for cross-site scripting protection,https://lwn.net/Articles/536572/
Cryptographic devices,A comparison of cryptographic keycards,https://lwn.net/Articles/736231/
Cryptography,BruCON: Can we trust cryptography?,https://lwn.net/Articles/354897/
Cryptography,Bitcoin: Virtual money created by CPU cycles,https://lwn.net/Articles/414452/
Cryptography,Desktop Summit: Crypto consolidation,https://lwn.net/Articles/454491/
Cryptography,"On keys, trust, and webs",https://lwn.net/Articles/461594/
Cryptography,Forward secure sealing,https://lwn.net/Articles/512895/
Cryptography,A crypto library aimed at auditability,https://lwn.net/Articles/579044/
Cryptography,Does Fedora need a system-wide crypto policy?,https://lwn.net/Articles/589197/
Cryptography,The state of crypto in Python,https://lwn.net/Articles/595790/
Cryptography,The WebCrypto API,https://lwn.net/Articles/603769/
Cryptography,Darkcoin: A cryptocurrency with more anonymity,https://lwn.net/Articles/618184/
Cryptography,The FREAK crypto downgrade attack,https://lwn.net/Articles/635494/
Cryptography,The prospect of a crypto monoculture,https://lwn.net/Articles/681615/
Cryptography,Breaking Libgcrypt RSA via a side channel,https://lwn.net/Articles/727179/
Cryptography,ROCA: Return Of the Coppersmith Attack,https://lwn.net/Articles/738896/
Cryptography,Reconsidering Speck,https://lwn.net/Articles/761992/
Cryptography,Progress on Zinc (thus WireGuard),https://lwn.net/Articles/765965/
Cryptography,Zinc: a new kernel cryptography API,https://lwn.net/Articles/770750/
Cryptography,Adiantum: encryption for the low end,https://lwn.net/Articles/776721/
Cryptography,Cryptography and elections,https://lwn.net/Articles/810465/
Desktop,Desktop malware risk gets raised and patched,https://lwn.net/Articles/320707/
Desktop,"A desktop ""secrets"" API",https://lwn.net/Articles/344117/
Desktop,Linux malware: an incident and some solutions,https://lwn.net/Articles/367874/
Desktop,Where are the non-root X servers?,https://lwn.net/Articles/403862/
Desktop,Linux autorun vulnerabilities?,https://lwn.net/Articles/427135/
Desktop,Libsecret revealed,https://lwn.net/Articles/490518/
Desktop,The perils of desktop tracking,https://lwn.net/Articles/492873/
Desktop,GUADEC: Imagining Tor built-in to GNOME,https://lwn.net/Articles/510012/
Desktop,A look at PAM face-recognition authentication,https://lwn.net/Articles/523199/
Desktop,Security implications for user interface changes?,https://lwn.net/Articles/527365/
Desktop,Prompt-free security for GNOME,https://lwn.net/Articles/562902/
Desktop,"Matthew Garrett calls for the private, secure desktop",https://lwn.net/Articles/607047/
Desktop,GStreamer and the state of Linux desktop security,https://lwn.net/Articles/708196/
Desktop,"Maintainers for desktop ""critical infrastructure""",https://lwn.net/Articles/711337/
Detecting vulnerabilities,Capturing web attacks with open proxy honeypots,https://lwn.net/Articles/240120/
Detecting vulnerabilities,Bluepot: A honeypot for Bluetooth attacks,https://lwn.net/Articles/428317/
Deterministic builds,Verifying the source code for binaries,https://lwn.net/Articles/555761/
Deterministic builds,Security software verifiability,https://lwn.net/Articles/564263/
Deterministic builds,"Binary ""diversity""",https://lwn.net/Articles/565113/
Deterministic builds,Lots of progress for Debian's reproducible builds,https://lwn.net/Articles/630074/
Deterministic builds,Reproducible Android app builds,https://lwn.net/Articles/633273/
Deterministic builds,A status update on Debian's reproducible builds,https://lwn.net/Articles/657479/
Deterministic builds,Reproducible builds,https://lwn.net/Articles/719823/
Deterministic builds,Toward a fully reproducible Debian,https://lwn.net/Articles/757118/
Deterministic builds,"The history, status, and plans for reproducible builds",https://lwn.net/Articles/985739/
Device drivers,Free user space for non-graphics drivers,https://lwn.net/Articles/821817/
Distributions,ParanoidLinux: from fiction to reality,https://lwn.net/Articles/301314/
Distributions,Tin Hat: secured by running from RAM,https://lwn.net/Articles/324278/
Distributions,BackTrack 4: the security professional's toolbox,https://lwn.net/Articles/370439/
Distributions,"Fedora 13 to debut a security ""spin""",https://lwn.net/Articles/377100/
Distributions,IPFire 2.5: Firewalls and more,https://lwn.net/Articles/385045/
Distributions,Qubes: security by virtualization,https://lwn.net/Articles/386065/
Distributions,Lightweight Portable Security,https://lwn.net/Articles/419849/
Distributions,Deliberately insecure Linux distributions as practice targets,https://lwn.net/Articles/437221/
Distributions,The Amnesic Incognito Live System: A live CD for anonymity,https://lwn.net/Articles/440279/
Distributions,Security testing with BackBox 2,https://lwn.net/Articles/457958/
Distributions,Whonix for anonymity,https://lwn.net/Articles/520106/
Distributions,Tails reaches 1.0,https://lwn.net/Articles/596765/
Distributions,A look at FreedomBox 0.2,https://lwn.net/Articles/600373/
Distributions,"Anonymous, wireless file sharing with PirateBox",https://lwn.net/Articles/601243/
Distributions,Sandstorm personal cloud platform,https://lwn.net/Articles/603485/
Distributions,What's new in FreedomBox 0.3,https://lwn.net/Articles/630956/
Distributions,Qubes OS nears version 3.0,https://lwn.net/Articles/646055/
Distributions,"The private, anonymous desktop of Tails 2.0",https://lwn.net/Articles/674489/
Distributions,CopperheadOS: Securing the Android,https://lwn.net/Articles/675719/
Distributions,"Subgraph OS, a new security-centric desktop distribution",https://lwn.net/Articles/679366/
Distributions,New functionality and polish in FreedomBox 0.9,https://lwn.net/Articles/688843/
Distributions,BlackArch: a distribution for pen testing,https://lwn.net/Articles/700280/
Distributions,Qubes OS 3.2,https://lwn.net/Articles/705827/
Distributions,Life behind the tinfoil curtain,https://lwn.net/Articles/764048/
Distributions,Compartmentalized computing with CLIP OS,https://lwn.net/Articles/768819/
Distributions,"PureOS: freedom, privacy, and security",https://lwn.net/Articles/841105/
Distributions,A modest update to Qubes OS,https://lwn.net/Articles/962787/
Distribution security,LCA: How to improve Debian security,https://lwn.net/Articles/217870/
Distribution security,Security hardening for Debian,https://lwn.net/Articles/267961/
Distribution security,Eee PC security or lack thereof,https://lwn.net/Articles/269068/
Distribution security,"Debian, OpenSSL, and a lack of cooperation",https://lwn.net/Articles/282038/
Distribution security,Debian vulnerability has widespread effects,https://lwn.net/Articles/282230/
Distribution security,SELinux and Fedora,https://lwn.net/Articles/289224/
Distribution security,"Ubuntu, security response, and community contributions",https://lwn.net/Articles/290156/
Distribution security,Fedora distributes new keys,https://lwn.net/Articles/297568/
Distribution security,Distribution advisories,https://lwn.net/Articles/308632/
Distribution security,Fedora and CAPP,https://lwn.net/Articles/310528/
Distribution security,OpenVAS replacing Nessus in Debian,https://lwn.net/Articles/346733/
Distribution security,Fedora 12 and unprivileged package installation,https://lwn.net/Articles/362771/
Distribution security,Fedora's privilege escalation policy proposal,https://lwn.net/Articles/372515/
Distribution security,FOSDEM'10: Maemo 6 platform security,https://lwn.net/Articles/373780/
Distribution security,Distribution security response times,https://lwn.net/Articles/406559/
Distribution security,A high-level view of the MeeGo security landscape,https://lwn.net/Articles/415833/
Distribution security,The MeeGo security framework,https://lwn.net/Articles/416771/
Distribution security,"CentOS 5, RHEL 5.6, and security updates",https://lwn.net/Articles/429364/
Distribution security,Arch Linux and (the lack of) package signing,https://lwn.net/Articles/434990/
Distribution security,MeeGo rethinks privacy protection,https://lwn.net/Articles/438133/
Distribution security,UDS security discussions,https://lwn.net/Articles/443279/
Distribution security,Phones and permissions,https://lwn.net/Articles/445866/
Distribution security,Security testing tools for Fedora,https://lwn.net/Articles/454532/
Distribution security,Six years of RHEL 4 security,https://lwn.net/Articles/455371/
Distribution security,Security response: how are we doing?,https://lwn.net/Articles/467615/
Distribution security,How long should security embargoes be?,https://lwn.net/Articles/479936/
Distribution security,Exploring options for the openSUSE security policy,https://lwn.net/Articles/498282/
Distribution security,Fedora and secure release upgrades,https://lwn.net/Articles/529501/
Distribution security,Distributions face the MoinMoin and Rails vulnerabilities,https://lwn.net/Articles/531929/
Distribution security,Code authenticity checking,https://lwn.net/Articles/548857/
Distribution security,Upgrading Debian's keys,https://lwn.net/Articles/588266/
Distribution security,Does Fedora need a system-wide crypto policy?,https://lwn.net/Articles/589197/
Distribution security,Debian forms Off-the-Record team,https://lwn.net/Articles/594928/
Distribution security,Fedora's firewall furor,https://lwn.net/Articles/595612/
Distribution security,Fedora mulls providing a local DNSSEC resolver,https://lwn.net/Articles/599385/
Distribution security,Apt vulnerability sparks Debian security discussion,https://lwn.net/Articles/602461/
Distribution security,The security of git.centos.org,https://lwn.net/Articles/605490/
Distribution security,"RPM Fusion, wiki defacement, and bug reporting",https://lwn.net/Articles/606826/
Distribution security,Fedora 21 and its Workstation firewall,https://lwn.net/Articles/626302/
Distribution security,"Fedora and ""strong"" passwords",https://lwn.net/Articles/631522/
Distribution security,Key management with Gentoo Keys,https://lwn.net/Articles/634777/
Distribution security,Toward secure package downloads,https://lwn.net/Articles/637595/
Distribution security,Fedora revisits password policies,https://lwn.net/Articles/639405/
Distribution security,Previewing OpenWrt 15.05,https://lwn.net/Articles/649870/
Distribution security,Trouble at Linux Mint — and beyond,https://lwn.net/Articles/676967/
Distribution security,Fedora and SELinux relabeling,https://lwn.net/Articles/693620/
Distribution security,Debian to shift to a modern GnuPG,https://lwn.net/Articles/696561/
Distribution security,Supporting UEFI secure boot in Debian,https://lwn.net/Articles/703001/
Distribution security,Qubes OS and colored-border spoofing,https://lwn.net/Articles/704287/
Distribution security,Debian considering automated upgrades,https://lwn.net/Articles/709201/
Distribution security,Using systemd for more secure services in Fedora,https://lwn.net/Articles/709755/
Distribution security,Toward a fully reproducible Debian,https://lwn.net/Articles/757118/
Distribution security,Signing and distributing Gentoo,https://lwn.net/Articles/759467/
Distribution security,Limiting the power of package installation in Debian,https://lwn.net/Articles/770784/
Distribution security,Fedora security response time,https://lwn.net/Articles/818860/
Distribution security,Removing run-time disabling for SELinux in Fedora,https://lwn.net/Articles/831748/
Distribution security,OpenWrt and SELinux,https://lwn.net/Articles/832876/
Distribution security,OpenWrt and self-signed certificates,https://lwn.net/Articles/837491/
Distribution security,Bootstrappable builds,https://lwn.net/Articles/841797/
Distribution security,A possible step toward integrity measurement for Fedora,https://lwn.net/Articles/842002/
Distribution security,Fedora and supply-chain attacks,https://lwn.net/Articles/859965/
Distribution security,Lessons from the linux-distros mailing list,https://lwn.net/Articles/874069/
Distribution security,Adding fs-verity support for Fedora 36?,https://lwn.net/Articles/878281/
Distribution security,Locked root and rescue mode,https://lwn.net/Articles/879272/
Distribution security,Another Fedora integrity-management proposal,https://lwn.net/Articles/880263/
Distribution security,Fedora and pkexec,https://lwn.net/Articles/883547/
Distribution security,Kernel security reporting for distributions,https://lwn.net/Articles/941745/
Distribution security,Trust and mirrors,https://lwn.net/Articles/290209/
Distribution security,Attacks on package managers,https://lwn.net/Articles/327847/
Distribution security,LSS: Security modules and RPM,https://lwn.net/Articles/518265/
Distribution security,Subverting Android package verification,https://lwn.net/Articles/558257/
Distribution security,SELinuxDenyPtrace and security by default,https://lwn.net/Articles/491440/
DNSSEC,Supporting secure DNS in glibc,https://lwn.net/Articles/664776/
DNSSEC,Fedora and DNSSEC,https://lwn.net/Articles/667272/
DNSSEC,Adopting DNSSEC,https://lwn.net/Articles/708904/
Document Object Model (DOM),Finding bugs lurking in the DOM,https://lwn.net/Articles/267172/
Document Object Model (DOM),Leaking browser history,https://lwn.net/Articles/287498/
Domain Name System (DNS),DNSCurve: an alternative to DNSSEC,https://lwn.net/Articles/340528/
Domain Name System (DNS),TCP cookie transactions,https://lwn.net/Articles/366986/
Domain Name System (DNS),An interesting DNSSEC amplification,https://lwn.net/Articles/395934/
Domain Name System (DNS),SOPA and PIPA,https://lwn.net/Articles/475892/
Domain Name System (DNS),"A "".secure"" top-level domain",https://lwn.net/Articles/497254/
Domain Name System (DNS),ICANN adds new gTLDs,https://lwn.net/Articles/502692/
Domain Name System (DNS),LSS: DNSSEC,https://lwn.net/Articles/516797/
Domain Name System (DNS),Potential pitfalls in DNS handling,https://lwn.net/Articles/523687/
Domain Name System (DNS),Fedora mulls providing a local DNSSEC resolver,https://lwn.net/Articles/599385/
Domain Name System (DNS),The Glibc DNS resolution vulnerability,https://lwn.net/Articles/676809/
Domain Name System (DNS),Cache poisoning vulnerability found in BIND,https://lwn.net/Articles/242932/
Domain Name System (DNS),Secrecy and the DNS flaw,https://lwn.net/Articles/289327/
Domain Name System (DNS),Details of the DNS flaw revealed,https://lwn.net/Articles/293647/
Dynamic linking,How the XZ backdoor works,https://lwn.net/Articles/967192/
Email,Trustedbird: Additional email security for Thunderbird,https://lwn.net/Articles/375994/
Email,Potential pitfalls in DNS handling,https://lwn.net/Articles/523687/
Email,Email insecurities,https://lwn.net/Articles/573711/
Email,Enigmail vs Thunderbird vs line-wrapping,https://lwn.net/Articles/584542/
Email,End-To-End webmail encryption,https://lwn.net/Articles/603182/
Email,Dark Mail publishes its secure-email architecture,https://lwn.net/Articles/628621/
Email,The security benefits of using Gmail,https://lwn.net/Articles/649138/
Email,A beta release and a new license for Mailpile,https://lwn.net/Articles/652006/
Email,SMTP Strict Transport Security,https://lwn.net/Articles/684462/
Email,Backscatter increase clogs inboxes,https://lwn.net/Articles/277304/
Email,On comment spam,https://lwn.net/Articles/397672/
Email,SpamAssassin 3.4.1 released,https://lwn.net/Articles/643175/
Email,A look at Rspamd,https://lwn.net/Articles/649940/
Email,Spam reduction with greylisting,https://lwn.net/Articles/703059/
Embedded devices,How to (not) fix a security flaw,https://lwn.net/Articles/784758/
Embedded systems,Threat models for embedded devices,https://lwn.net/Articles/382776/
Embedded systems,BruCON: How to take over the world by breaking into embedded systems,https://lwn.net/Articles/407459/
Embedded systems,"Default ""secrets""",https://lwn.net/Articles/421642/
Embedded systems,Printer vulnerabilities via firmware update,https://lwn.net/Articles/469865/
Embedded systems,Exploiting network-enabled digital cameras,https://lwn.net/Articles/545226/
Embedded systems,Integrity and embedded devices,https://lwn.net/Articles/568943/
Embedded systems,The Internet of criminal things,https://lwn.net/Articles/658198/
Embedded systems,The Internet of Onions,https://lwn.net/Articles/695910/
Embedded systems,An unpleasant surprise for My Book Live owners,https://lwn.net/Articles/861235/
Encryption,"GUADEC: Danny O'Brien on privacy, encryption, and the desktop",https://lwn.net/Articles/398545/
Encryption,Thwarting internet censors with Collage,https://lwn.net/Articles/403193/
Encryption,Tarsnap advisory provides a few lessons,https://lwn.net/Articles/423747/
Encryption,A hole in crypt_blowfish,https://lwn.net/Articles/448699/
Encryption,Martus: Software for human rights groups,https://lwn.net/Articles/463404/
Encryption,IBM's homomorphic encryption library,https://lwn.net/Articles/549665/
Encryption,Let's talk about perfect forward secrecy,https://lwn.net/Articles/572926/
Encryption,GNU virtual private Ethernet,https://lwn.net/Articles/573952/
Encryption,Secure text messaging for CyanogenMod,https://lwn.net/Articles/576606/
Encryption,Debian forms Off-the-Record team,https://lwn.net/Articles/594928/
Encryption,XMPP switches on mandatory encryption,https://lwn.net/Articles/599647/
Encryption,TrueCrypt abruptly shuts down,https://lwn.net/Articles/600658/
Encryption,"Don't Panic about ""going dark""",https://lwn.net/Articles/674468/
Encryption,"Apple, iPhones, and encryption",https://lwn.net/Articles/680232/
Encryption,The perils of federated protocols,https://lwn.net/Articles/687294/
Encryption,Inline encryption support for block devices,https://lwn.net/Articles/717754/
Encryption,Bringing encryption restrictions in through the back door,https://lwn.net/Articles/815137/
Encryption,"""Evil Maid"" attack against disk encryption",https://lwn.net/Articles/359145/
Encryption,Attacking full-disk encryption with Inception,https://lwn.net/Articles/531920/
Encryption,"Thwarting the ""evil maid""",https://lwn.net/Articles/651021/
Encryption,Another attempt at DMCA reform - sort of,https://lwn.net/Articles/224109/
Encryption,OpenOffice and document encryption portability,https://lwn.net/Articles/488816/
Encryption,Email privacy,https://lwn.net/Articles/257499/
Encryption,Trustedbird: Additional email security for Thunderbird,https://lwn.net/Articles/375994/
Encryption,STEED: End-to-end email encryption,https://lwn.net/Articles/464137/
Encryption,Enigmail vs Thunderbird vs line-wrapping,https://lwn.net/Articles/584542/
Encryption,End-To-End webmail encryption,https://lwn.net/Articles/603182/
Encryption,The GnuPG 2.1 release,https://lwn.net/Articles/624146/
Encryption,Monkeysign 2.0,https://lwn.net/Articles/627230/
Encryption,Felony PGP,https://lwn.net/Articles/696172/
Encryption,Strategies for offline PGP key storage,https://lwn.net/Articles/734767/
Encryption,Future directions for PGP,https://lwn.net/Articles/742542/
Encryption,OpenPGP signature spoofing using HTML,https://lwn.net/Articles/767717/
Encryption,Encrypted file transfer with Magic Wormhole,https://lwn.net/Articles/692061/
Encryption,The Tahoe secure filesystem,https://lwn.net/Articles/280483/
Encryption,Ext4 encryption,https://lwn.net/Articles/639427/
Encryption,Encrypted file backup for ext4,https://lwn.net/Articles/668083/
Encryption,Adding encryption to Btrfs,https://lwn.net/Articles/701263/
Encryption,Giving Upspin a spin,https://lwn.net/Articles/716409/
Encryption,Inline encryption for filesystems,https://lwn.net/Articles/797309/
Encryption,"Encryption, the NSA, and the front door",https://lwn.net/Articles/641435/
Encryption,Trusted and encrypted keys,https://lwn.net/Articles/408439/
Encryption,"Default ""secrets""",https://lwn.net/Articles/421642/
Encryption,On keys and users,https://lwn.net/Articles/448504/
Encryption,SCALE: The Hockeypuck key server,https://lwn.net/Articles/542577/
Encryption,Key management with Gentoo Keys,https://lwn.net/Articles/634777/
Encryption,"Keysafe, a cloud-based key backup proposal",https://lwn.net/Articles/696765/
Encryption,Secure key handling using the TPM,https://lwn.net/Articles/768419/
Encryption,OpenPGP certificate flooding,https://lwn.net/Articles/792366/
Encryption,Maintaining the kernel's web of trust,https://lwn.net/Articles/798230/
Encryption,SGX: when 20 patch versions aren't enough,https://lwn.net/Articles/786487/
Encryption,Bringing Signal to the desktop,https://lwn.net/Articles/680821/
Encryption,A look at the OMEMO protocol,https://lwn.net/Articles/691315/
Encryption,Ring 1.0 is released,https://lwn.net/Articles/728940/
Encryption,GSM encryption crack made public,https://lwn.net/Articles/368861/
Encryption,Transport-level encryption with Tcpcrypt,https://lwn.net/Articles/401943/
Encryption,Blocking DPI with Dust,https://lwn.net/Articles/565604/
Encryption,Decentralization for the web,https://lwn.net/Articles/652580/
Encryption,Virtual private networks with WireGuard,https://lwn.net/Articles/748582/
Encryption,WireGuarding the mainline,https://lwn.net/Articles/761939/
Encryption,Whither WireGuard?,https://lwn.net/Articles/783973/
Encryption,WireGuard and the crypto API,https://lwn.net/Articles/802376/
Encryption,"A different sort of ""Fake Linus Torvalds""",https://lwn.net/Articles/697417/
Encryption,A schism in the OpenPGP world,https://lwn.net/Articles/953797/
Encryption,A side-channel attack on GnuPG,https://lwn.net/Articles/675912/
Encryption,"KRACK, ROCA, and device insecurity",https://lwn.net/Articles/736736/
Encryption,ROCA: Return Of the Coppersmith Attack,https://lwn.net/Articles/738896/
Encryption,The future of unencrypted web traffic,https://lwn.net/Articles/263554/
Encryption,Deep packet inspection,https://lwn.net/Articles/290909/
Encryption,HTTPS Everywhere brings HTTPS almost everywhere,https://lwn.net/Articles/394289/
Encryption,LFNW: Seth Schoen stumps for SSL,https://lwn.net/Articles/441268/
Encryption,HTTPS interception in Nokia's mobile browser,https://lwn.net/Articles/533496/
Encryption,Subverting HTTPS with BREACH,https://lwn.net/Articles/562210/
Encryption,"The EFF announces ""Let's Encrypt""",https://lwn.net/Articles/621945/
Encryption,The HTTPS bicycle attack,https://lwn.net/Articles/672278/
Encryption,The Let's Encrypt certificate revocation scare,https://lwn.net/Articles/814389/
Encryption,Encrypting users' web data with Grendel,https://lwn.net/Articles/371479/
Firefox,Firefox security status,https://lwn.net/Articles/237187/
Firefox,Firefox 3 SSL certificate warnings,https://lwn.net/Articles/295810/
Firefox,Firefox security add-ons,https://lwn.net/Articles/315867/
Firefox,Firefox locks down the components directory,https://lwn.net/Articles/363568/
Firefox,Mozilla's Plugin Check,https://lwn.net/Articles/391479/
Firefox,HTTPS Everywhere brings HTTPS almost everywhere,https://lwn.net/Articles/394289/
Firmware,BadUSB: Clever but not novel,https://lwn.net/Articles/608503/
Firmware,The dangers from component firmware,https://lwn.net/Articles/610423/
Firmware,Matthew Garrett versus IPMI,https://lwn.net/Articles/630778/
Firmware,Bricking systems using rm,https://lwn.net/Articles/674940/
Firmware,Intel's zero-day problem,https://lwn.net/Articles/721586/
Flash,"Flash blocking, exploits, and replacements",https://lwn.net/Articles/651107/
Free software infrastructure,On the security of our processes and infrastructure,https://lwn.net/Articles/458099/
Free software infrastructure,Kernel.org's road to recovery,https://lwn.net/Articles/461552/
Free software infrastructure,"On keys, trust, and webs",https://lwn.net/Articles/461594/
Free software infrastructure,KS2011: Kernel.org report,https://lwn.net/Articles/464233/
Free software infrastructure,Safeguarding GNOME.org with an upload lockdown,https://lwn.net/Articles/467598/
Fuzzing,Fusil: a Python fuzzing library,https://lwn.net/Articles/322826/
Fuzzing,Fuzz and strings,https://lwn.net/Articles/621682/
Fuzzing,Filesystem fuzzing,https://lwn.net/Articles/637151/
Fuzzing,Fuzzing perf_events,https://lwn.net/Articles/653382/
Fuzzing,Fuzzing with american fuzzy lop,https://lwn.net/Articles/657959/
Fuzzing,Coverage-guided kernel fuzzing with syzkaller,https://lwn.net/Articles/677764/
Fuzzing,Fuzzing filesystems with AFL,https://lwn.net/Articles/685182/
Fuzzing,A trio of fuzzers,https://lwn.net/Articles/705937/
Fuzzing,Fuzzing open source,https://lwn.net/Articles/710534/
Fuzzing,More from the testing and fuzzing microconference,https://lwn.net/Articles/735034/
Fuzzing,A survey of some free fuzzing tools,https://lwn.net/Articles/744269/
Fuzzing,CVE-less vulnerabilities,https://lwn.net/Articles/791855/
Fuzzing,Scrutinizing bugs found by syzbot,https://lwn.net/Articles/872649/
GCC,GCC and pointer overflows,https://lwn.net/Articles/278137/
GCC,Comparing GCC and Clang security features,https://lwn.net/Articles/798913/
GCC,Supporting CHERI capabilities in GCC and glibc,https://lwn.net/Articles/909265/
Git,A vulnerability in Git,https://lwn.net/Articles/848935/
Glibc,Two glibc vulnerabilities,https://lwn.net/Articles/412048/
Glibc,The ups and downs of strlcpy(),https://lwn.net/Articles/507319/
Glibc,Adding strlcpy() to glibc,https://lwn.net/Articles/612244/
Glibc,The Glibc DNS resolution vulnerability,https://lwn.net/Articles/676809/
GNU Privacy Guard (GPG),An update on GnuPG,https://lwn.net/Articles/735840/
GNU Privacy Guard (GPG),Future directions for PGP,https://lwn.net/Articles/742542/
GNU Privacy Guard (GPG),A schism in the OpenPGP world,https://lwn.net/Articles/953797/
Graphics,Security processes and the X.org flaw,https://lwn.net/Articles/477062/
Graphics,XDC2012: Graphics stack security,https://lwn.net/Articles/517375/
Hardening,Security hardening for Debian,https://lwn.net/Articles/267961/
Hardening,LSS: The kernel hardening roundtable,https://lwn.net/Articles/458805/
Hardening,Debian and Suhosin,https://lwn.net/Articles/479716/
Hardening,Shadow hardening,https://lwn.net/Articles/487620/
Hardening,Kernel security: beyond bug fixing,https://lwn.net/Articles/662219/
Hardening,Post-init read-only memory,https://lwn.net/Articles/666550/
Hardening,Two approaches to reference count hardening,https://lwn.net/Articles/693038/
Hardening,State of the Kernel Self Protection Project,https://lwn.net/Articles/698827/
Hardening,A pair of GCC plugins,https://lwn.net/Articles/712161/
Hardening,A return-oriented programming defense from OpenBSD,https://lwn.net/Articles/732201/
Hardening,OpenBSD's unveil(),https://lwn.net/Articles/767137/
Hardening,"Hardening the ""file"" utility for Debian",https://lwn.net/Articles/796108/
Hardening,OpenBSD system-call-origin verification,https://lwn.net/Articles/806776/
Hardening,Handling brute force attacks in the kernel,https://lwn.net/Articles/849531/
Hardening,OpenBSD system-call pinning,https://lwn.net/Articles/959562/
Hardware,Attacking network cards,https://lwn.net/Articles/284162/
Hardware,WebGL vulnerabilities,https://lwn.net/Articles/444672/
Hardware,Trusting the hardware too much,https://lwn.net/Articles/479653/
Hardware,Stealthy network penetration,https://lwn.net/Articles/508020/
Hardware,Attacking full-disk encryption with Inception,https://lwn.net/Articles/531920/
Hardware,BadUSB: Clever but not novel,https://lwn.net/Articles/608503/
Hardware,The dangers from component firmware,https://lwn.net/Articles/610423/
Hardware,Hardware technologies for securing containers,https://lwn.net/Articles/656750/
Hardware,A kernel TEE party,https://lwn.net/Articles/717125/
Hardware,ARM pointer authentication,https://lwn.net/Articles/718888/
Hardware,Intel's zero-day problem,https://lwn.net/Articles/721586/
Hardware,USBGuard: authorization for USB,https://lwn.net/Articles/738306/
Hardware vulnerabilities,Notes from the Intelpocalypse,https://lwn.net/Articles/742702/
Hardware vulnerabilities,Meltdown strikes back: the L1 terminal fault vulnerability,https://lwn.net/Articles/762570/
Hardware vulnerabilities,Toward better handling of hardware vulnerabilities,https://lwn.net/Articles/764593/
Hardware vulnerabilities,Live patching for CPU vulnerabilities,https://lwn.net/Articles/775264/
Hardware vulnerabilities,The Thunderclap vulnerabilities,https://lwn.net/Articles/782381/
Hardware vulnerabilities,Grand Schemozzle: Spectre continues to haunt,https://lwn.net/Articles/795637/
Hijacking,OpenSSH bug falls through the cracks,https://lwn.net/Articles/277115/
Home network,The Freedom Box gets off the ground,https://lwn.net/Articles/429230/
Home network,LinuxCon: FreedomBox update and plans,https://lwn.net/Articles/456220/
Home network,Can FreedomBox be an alternative to commercial home routers?,https://lwn.net/Articles/504954/
Home network,Picking a MAC address for a FreedomBox,https://lwn.net/Articles/528112/
Home network,A look at FreedomBox 0.2,https://lwn.net/Articles/600373/
Home network,The EFF launches a router project,https://lwn.net/Articles/606906/
Home network,What's new in FreedomBox 0.3,https://lwn.net/Articles/630956/
Home network,Linux/Moose: Interesting but ineffective,https://lwn.net/Articles/647080/
Home network,Previewing OpenWrt 15.05,https://lwn.net/Articles/649870/
Home network,WiFi routers: from lockdown to lock-open,https://lwn.net/Articles/660536/
Home network,New functionality and polish in FreedomBox 0.9,https://lwn.net/Articles/688843/
Home network,The Turris Omnia router: help for the IoT mess?,https://lwn.net/Articles/705051/
Home network,Turris: secure open-source routers,https://lwn.net/Articles/782886/
Identity management,Bandit: multi-protocol identity management,https://lwn.net/Articles/251696/
Identity management,OpenID 2.0 closing in on acceptance,https://lwn.net/Articles/256635/
Identity management,OpenID Connect,https://lwn.net/Articles/390626/
Identity management,The end of OpenID?,https://lwn.net/Articles/425946/
Identity management,BrowserID: A new web authentication scheme,https://lwn.net/Articles/453065/
Identity management,SSSD: System Security Services Daemon,https://lwn.net/Articles/457415/
Identity management,FreeIPA: centralized identity management for Linux,https://lwn.net/Articles/528735/
Identity management,PyCon: Mozilla Persona,https://lwn.net/Articles/543470/
Identity management,OpenID for authentication,https://lwn.net/Articles/708151/
Incident response,Schneier on incident response,https://lwn.net/Articles/612818/
Information leak,Our devices are spilling our secrets,https://lwn.net/Articles/243567/
Information leak,Sanitizing kernel memory,https://lwn.net/Articles/334747/
Information leak,"Page sanitization, part 2",https://lwn.net/Articles/335698/
Information leak,The HTTPS bicycle attack,https://lwn.net/Articles/672278/
Information leak,Scanning for secrets,https://lwn.net/Articles/851670/
Information leak,Preventing information leaks from ext4 filesystems,https://lwn.net/Articles/854054/
Integrity,Bootstrappable builds,https://lwn.net/Articles/841797/
Integrity,A possible step toward integrity measurement for Fedora,https://lwn.net/Articles/842002/
Integrity,Adding fs-verity support for Fedora 36?,https://lwn.net/Articles/878281/
Integrity,Another Fedora integrity-management proposal,https://lwn.net/Articles/880263/
Integrity management,Integrity management in the kernel,https://lwn.net/Articles/227937/
Integrity management,System integrity in Linux,https://lwn.net/Articles/309441/
Integrity management,Integrity management using Intel TXT,https://lwn.net/Articles/326747/
Integrity management,Enabling DRM in the kernel?,https://lwn.net/Articles/333825/
Integrity management,Enabling Intel TXT in Fedora,https://lwn.net/Articles/382077/
Integrity management,The return of EVM,https://lwn.net/Articles/394170/
Integrity management,"UEFI and ""secure boot""",https://lwn.net/Articles/447381/
Integrity management,"Fedora reexamines ""trusted boot""",https://lwn.net/Articles/449590/
Integrity management,An update on UEFI secure boot,https://lwn.net/Articles/464394/
Integrity management,IMA appraisal extension,https://lwn.net/Articles/488906/
Integrity management,LSS: Integrity for directories and special files,https://lwn.net/Articles/516334/
Integrity management,Integrity and embedded devices,https://lwn.net/Articles/568943/
Integrity management,"Docker image ""verification""",https://lwn.net/Articles/628343/
Integrity management,Android Verified Boot,https://lwn.net/Articles/638627/
Integrity management,Toward measured boot out of the box,https://lwn.net/Articles/699551/
Integrity management,File-level integrity,https://lwn.net/Articles/752614/
Integrity management,A kernel integrity subsystem update,https://lwn.net/Articles/753276/
Integrity management,Signing and distributing Gentoo,https://lwn.net/Articles/759467/
Integrity management,Protecting files with fs-verity,https://lwn.net/Articles/763729/
Integrity management,A setback for fs-verity,https://lwn.net/Articles/775872/
Integrity management,Yet another try for fs-verity,https://lwn.net/Articles/790185/
Integrity management,The future for general-purpose computing,https://lwn.net/Articles/839397/
Internet,SCADA system vulnerabilities,https://lwn.net/Articles/285744/
Internet,Deep packet inspection,https://lwn.net/Articles/290909/
Internet,Pogoplug makes internet data sharing easy,https://lwn.net/Articles/365826/
Internet,TCP cookie transactions,https://lwn.net/Articles/366986/
Internet,Security in the 20-teens,https://lwn.net/Articles/371719/
Internet,The Freedom Box gets off the ground,https://lwn.net/Articles/429230/
Internet,Phantom: Decentralized anonymous networking,https://lwn.net/Articles/446623/
Internet,Unpredictable sequence numbers,https://lwn.net/Articles/455270/
Internet,LinuxCon: FreedomBox update and plans,https://lwn.net/Articles/456220/
Internet,A hole in telnetd,https://lwn.net/Articles/474243/
Internet,Cyberoam deep packet inspection and certificates,https://lwn.net/Articles/506337/
Internet,Picking a MAC address for a FreedomBox,https://lwn.net/Articles/528112/
Internet,Inferring TCP sequence numbers,https://lwn.net/Articles/531090/
Internet,Encouraging a wider view,https://lwn.net/Articles/567977/
Internet,Practical security for 2014,https://lwn.net/Articles/579731/
Internet,XMPP switches on mandatory encryption,https://lwn.net/Articles/599647/
Internet,A look at FreedomBox 0.2,https://lwn.net/Articles/600373/
Internet,What's new in FreedomBox 0.3,https://lwn.net/Articles/630956/
Internet,New functionality and polish in FreedomBox 0.9,https://lwn.net/Articles/688843/
Internet,Resisting the centralization of network infrastructure,https://lwn.net/Articles/697398/
Internet,STARTTLS considered harmful,https://lwn.net/Articles/866481/
Internet,Internet censorship and OONI,https://lwn.net/Articles/496099/
Internet,Weaponizing middleboxes,https://lwn.net/Articles/869842/
Internet,Capturing web attacks with open proxy honeypots,https://lwn.net/Articles/240120/
Internet,Creating an SSH honeypot,https://lwn.net/Articles/848291/
Internet,Home routers and security flaws,https://lwn.net/Articles/253830/
Internet,Linux adds router denial-of-service prevention,https://lwn.net/Articles/379070/
Internet,The EFF launches a router project,https://lwn.net/Articles/606906/
Internet,WiFi routers: from lockdown to lock-open,https://lwn.net/Articles/660536/
Internet,The Turris Omnia router: help for the IoT mess?,https://lwn.net/Articles/705051/
Internet,Turris: secure open-source routers,https://lwn.net/Articles/782886/
Internet,SOPA and PIPA,https://lwn.net/Articles/475892/
Internet,Cybersecurity and CISPA,https://lwn.net/Articles/495445/
Internet,Eavesdropping on Tor traffic,https://lwn.net/Articles/249388/
Internet,TorProxy and Shadow,https://lwn.net/Articles/356598/
Internet,Tor offers SSL obfuscation for users behind censorship walls,https://lwn.net/Articles/481595/
Internet,GUADEC: Imagining Tor built-in to GNOME,https://lwn.net/Articles/510012/
Internet,DeadDrop and Strongbox,https://lwn.net/Articles/551085/
Internet,Tor peels back Browser Bundle 3.0 alpha,https://lwn.net/Articles/554912/
Internet,Tor and browser vulnerabilities,https://lwn.net/Articles/562314/
Internet,Spoiled onions and Tor exit relays,https://lwn.net/Articles/583171/
Internet,Stem 1.3 makes hidden services easier to deploy,https://lwn.net/Articles/632914/
Internet,Direct onion services over Tor,https://lwn.net/Articles/640295/
Internet,Easier and more secure browsing in Tor Browser 4.5,https://lwn.net/Articles/642225/
Internet,Tor and library freedom,https://lwn.net/Articles/653335/
Internet,Shifting feature sets and search engines in Tor Browser 6,https://lwn.net/Articles/689510/
Internet,The Internet of Onions,https://lwn.net/Articles/695910/
Internet,"CloudFlare, Tor, and eliminating CAPTCHAs",https://lwn.net/Articles/702399/
Internet,Tor gets financial support for Arti development,https://lwn.net/Articles/863502/
Internet,The Skype outage,https://lwn.net/Articles/246255/
Internet,"""Vishing"" advisory targets Asterisk",https://lwn.net/Articles/311767/
Internet,Book Review: Hacking VoIP,https://lwn.net/Articles/316206/
Internet,A trojan for Skype,https://lwn.net/Articles/350352/
Internet of Things (IoT),The Internet of scary things,https://lwn.net/Articles/712911/
Internet of Things (IoT),Antipatterns in IoT security,https://lwn.net/Articles/733512/
Internet of Things (IoT),Open-source trusted computing for IoT,https://lwn.net/Articles/747564/
Internet of Things (IoT),The properties of secure IoT devices,https://lwn.net/Articles/799345/
io_uring,Auditing io_uring,https://lwn.net/Articles/858023/
Jails,What chroot() is really for,https://lwn.net/Articles/252794/
Javascript,Web security vulnerabilities and Javascript,https://lwn.net/Articles/266303/
Javascript,All the malware that's fit to print,https://lwn.net/Articles/353037/
Kernel.org,On the security of our processes and infrastructure,https://lwn.net/Articles/458099/
Kernel.org,Kernel.org's road to recovery,https://lwn.net/Articles/461552/
Kernel.org,KS2011: Kernel.org report,https://lwn.net/Articles/464233/
Kernel stack,An ancient kernel hole is closed,https://lwn.net/Articles/400746/
Keynotes,Encouraging a wider view,https://lwn.net/Articles/567977/
Keynotes,Security and boundaries,https://lwn.net/Articles/609003/
Keynotes,Schneier on incident response,https://lwn.net/Articles/612818/
Keynotes,The bug parade meets the zombies,https://lwn.net/Articles/613392/
Kubernetes,Kubernetes & security,https://lwn.net/Articles/720215/
Kubernetes,BPF for security—and chaos—in Kubernetes,https://lwn.net/Articles/790684/
Legislation,SOPA and PIPA,https://lwn.net/Articles/475892/
Legislation,Cybersecurity and CISPA,https://lwn.net/Articles/495445/
Legislation,Stockpiling zero-day vulnerabilities,https://lwn.net/Articles/511289/
Legislation,Bringing encryption restrictions in through the back door,https://lwn.net/Articles/815137/
Linux kernel,revoke() returns,https://lwn.net/Articles/262528/
Linux kernel,vmsplice(): the making of a local root exploit,https://lwn.net/Articles/268783/
Linux kernel,The rest of the vmsplice() exploit story,https://lwn.net/Articles/271688/
Linux kernel,Handling kernel security problems,https://lwn.net/Articles/290227/
Linux kernel,"Kernel security, year to date",https://lwn.net/Articles/297366/
Linux kernel,System calls and rootkits,https://lwn.net/Articles/297500/
Linux kernel,DR rootkit released under the GPL,https://lwn.net/Articles/297775/
Linux kernel,The future for grsecurity,https://lwn.net/Articles/313621/
Linux kernel,Seccomp and sandboxing,https://lwn.net/Articles/332974/
Linux kernel,Sanitizing kernel memory,https://lwn.net/Articles/334747/
Linux kernel,"Page sanitization, part 2",https://lwn.net/Articles/335698/
Linux kernel,"Fun with NULL pointers, part 1",https://lwn.net/Articles/342330/
Linux kernel,"Fun with NULL pointers, part 2",https://lwn.net/Articles/342420/
Linux kernel,"Null pointers, one month later",https://lwn.net/Articles/347390/
Linux kernel,/proc and directory permissions,https://lwn.net/Articles/359219/
Linux kernel,Another null pointer exploit,https://lwn.net/Articles/360328/
Linux kernel,The x86_64 DOS hole,https://lwn.net/Articles/372321/
Linux kernel,2.6.32.9 Release notes,https://lwn.net/Articles/375335/
Linux kernel,Linux adds router denial-of-service prevention,https://lwn.net/Articles/379070/
Linux kernel,"Symbolic links in ""sticky"" directories",https://lwn.net/Articles/390323/
Linux kernel,An ancient kernel hole is closed,https://lwn.net/Articles/400746/
Linux kernel,The hazards of 32/64-bit compatibility,https://lwn.net/Articles/406466/
Linux kernel,Trusted and encrypted keys,https://lwn.net/Articles/408439/
Linux kernel,Kernel vulnerabilities: old or new?,https://lwn.net/Articles/410606/
Linux kernel,Pathname-based hooks for SELinux?,https://lwn.net/Articles/419161/
Linux kernel,Extending the use of RO and NX,https://lwn.net/Articles/422487/
Linux kernel,Protecting /proc/slabinfo,https://lwn.net/Articles/432234/
Linux kernel,Seccomp: replacing security modules?,https://lwn.net/Articles/443099/
Linux kernel,Kernel address randomization,https://lwn.net/Articles/444503/
Linux kernel,Seccomp filters: No clear path,https://lwn.net/Articles/450291/
Linux kernel,Reactive vs. pro-active kernel security,https://lwn.net/Articles/451405/
Linux kernel,LSS: The kernel hardening roundtable,https://lwn.net/Articles/458805/
Linux kernel,Loading signed kernel modules,https://lwn.net/Articles/470906/
Linux kernel,Fixing the symlink race problem,https://lwn.net/Articles/472071/
Linux kernel,A privilege escalation via SCSI pass-through,https://lwn.net/Articles/474067/
Linux kernel,Yet another new approach to seccomp,https://lwn.net/Articles/475043/
Linux kernel,System call filtering and no_new_privs,https://lwn.net/Articles/475678/
Linux kernel,A /proc/PID/mem vulnerability,https://lwn.net/Articles/476947/
Linux kernel,Tightening security: not for the impatient,https://lwn.net/Articles/503660/
Linux kernel,Preparing the kernel for UEFI secure boot,https://lwn.net/Articles/514985/
Linux kernel,KS2012: Module signing,https://lwn.net/Articles/515007/
Linux kernel,LSS: Kernel security subsystem reports,https://lwn.net/Articles/517384/
Linux kernel,Supervisor mode access prevention,https://lwn.net/Articles/517475/
Linux kernel,The module signing endgame,https://lwn.net/Articles/525592/
Linux kernel,A rootkit dissected,https://lwn.net/Articles/525977/
Linux kernel,Filtering SCSI commands,https://lwn.net/Articles/535075/
Linux kernel,A story of three kernel vulnerabilities,https://lwn.net/Articles/538898/
Linux kernel,Opening up kernel security bug handling,https://lwn.net/Articles/566123/
Linux kernel,BSD-style securelevel comes to Linux — again,https://lwn.net/Articles/566169/
Linux kernel,Kernel address space layout randomization,https://lwn.net/Articles/569635/
Linux kernel,Two LSS talks,https://lwn.net/Articles/569861/
Linux kernel,"A proposal for ""silent"" port knocking",https://lwn.net/Articles/577164/
Linux kernel,Known-exploit detection for the kernel,https://lwn.net/Articles/577432/
Linux kernel,An x32 local exploit,https://lwn.net/Articles/584020/
Linux kernel,Adding CPU randomness to the entropy pool,https://lwn.net/Articles/586427/
Linux kernel,Unmixing the pool,https://lwn.net/Articles/590378/
Linux kernel,Who audits the audit code?,https://lwn.net/Articles/600568/
Linux kernel,Reworking kexec for signatures,https://lwn.net/Articles/603116/
Linux kernel,Capsicum for Linux,https://lwn.net/Articles/604015/
Linux kernel,A system call for random numbers: getrandom(),https://lwn.net/Articles/606141/
Linux kernel,SELinux on Android,https://lwn.net/Articles/609511/
Linux kernel,The security state of KVM,https://lwn.net/Articles/619376/
Linux kernel,The trouble with dropping groups,https://lwn.net/Articles/621612/
Linux kernel,Kernel support for SYN packet fingerprinting,https://lwn.net/Articles/644906/
Linux kernel,Firmware signing,https://lwn.net/Articles/645823/
Linux kernel,Enforcing mount options for sysfs and proc,https://lwn.net/Articles/647757/
Linux kernel,Nested NMIs lead to CVE-2015-3290,https://lwn.net/Articles/654418/
Linux kernel,A seccomp overview,https://lwn.net/Articles/656307/
Linux kernel,Unprivileged bpf(),https://lwn.net/Articles/660331/
Linux kernel,Looking at a few recent kernel security holes,https://lwn.net/Articles/661448/
Linux kernel,Kernel security: beyond bug fixing,https://lwn.net/Articles/662219/
Linux kernel,Security part 2,https://lwn.net/Articles/662907/
Linux kernel,TLS in the kernel,https://lwn.net/Articles/666509/
Linux kernel,Post-init read-only memory,https://lwn.net/Articles/666550/
Linux kernel,Encrypted file backup for ext4,https://lwn.net/Articles/668083/
Linux kernel,User namespaces + overlayfs = root privileges,https://lwn.net/Articles/671641/
Linux kernel,Controlling access to user namespaces,https://lwn.net/Articles/673597/
Linux kernel,A slow path to a fast fix,https://lwn.net/Articles/681062/
Linux kernel,A new stable security tree,https://lwn.net/Articles/683544/
Linux kernel,Replacing /dev/urandom,https://lwn.net/Articles/686033/
Linux kernel,Virtually mapped kernel stacks,https://lwn.net/Articles/692208/
Linux kernel,Virtually mapped stacks 2: thread_info strikes back,https://lwn.net/Articles/692953/
Linux kernel,Two approaches to reference count hardening,https://lwn.net/Articles/693038/
Linux kernel,Four new Android privilege escalations,https://lwn.net/Articles/696716/
Linux kernel,"Audit, namespaces, and containers",https://lwn.net/Articles/699819/
Linux kernel,Dirty COW and clean commit messages,https://lwn.net/Articles/704231/
Linux kernel,Defending against Rowhammer in the kernel,https://lwn.net/Articles/704920/
Linux kernel,SipHash in the kernel,https://lwn.net/Articles/711167/
Linux kernel,A pair of GCC plugins,https://lwn.net/Articles/712161/
Linux kernel,The case of the prematurely freed SKB,https://lwn.net/Articles/715811/
Linux kernel,refcount_t meets the network stack,https://lwn.net/Articles/718275/
Linux kernel,ARM pointer authentication,https://lwn.net/Articles/718888/
Linux kernel,Grsecurity goes private,https://lwn.net/Articles/721848/
Linux kernel,A farewell to set_fs()?,https://lwn.net/Articles/722267/
Linux kernel,Preventing stack guard-page hopping,https://lwn.net/Articles/725832/
Linux kernel,Attacking the kernel via its command line,https://lwn.net/Articles/725860/
Linux kernel,Ripples from Stack Clash,https://lwn.net/Articles/726580/
Linux kernel,Rethinking the Stack Clash fix,https://lwn.net/Articles/727703/
Linux kernel,Faster reference-count overflow protection,https://lwn.net/Articles/728675/
Linux kernel,unsafe_put_user() turns out to be unsafe,https://lwn.net/Articles/736348/
Linux kernel,KAISER: hiding the kernel from user space,https://lwn.net/Articles/738975/
Linux kernel,MAP_FIXED_SAFE,https://lwn.net/Articles/741369/
Linux kernel,The current state of kernel page-table isolation,https://lwn.net/Articles/741878/
Linux kernel,Notes from the Intelpocalypse,https://lwn.net/Articles/742702/
Linux kernel,Addressing Meltdown and Spectre in the kernel,https://lwn.net/Articles/743265/
Linux kernel,Meltdown/Spectre mitigation for 4.15 and beyond,https://lwn.net/Articles/744287/
Linux kernel,Meltdown and Spectre mitigations — a February update,https://lwn.net/Articles/746551/
Linux kernel,Kernel lockdown in 4.17?,https://lwn.net/Articles/750730/
Linux kernel,Kernel lockdown locked out — for now,https://lwn.net/Articles/751061/
Linux kernel,Kernel support for control-flow enforcement,https://lwn.net/Articles/758245/
Linux kernel,The return of the lockdown patches,https://lwn.net/Articles/784674/
Linux kernel,Control-flow integrity for the kernel,https://lwn.net/Articles/810077/
Linux kernel,Finer-grained kernel address-space layout randomization,https://lwn.net/Articles/812438/
Linux kernel,Challenges in protecting virtual machines from untrusted entities,https://lwn.net/Articles/838488/
Linux kernel,Patching until the COWs come home (part 1),https://lwn.net/Articles/849638/
Linux kernel,Patching until the COWs come home (part 2),https://lwn.net/Articles/849876/
Linux kernel,Intentionally buggy commits for fame—and papers,https://lwn.net/Articles/853717/
Linux kernel,Control-flow integrity in 5.13,https://lwn.net/Articles/856514/
Linux kernel,Handling argc==0 in the kernel,https://lwn.net/Articles/882799/
Linux kernel,Shadow stacks for user space,https://lwn.net/Articles/885220/
Linux kernel,User-space shadow stacks (maybe) for 6.4,https://lwn.net/Articles/926649/
Linux kernel,Shadow stacks for 64-bit Arm systems,https://lwn.net/Articles/940403/
Linux kernel,Kernel security reporting for distributions,https://lwn.net/Articles/941745/
Linux kernel,A turning point for CVE numbers,https://lwn.net/Articles/961978/
Linux kernel,Improving control-flow integrity for Linux on RISC-V,https://lwn.net/Articles/977720/
Linux kernel,May the FOLL_FORCE not be with you,https://lwn.net/Articles/983169/
Linux kernel,Increasing the range of address-space layout randomization,https://lwn.net/Articles/667790/
Linux kernel,When ELF notes reveal too much,https://lwn.net/Articles/962782/
Linux kernel,BPF for security—and chaos—in Kubernetes,https://lwn.net/Articles/790684/
Linux kernel,Reconsidering unprivileged BPF,https://lwn.net/Articles/796328/
Linux kernel,Kernel runtime security instrumentation,https://lwn.net/Articles/798157/
Linux kernel,Toward signed BPF programs,https://lwn.net/Articles/853489/
Linux kernel,Spectre revisits BPF,https://lwn.net/Articles/860597/
Linux kernel,Taming the BPF superpowers,https://lwn.net/Articles/870269/
Linux kernel,BPF and security,https://lwn.net/Articles/946389/
Linux kernel,Credential records,https://lwn.net/Articles/251469/
Linux kernel,Reconsidering Speck,https://lwn.net/Articles/761992/
Linux kernel,Adiantum: encryption for the low end,https://lwn.net/Articles/776721/
Linux kernel,Supporting PGP keys and signatures in the kernel,https://lwn.net/Articles/882426/
Linux kernel,Filesystem mounts in user namespaces,https://lwn.net/Articles/652468/
Linux kernel,Restricting pathname resolution with AT_NO_JUMPS,https://lwn.net/Articles/723057/
Linux kernel,Filesystem sandboxing with eBPF,https://lwn.net/Articles/803890/
Linux kernel,Two PaX features move toward the mainline,https://lwn.net/Articles/668876/
Linux kernel,Sigreturn-oriented programming and its mitigation,https://lwn.net/Articles/676803/
Linux kernel,Hardened usercopy,https://lwn.net/Articles/695991/
Linux kernel,Disallowing perf_event_open(),https://lwn.net/Articles/696216/
Linux kernel,State of the Kernel Self Protection Project,https://lwn.net/Articles/698827/
Linux kernel,The status of kernel hardening,https://lwn.net/Articles/705262/
Linux kernel,The bumpy road to reference-count protection in the kernel,https://lwn.net/Articles/706498/
Linux kernel,Randomizing structure layout,https://lwn.net/Articles/722293/
Linux kernel,"The ""rare write"" mechanism",https://lwn.net/Articles/724319/
Linux kernel,Hardened usercopy whitelisting,https://lwn.net/Articles/727322/
Linux kernel,A canary for timer-expiration functions,https://lwn.net/Articles/731082/
Linux kernel,What's the best way to prevent kernel pointer leaks?,https://lwn.net/Articles/735589/
Linux kernel,Restricting automatic kernel-module loading,https://lwn.net/Articles/740455/
Linux kernel,Preventing kernel-stack leaks,https://lwn.net/Articles/748642/
Linux kernel,"A ""runtime guard"" for the kernel",https://lwn.net/Articles/749707/
Linux kernel,Read-only dynamic data,https://lwn.net/Articles/750215/
Linux kernel,C considered dangerous,https://lwn.net/Articles/763641/
Linux kernel,Trying to get STACKLEAK into the kernel,https://lwn.net/Articles/764325/
Linux kernel,An end to implicit fall-throughs in the kernel,https://lwn.net/Articles/794944/
Linux kernel,Safer flexible arrays for the kernel,https://lwn.net/Articles/908817/
Linux kernel,Better handling of integer wraparound in the kernel,https://lwn.net/Articles/959189/
Linux kernel,Hardening the kernel against heap-spraying attacks,https://lwn.net/Articles/965837/
Linux kernel,Progress on toolchain security features,https://lwn.net/Articles/996344/
Linux kernel,LCA: How to improve Debian security,https://lwn.net/Articles/217870/
Linux kernel,Fixing CAP_SETPCAP,https://lwn.net/Articles/256519/
Linux kernel,Restricting root with per-process securebits,https://lwn.net/Articles/280279/
Linux kernel,Filesystem capabilities in Fedora 10,https://lwn.net/Articles/313838/
Linux kernel,Another Linux capabilities hole found,https://lwn.net/Articles/328572/
Linux kernel,Linux capabilities support for user namespaces,https://lwn.net/Articles/420624/
Linux kernel,Capabilities for loading network modules,https://lwn.net/Articles/430462/
Linux kernel,CAP_SYS_ADMIN: the new root,https://lwn.net/Articles/486306/
Linux kernel,Inheriting capabilities,https://lwn.net/Articles/632520/
Linux kernel,Namespaced file capabilities,https://lwn.net/Articles/726816/
Linux kernel,A crop of new capabilities,https://lwn.net/Articles/822362/
Linux kernel,Live patching for CPU vulnerabilities,https://lwn.net/Articles/775264/
Linux kernel,Loading modules from file descriptors,https://lwn.net/Articles/519010/
Linux kernel,A crypto module loading vulnerability,https://lwn.net/Articles/630762/
Linux kernel,Locking down module parameters,https://lwn.net/Articles/708179/
Linux kernel,Passive OS fingerprinting added to netfilter,https://lwn.net/Articles/336921/
Linux kernel,Unpredictable sequence numbers,https://lwn.net/Articles/455270/
Linux kernel,Inferring TCP sequence numbers,https://lwn.net/Articles/531090/
Linux kernel,"The TCP ""challenge ACK"" side channel",https://lwn.net/Articles/696868/
Linux kernel,The TCP SACK panic,https://lwn.net/Articles/791409/
Linux kernel,Fingerprinting systems with TCP source-port selection,https://lwn.net/Articles/910435/
Linux kernel,On entropy and randomness,https://lwn.net/Articles/261804/
Linux kernel,Linux ASLR vulnerabilities,https://lwn.net/Articles/330866/
Linux kernel,Random numbers for ASLR,https://lwn.net/Articles/332602/
Linux kernel,The search for truly random numbers in the kernel,https://lwn.net/Articles/567055/
Linux kernel,Random numbers from CPU execution time jitter,https://lwn.net/Articles/642166/
Linux kernel,Waiting for entropy,https://lwn.net/Articles/724643/
Linux kernel,Initializing the entropy pool using RDRAND and friends,https://lwn.net/Articles/760584/
Linux kernel,FIPS-compliant random numbers for the kernel,https://lwn.net/Articles/877607/
Linux kernel,Uniting the Linux random-number devices,https://lwn.net/Articles/884875/
Linux kernel,Pitchforks for RDSEED,https://lwn.net/Articles/961121/
Linux kernel,A RDRAND followup,https://lwn.net/Articles/963281/
Linux kernel,Checkpoint and restore for seccomp filters,https://lwn.net/Articles/658422/
Linux kernel,The inherent fragility of seccomp(),https://lwn.net/Articles/738694/
Linux kernel,Deferring seccomp decisions to user space,https://lwn.net/Articles/756233/
Linux kernel,"vDSO, 32-bit time, and seccomp",https://lwn.net/Articles/795128/
Linux kernel,Deep argument inspection for seccomp,https://lwn.net/Articles/799557/
Linux kernel,PostgreSQL considers seccomp() filters,https://lwn.net/Articles/800916/
Linux kernel,Seccomp and deep argument inspection,https://lwn.net/Articles/822256/
Linux kernel,Seccomp user-space notification and signals,https://lwn.net/Articles/851813/
Linux kernel,eBPF seccomp() filters,https://lwn.net/Articles/857228/
Linux kernel,System-call interception for unprivileged containers,https://lwn.net/Articles/899281/
Linux kernel,Trusting the hardware too much,https://lwn.net/Articles/479653/
Linux kernel,Filesystem fuzzing,https://lwn.net/Articles/637151/
Linux kernel,Fuzzing perf_events,https://lwn.net/Articles/653382/
Linux kernel,Software-tag-based KASAN,https://lwn.net/Articles/766768/
Linux kernel,Scrutinizing bugs found by syzbot,https://lwn.net/Articles/872649/
Linux kernel,Finding bugs with sanitizers,https://lwn.net/Articles/909245/
Linux kernel,New AT_ flags for restricting pathname lookup,https://lwn.net/Articles/767547/
Linux kernel,Restricting path name lookup with openat2(),https://lwn.net/Articles/796868/
Linux kernel,A kernel security hole,https://lwn.net/Articles/265381/
Linux kernel,Virtual private networks with WireGuard,https://lwn.net/Articles/748582/
Linux kernel,WireGuarding the mainline,https://lwn.net/Articles/761939/
Linux kernel,Zinc: a new kernel cryptography API,https://lwn.net/Articles/770750/
Linux kernel,Whither WireGuard?,https://lwn.net/Articles/783973/
Linux kernel,WireGuard and the crypto API,https://lwn.net/Articles/802376/
Linux kernel,Avoiding page reference-count overflows,https://lwn.net/Articles/786044/
Linux kernel,The Sequoia seq_file vulnerability,https://lwn.net/Articles/863729/
Linux malware,Linux malware: an incident and some solutions,https://lwn.net/Articles/367874/
Linux Security Modules (LSM),Stackable security modules,https://lwn.net/Articles/110432/
Linux Security Modules (LSM),Linux security non-modules and AppArmor,https://lwn.net/Articles/239962/
Linux Security Modules (LSM),Smack for simplified access control,https://lwn.net/Articles/244531/
Linux Security Modules (LSM),SMACK meets the One True Security Module,https://lwn.net/Articles/252562/
Linux Security Modules (LSM),The future of AppArmor,https://lwn.net/Articles/254740/
Linux Security Modules (LSM),LSM: loadable or static?,https://lwn.net/Articles/255650/
Linux Security Modules (LSM),Kernel-based malware scanning,https://lwn.net/Articles/260918/
Linux Security Modules (LSM),TOMOYO Linux and pathname-based security,https://lwn.net/Articles/277833/
Linux Security Modules (LSM),OLS: Smack for embedded devices,https://lwn.net/Articles/292291/
Linux Security Modules (LSM),Snet and the LSM API,https://lwn.net/Articles/316940/
Linux Security Modules (LSM),Restricting the network,https://lwn.net/Articles/368730/
Linux Security Modules (LSM),FBAC-LSM,https://lwn.net/Articles/369609/
Linux Security Modules (LSM),LSM stacking (again),https://lwn.net/Articles/393008/
Linux Security Modules (LSM),Pathname-based hooks for SELinux?,https://lwn.net/Articles/419161/
Linux Security Modules (LSM),Supporting multiple LSMs,https://lwn.net/Articles/426921/
Linux Security Modules (LSM),MeeGo rethinks privacy protection,https://lwn.net/Articles/438133/
Linux Security Modules (LSM),Seccomp: replacing security modules?,https://lwn.net/Articles/443099/
Linux Security Modules (LSM),LSS: LSM roundtable,https://lwn.net/Articles/458652/
Linux Security Modules (LSM),LSS: Security modules and RPM,https://lwn.net/Articles/518265/
Linux Security Modules (LSM),Another LSM stacking approach,https://lwn.net/Articles/518345/
Linux Security Modules (LSM),The return of loadable security modules?,https://lwn.net/Articles/526983/
Linux Security Modules (LSM),Talking Smack for Tizen security,https://lwn.net/Articles/552787/
Linux Security Modules (LSM),KPortReserve and the multi-LSM problem,https://lwn.net/Articles/563178/
Linux Security Modules (LSM),Two LSS talks,https://lwn.net/Articles/569861/
Linux Security Modules (LSM),Progress in security module stacking,https://lwn.net/Articles/635771/
Linux Security Modules (LSM),Writing your own security module,https://lwn.net/Articles/674949/
Linux Security Modules (LSM),The LoadPin security module,https://lwn.net/Articles/682302/
Linux Security Modules (LSM),"Safename: restricting ""dangerous"" file names",https://lwn.net/Articles/686789/
Linux Security Modules (LSM),Sandboxing with the Landlock security module,https://lwn.net/Articles/703876/
Linux Security Modules (LSM),"A ""runtime guard"" for the kernel",https://lwn.net/Articles/749707/
Linux Security Modules (LSM),The sidechannel LSM,https://lwn.net/Articles/763058/
Linux Security Modules (LSM),"XFS, LSM, and low-level management APIs",https://lwn.net/Articles/767398/
Linux Security Modules (LSM),Kernel runtime security instrumentation,https://lwn.net/Articles/798157/
Linux Security Modules (LSM),SGX and security modules,https://lwn.net/Articles/798748/
Linux Security Modules (LSM),LSM stacking and the future,https://lwn.net/Articles/804906/
Linux Security Modules (LSM),The integrity policy enforcement security module,https://lwn.net/Articles/817472/
Linux Security Modules (LSM),Handling brute force attacks in the kernel,https://lwn.net/Articles/849531/
Linux Security Modules (LSM),Landlock (finally) sets sail,https://lwn.net/Articles/859908/
Linux Security Modules (LSM),Still waiting for stackable security modules,https://lwn.net/Articles/912775/
Linux Security Modules (LSM),Adding system calls for Linux security modules,https://lwn.net/Articles/919059/
Mailing lists,Full Disclosure back in full,https://lwn.net/Articles/592644/
Malware,Infected Linux web servers pushing malware,https://lwn.net/Articles/550608/
Malware,Plug-and-play sanitization of USB thumb drives,https://lwn.net/Articles/626559/
Malware,Lenovo and Superfish,https://lwn.net/Articles/634658/
Meltdown and Spectre,Notes from the Intelpocalypse,https://lwn.net/Articles/742702/
Meltdown and Spectre,Addressing Meltdown and Spectre in the kernel,https://lwn.net/Articles/743265/
Meltdown and Spectre,A look at the handling of Meltdown and Spectre,https://lwn.net/Articles/743363/
Meltdown and Spectre,Meltdown/Spectre mitigation for 4.15 and beyond,https://lwn.net/Articles/744287/
Meltdown and Spectre,The effect of Meltdown and Spectre in our communities,https://lwn.net/Articles/745674/
Meltdown and Spectre,Meltdown and Spectre mitigations — a February update,https://lwn.net/Articles/746551/
Meltdown and Spectre,The strange story of the ARM Meltdown-fix backport,https://lwn.net/Articles/749217/
Meltdown and Spectre,Finding Spectre vulnerabilities with smatch,https://lwn.net/Articles/752408/
Meltdown and Spectre,Spectre V1 defense in GCC,https://lwn.net/Articles/759423/
Meltdown and Spectre,Meltdown strikes back: the L1 terminal fault vulnerability,https://lwn.net/Articles/762570/
Meltdown and Spectre,The sidechannel LSM,https://lwn.net/Articles/763058/
Meltdown and Spectre,Strengthening user-space Spectre v2 protection,https://lwn.net/Articles/764209/
Meltdown and Spectre,Toward better handling of hardware vulnerabilities,https://lwn.net/Articles/764593/
Meltdown and Spectre,Fighting Spectre with cache flushes,https://lwn.net/Articles/768418/
Meltdown and Spectre,Grand Schemozzle: Spectre continues to haunt,https://lwn.net/Articles/795637/
Meltdown and Spectre,Spectre revisits BPF,https://lwn.net/Articles/860597/
Memory safety,Rustls: memory safety for TLS,https://lwn.net/Articles/853712/
Mobile phones,Android's first vulnerability,https://lwn.net/Articles/305686/
Mobile phones,Android application security,https://lwn.net/Articles/317955/
Mobile phones,What lessons can be learned from the iPhone worms?,https://lwn.net/Articles/361327/
Mobile phones,GSM encryption crack made public,https://lwn.net/Articles/368861/
Mobile phones,FOSDEM'10: Maemo 6 platform security,https://lwn.net/Articles/373780/
Mobile phones,Remotely wiping mobile phones,https://lwn.net/Articles/404989/
Mobile phones,Questions about Android's security model,https://lwn.net/Articles/408812/
Mobile phones,Bluepot: A honeypot for Bluetooth attacks,https://lwn.net/Articles/428317/
Mobile phones,Guardian: Better privacy and security for Android,https://lwn.net/Articles/442380/
Mobile phones,Phones and permissions,https://lwn.net/Articles/445866/
Mobile phones,Password storage on Android devices,https://lwn.net/Articles/453892/
Mobile phones,App confinement for Ubuntu mobile devices,https://lwn.net/Articles/548181/
Mobile phones,Talking Smack for Tizen security,https://lwn.net/Articles/552787/
Mobile phones,Tizen content scanning and app obfuscation,https://lwn.net/Articles/553676/
Mobile phones,Subverting Android package verification,https://lwn.net/Articles/558257/
Mobile phones,CyanogenMod's incognito mode,https://lwn.net/Articles/560527/
Mobile phones,CyanogenMod Account: Remotely track or wipe phones,https://lwn.net/Articles/564082/
Mobile phones,Secure text messaging for CyanogenMod,https://lwn.net/Articles/576606/
Mobile phones,The Android AppOps vanishing act,https://lwn.net/Articles/577593/
Mobile phones,Apple and the US Department of Justice,https://lwn.net/Articles/662096/
Mobile phones,"Apple, iPhones, and encryption",https://lwn.net/Articles/680232/
Mobile phones,Eelo seeks to make a privacy-focused phone,https://lwn.net/Articles/743732/
Mobile phones,Felony PGP,https://lwn.net/Articles/696172/
Mobile phones,HTTPS interception in Nokia's mobile browser,https://lwn.net/Articles/533496/
MoinMoin,Distributions face the MoinMoin and Rails vulnerabilities,https://lwn.net/Articles/531929/
MySQL,MySQL flaw leaves some systems wide open,https://lwn.net/Articles/501741/
Namespaces,Linux capabilities support for user namespaces,https://lwn.net/Articles/420624/
Namespaces,Anatomy of a user namespaces vulnerability,https://lwn.net/Articles/543273/
Namespaces,Filesystem mounts in user namespaces,https://lwn.net/Articles/652468/
Namespaces,User namespaces + overlayfs = root privileges,https://lwn.net/Articles/671641/
Namespaces,Controlling access to user namespaces,https://lwn.net/Articles/673597/
Namespaces,Namespaced file capabilities,https://lwn.net/Articles/726816/
Network,Progress on Zinc (thus WireGuard),https://lwn.net/Articles/765965/
Networking,Unpredictable sequence numbers,https://lwn.net/Articles/455270/
Networking,Inferring TCP sequence numbers,https://lwn.net/Articles/531090/
Networking,GNU virtual private Ethernet,https://lwn.net/Articles/573952/
Networking,Kernel support for SYN packet fingerprinting,https://lwn.net/Articles/644906/
Networking,"The TCP ""challenge ACK"" side channel",https://lwn.net/Articles/696868/
Networking,The Tahoe secure filesystem,https://lwn.net/Articles/280483/
Networking,Decentralized storage with Camlistore,https://lwn.net/Articles/595746/
Networking,Hiding open ports with shimmer,https://lwn.net/Articles/264490/
Networking,"A proposal for ""silent"" port knocking",https://lwn.net/Articles/577164/
Networking,The TCP SACK panic,https://lwn.net/Articles/791409/
Networking,USB device authorization,https://lwn.net/Articles/241980/
Networking,Holes in the WiFi,https://lwn.net/Articles/856044/
Network Time Protocol (NTP),The leap second of doom,https://lwn.net/Articles/509207/
Network Time Protocol (NTP),Several vulnerabilities found in NTP,https://lwn.net/Articles/627607/
Network Time Protocol (NTP),A GPSD time warp,https://lwn.net/Articles/865044/
News,The top open-source security events in 2024,https://lwn.net/Articles/996955/
One Laptop Per Child (OLPC),Bitfrost: the OLPC security model,https://lwn.net/Articles/221052/
One Laptop Per Child (OLPC),OLPC's software update problem,https://lwn.net/Articles/240527/
OpenBSD,OpenBSD kernel address randomized link,https://lwn.net/Articles/727697/
OpenBSD,A return-oriented programming defense from OpenBSD,https://lwn.net/Articles/732201/
OpenBSD,OpenBSD's unveil(),https://lwn.net/Articles/767137/
OpenBSD,mimmutable() for OpenBSD,https://lwn.net/Articles/915640/
OpenBSD,OpenBSD system-call pinning,https://lwn.net/Articles/959562/
OpenOffice.org/LibreOffice,BadBunny?  Only if you invite it in,https://lwn.net/Articles/237962/
OpenOffice.org/LibreOffice,An odd vulnerability report for LibreOffice,https://lwn.net/Articles/461673/
OpenOffice.org/LibreOffice,OpenOffice and document encryption portability,https://lwn.net/Articles/488816/
OpenOffice.org/LibreOffice,OpenOffice and CVE-2015-1774,https://lwn.net/Articles/650411/
OpenOffice.org/LibreOffice,Apache OpenOffice and CVE-2016-1513,https://lwn.net/Articles/695562/
OpenOffice.org/LibreOffice,The odd saga of CVE-2012-5639,https://lwn.net/Articles/957219/
OpenSSH,OpenSSH bug falls through the cracks,https://lwn.net/Articles/277115/
OpenSSH,OpenSSH and keystroke timings,https://lwn.net/Articles/298833/
OpenSSH,SSH plaintext recovery vulnerability,https://lwn.net/Articles/307873/
OpenSSH,Crying wolf over OpenSSH,https://lwn.net/Articles/341315/
OpenSSH,Distributed brute force ssh attacks,https://lwn.net/Articles/357960/
OpenSSH,SSH: passwords or keys?,https://lwn.net/Articles/369703/
OpenSSH,"Trust, but verify",https://lwn.net/Articles/374805/
OpenSSH,What's new in OpenSSH 6.2,https://lwn.net/Articles/544640/
OpenSSH,What's new in OpenSSH 6.5 (and 6.6),https://lwn.net/Articles/590870/
OpenSSH,OpenSSH 6.7 will bring socket forwarding and more,https://lwn.net/Articles/609321/
OpenSSH,Host-key rotation and more in OpenSSH 6.8,https://lwn.net/Articles/637156/
OpenSSH,OpenSSH and the dangers of unused code,https://lwn.net/Articles/672465/
OpenSSH,Restricting SSH agent keys,https://lwn.net/Articles/880458/
OpenSSL,"Debian, OpenSSL, and a lack of cooperation",https://lwn.net/Articles/282038/
OpenSSL,Debian vulnerability has widespread effects,https://lwn.net/Articles/282230/
OpenSSL,OpenSSL and IPv6,https://lwn.net/Articles/486369/
OpenSSL,A new Dual EC DRBG flaw,https://lwn.net/Articles/578375/
OpenSSL,Heartbleed bug exposes OpenSSL installations,https://lwn.net/Articles/593809/
OpenSSL,OpenBSD and the latest OpenSSL bugs,https://lwn.net/Articles/601958/
OpenSSL,OpenSSL's new security policy,https://lwn.net/Articles/612015/
OpenSSL,OpenSSL after Heartbleed,https://lwn.net/Articles/702751/
OpenSSL,LibreSSL languishes on Linux,https://lwn.net/Articles/841664/
Organizations,oCERT and oss-security,https://lwn.net/Articles/284996/
Package repositories,Typosquatting in package repositories,https://lwn.net/Articles/694830/
Package repositories,"event-stream, npm, and trust",https://lwn.net/Articles/773121/
Package repositories,Further analysis of PyPI typosquatting,https://lwn.net/Articles/834078/
Package repositories,Adding auditing to pip,https://lwn.net/Articles/904197/
Password hashing,A hole in crypt_blowfish,https://lwn.net/Articles/448699/
Password hashing,Cracking the Ashley Madison passwords,https://lwn.net/Articles/661999/
Passwords,Enforcing password strength,https://lwn.net/Articles/462792/
Passwords,A Periodic Table of  password managers,https://lwn.net/Articles/466501/
Passwords,Shadow hardening,https://lwn.net/Articles/487620/
Passwords,Responsible disclosure in open source: The crypt() vulnerability,https://lwn.net/Articles/500444/
Passwords,MySQL flaw leaves some systems wide open,https://lwn.net/Articles/501741/
Passwords,The S-CRIB password scrambler,https://lwn.net/Articles/592070/
Passwords,"Fedora and ""strong"" passwords",https://lwn.net/Articles/631522/
Passwords,Fedora revisits password policies,https://lwn.net/Articles/639405/
Passwords,Reliably generating good passwords,https://lwn.net/Articles/713806/
Passwords,A look at password managers,https://lwn.net/Articles/714473/
Passwords,The case against password hashers,https://lwn.net/Articles/715090/
Passwords,"Adding a ""duress"" password with PAM Duress",https://lwn.net/Articles/867158/
Phishing,"Redirecting browser tabs via ""tabnabbing""",https://lwn.net/Articles/389372/
Phishing,Oxford blocks Google Docs as a phishing countermeasure,https://lwn.net/Articles/541630/
PHP,Debian and Suhosin,https://lwn.net/Articles/479716/
PHP,Scanning for PHP vulnerabilities with Pixy,https://lwn.net/Articles/239941/
Physical security,"""Evil Maid"" attack against disk encryption",https://lwn.net/Articles/359145/
Physical security,Attacking full-disk encryption with Inception,https://lwn.net/Articles/531920/
Physical security,"Thwarting the ""evil maid""",https://lwn.net/Articles/651021/
PostgreSQL,SE-PostgreSQL uses SELinux for database security,https://lwn.net/Articles/242087/
Privacy,Our devices are spilling our secrets,https://lwn.net/Articles/243567/
Privacy,Eavesdropping on Tor traffic,https://lwn.net/Articles/249388/
Privacy,Email privacy,https://lwn.net/Articles/257499/
Privacy,Another kind of cookie,https://lwn.net/Articles/304993/
Privacy,"GUADEC: Danny O'Brien on privacy, encryption, and the desktop",https://lwn.net/Articles/398545/
Privacy,Thwarting internet censors with Collage,https://lwn.net/Articles/403193/
Privacy,Private browsing: not so private?,https://lwn.net/Articles/406468/
Privacy,"Web tracking and ""Do Not Track""",https://lwn.net/Articles/424861/
Privacy,Developments in web tracking protection,https://lwn.net/Articles/439460/
Privacy,The Amnesic Incognito Live System: A live CD for anonymity,https://lwn.net/Articles/440279/
Privacy,Phantom: Decentralized anonymous networking,https://lwn.net/Articles/446623/
Privacy,"GNUnet adds VPN, direct wireless peering, and more",https://lwn.net/Articles/473187/
Privacy,LCA: Jacob Appelbaum on surveillance and censorship,https://lwn.net/Articles/477032/
Privacy,Tracking users,https://lwn.net/Articles/480052/
Privacy,The perils of desktop tracking,https://lwn.net/Articles/492873/
Privacy,The perils of big data,https://lwn.net/Articles/513362/
Privacy,Do Not Track Does Not Conquer,https://lwn.net/Articles/520047/
Privacy,Privacyfix,https://lwn.net/Articles/520918/
Privacy,Mozilla versus the cookie monster,https://lwn.net/Articles/555729/
Privacy,"NSA surveillance and ""foreigners""",https://lwn.net/Articles/559124/
Privacy,The Android AppOps vanishing act,https://lwn.net/Articles/577593/
Privacy,Tails reaches 1.0,https://lwn.net/Articles/596765/
Privacy,Privacy Badger gives teeth to Do Not Track,https://lwn.net/Articles/597487/
Privacy,"Matthew Garrett calls for the private, secure desktop",https://lwn.net/Articles/607047/
Privacy,Where to store your encrypted data,https://lwn.net/Articles/617370/
Privacy,Lenovo and Superfish,https://lwn.net/Articles/634658/
Privacy,"Encryption, the NSA, and the front door",https://lwn.net/Articles/641435/
Privacy,Speed and bandwidth improvements with Firefox Tracking Protection,https://lwn.net/Articles/646339/
Privacy,Privacy questions for Iceweasel,https://lwn.net/Articles/651348/
Privacy,Decentralization for the web,https://lwn.net/Articles/652580/
Privacy,Tor and library freedom,https://lwn.net/Articles/653335/
Privacy,Resisting the centralization of network infrastructure,https://lwn.net/Articles/697398/
Privacy,"CloudFlare, Tor, and eliminating CAPTCHAs",https://lwn.net/Articles/702399/
Privacy,Django debates user tracking,https://lwn.net/Articles/707443/
Privacy,Guarding personally identifiable information,https://lwn.net/Articles/724672/
Privacy,Steps toward a privacy-preserving phone,https://lwn.net/Articles/735597/
Privacy,Eelo seeks to make a privacy-focused phone,https://lwn.net/Articles/743732/
Privacy,Recent improvements to Tor,https://lwn.net/Articles/750312/
Privacy,"Fedora, UUIDs, and user tracking",https://lwn.net/Articles/776327/
Privacy,"Browsers, web sites, and user tracking",https://lwn.net/Articles/811532/
Privacy,The future for general-purpose computing,https://lwn.net/Articles/839397/
Privacy,"PureOS: freedom, privacy, and security",https://lwn.net/Articles/841105/
Privacy,A replacement for third-party cookies?,https://lwn.net/Articles/855318/
Privacy,"Mozilla Rally: trading privacy for the ""public good""",https://lwn.net/Articles/861379/
Privacy,"Scanning ""private"" content",https://lwn.net/Articles/865756/
Privacy,Rollercoaster: group messaging for mix networks,https://lwn.net/Articles/876239/
Privacy,"Goodbye FLoC, hello Topics",https://lwn.net/Articles/882607/
Privacy,Divvi Up: privacy-respecting telemetry aggregation,https://lwn.net/Articles/983843/
Programming languages,Trojan Source: tricks (no treats) with Unicode,https://lwn.net/Articles/874951/
Python,Reviving Python restricted mode,https://lwn.net/Articles/321872/
Python,Python adopts SipHash,https://lwn.net/Articles/574761/
Python,"Python, SSL/TLS certificates and default validation",https://lwn.net/Articles/582065/
Python,The state of crypto in Python,https://lwn.net/Articles/595790/
Python,Backporting network security enhancements from Python 3.4,https://lwn.net/Articles/607067/
Python,Python decides for certificate validation,https://lwn.net/Articles/611243/
Python,Protecting Python package downloads,https://lwn.net/Articles/629426/
Python,Python and crypto-strength random numbers by default,https://lwn.net/Articles/657269/
Python,A Python secrets module,https://lwn.net/Articles/659643/
Python,Fallout from the Python certificate verification change,https://lwn.net/Articles/666353/
Python,Python's os.urandom() in the absence of entropy,https://lwn.net/Articles/693189/
Python,A unified TLS API for Python,https://lwn.net/Articles/711897/
Python,Python ssl module update,https://lwn.net/Articles/724209/
Python,Remote imports for Python?,https://lwn.net/Articles/732194/
Python,Python security transparency,https://lwn.net/Articles/732951/
Python,Further analysis of PyPI typosquatting,https://lwn.net/Articles/834078/
Python,"Python cryptography, Rust, and Gentoo",https://lwn.net/Articles/845535/
Python,A pair of Python vulnerabilities,https://lwn.net/Articles/846847/
Python,Trojan Source and Python,https://lwn.net/Articles/875964/
Python,Adding auditing to pip,https://lwn.net/Articles/904197/
Python,A Python security fix breaks (some) bignums,https://lwn.net/Articles/907572/
Python,PyTorch and the PyPI supply chain,https://lwn.net/Articles/919588/
Python,Insecurity and Python pickles,https://lwn.net/Articles/964392/
Python,Python PGP proposal poses packaging puzzles,https://lwn.net/Articles/993787/
Race conditions,Exploiting races in system call wrappers,https://lwn.net/Articles/245630/
Race conditions,Exploiting symlinks and tmpfiles,https://lwn.net/Articles/250468/
Race conditions,"Symbolic links in ""sticky"" directories",https://lwn.net/Articles/390323/
Race conditions,"Seunshare, /tmp directories, and the ""sticky"" bit",https://lwn.net/Articles/430327/
Race conditions,Fixing the symlink race problem,https://lwn.net/Articles/472071/
Race conditions,A vulnerability in Git,https://lwn.net/Articles/848935/
Random number generation,On entropy and randomness,https://lwn.net/Articles/261804/
Random number generation,The dangers of weak random numbers,https://lwn.net/Articles/270091/
Random number generation,"Debian, OpenSSL, and a lack of cooperation",https://lwn.net/Articles/282038/
Random number generation,Debian vulnerability has widespread effects,https://lwn.net/Articles/282230/
Random number generation,Linux ASLR vulnerabilities,https://lwn.net/Articles/330866/
Random number generation,Random numbers for ASLR,https://lwn.net/Articles/332602/
Random number generation,Quantum random numbers,https://lwn.net/Articles/494463/
Random number generation,Random numbers for embedded devices,https://lwn.net/Articles/507115/
Random number generation,LCE: Don't play dice with random numbers,https://lwn.net/Articles/525459/
Random number generation,Sharing random bits with Entropy Broker,https://lwn.net/Articles/546428/
Random number generation,The search for truly random numbers in the kernel,https://lwn.net/Articles/567055/
Random number generation,A new Dual EC DRBG flaw,https://lwn.net/Articles/578375/
Random number generation,Adding CPU randomness to the entropy pool,https://lwn.net/Articles/586427/
Random number generation,Unmixing the pool,https://lwn.net/Articles/590378/
Random number generation,A system call for random numbers: getrandom(),https://lwn.net/Articles/606141/
Random number generation,OpenBSD routes around POSIX,https://lwn.net/Articles/625506/
Random number generation,A verifiable source of random numbers,https://lwn.net/Articles/629714/
Random number generation,Random numbers from CPU execution time jitter,https://lwn.net/Articles/642166/
Random number generation,Entropy with NeuG,https://lwn.net/Articles/647502/
Random number generation,Randomness with OneRNG and NeuG,https://lwn.net/Articles/648550/
Random number generation,Python and crypto-strength random numbers by default,https://lwn.net/Articles/657269/
Random number generation,Random number scalability,https://lwn.net/Articles/658497/
Random number generation,A Python secrets module,https://lwn.net/Articles/659643/
Random number generation,Other approaches to random number scalability,https://lwn.net/Articles/660452/
Random number generation,Randomness in the web browser,https://lwn.net/Articles/666407/
Random number generation,Replacing /dev/urandom,https://lwn.net/Articles/686033/
Random number generation,Python's os.urandom() in the absence of entropy,https://lwn.net/Articles/693189/
Random number generation,Waiting for entropy,https://lwn.net/Articles/724643/
Random number generation,Initializing the entropy pool using RDRAND and friends,https://lwn.net/Articles/760584/
Random number generation,FIPS-compliant random numbers for the kernel,https://lwn.net/Articles/877607/
Reference,The Application Security Desk Reference,https://lwn.net/Articles/286606/
Research,A white paper on comparative browser security,https://lwn.net/Articles/472092/
Research,Assessing risk with the Core Infrastructure Initiative,https://lwn.net/Articles/651706/
Research,"Security research: buy low, sell high?",https://lwn.net/Articles/241339/
Reverse engineering,Inside the Volkswagen emissions cheating,https://lwn.net/Articles/670488/
RISC-V,Improving control-flow integrity for Linux on RISC-V,https://lwn.net/Articles/977720/
Rootkits,System calls and rootkits,https://lwn.net/Articles/297500/
Rootkits,DR rootkit released under the GPL,https://lwn.net/Articles/297775/
Rootkits,A rootkit dissected,https://lwn.net/Articles/525977/
Ruby,Ruby security flaws expose release process problems,https://lwn.net/Articles/288202/
Ruby,GitHub incidents spawns Rails security debate,https://lwn.net/Articles/485675/
Ruby,Distributions face the MoinMoin and Rails vulnerabilities,https://lwn.net/Articles/531929/
Rust,"Python cryptography, Rust, and Gentoo",https://lwn.net/Articles/845535/
Samba,Eee PC security or lack thereof,https://lwn.net/Articles/269068/
Samba,The long road to a fix for CVE-2021-20316,https://lwn.net/Articles/884052/
Sandboxes,Google's Chromium sandbox,https://lwn.net/Articles/347547/
Sandboxes,A library for seccomp filters,https://lwn.net/Articles/494252/
Sandboxes,The failure of pysandbox,https://lwn.net/Articles/574215/
Sandboxes,Python bindings added for libseccomp 2.2.0,https://lwn.net/Articles/634391/
Sandboxes,"Domesticating applications, OpenBSD style",https://lwn.net/Articles/651700/
Sandboxes,A seccomp overview,https://lwn.net/Articles/656307/
Sandboxes,Sandboxing for the unprivileged with bubblewrap,https://lwn.net/Articles/686113/
Sandboxes,Sandboxing with the Landlock security module,https://lwn.net/Articles/703876/
Sandboxes,Filesystem sandboxing with eBPF,https://lwn.net/Articles/803890/
Sandboxes,eBPF seccomp() filters,https://lwn.net/Articles/857228/
Secret voting,A Debian GR on secret voting—and more,https://lwn.net/Articles/886403/
Secret voting,Belenios: a system for secret voting,https://lwn.net/Articles/887077/
Secure boot,"UEFI and ""secure boot""",https://lwn.net/Articles/447381/
Secure boot,"Fedora reexamines ""trusted boot""",https://lwn.net/Articles/449590/
Secure boot,An update on UEFI secure boot,https://lwn.net/Articles/464394/
Secure boot,"Fedora, secure boot, and an insecure future",https://lwn.net/Articles/500231/
Secure boot,Ubuntu details its UEFI secure boot plans,https://lwn.net/Articles/503803/
Secure boot,Preparing the kernel for UEFI secure boot,https://lwn.net/Articles/514985/
Secure boot,LSS: Secure Boot,https://lwn.net/Articles/515596/
Secure boot,Another approach to UEFI secure boot,https://lwn.net/Articles/519618/
Secure boot,UEFI secure boot kernel restrictions,https://lwn.net/Articles/523367/
Secure boot,The trouble with CAP_SYS_RAWIO,https://lwn.net/Articles/542327/
Secure boot,BSD-style securelevel comes to Linux — again,https://lwn.net/Articles/566169/
Secure boot,Verified U-Boot,https://lwn.net/Articles/571031/
Secure boot,Practical security for 2014,https://lwn.net/Articles/579731/
Secure boot,Android Verified Boot,https://lwn.net/Articles/638627/
Secure boot,Toward measured boot out of the box,https://lwn.net/Articles/699551/
Secure boot,Supporting UEFI secure boot in Debian,https://lwn.net/Articles/703001/
Secure boot,Locking down module parameters,https://lwn.net/Articles/708179/
Secure boot,Kernel lockdown in 4.17?,https://lwn.net/Articles/750730/
Secure boot,Kernel lockdown locked out — for now,https://lwn.net/Articles/751061/
Secure boot,The return of the lockdown patches,https://lwn.net/Articles/784674/
Secure Sockets Layer (SSL),TLS renegotiation vulnerability,https://lwn.net/Articles/362234/
Secure Sockets Layer (SSL),Postfix TLS plaintext injection,https://lwn.net/Articles/433671/
Secure Sockets Layer (SSL),"Python, SSL/TLS certificates and default validation",https://lwn.net/Articles/582065/
Secure Sockets Layer (SSL),"""goto fail;"" considered harmful",https://lwn.net/Articles/588369/
Secure Sockets Layer (SSL),A longstanding GnuTLS certificate validation botch,https://lwn.net/Articles/589205/
Secure Sockets Layer (SSL),Backporting network security enhancements from Python 3.4,https://lwn.net/Articles/607067/
Secure Sockets Layer (SSL),Python decides for certificate validation,https://lwn.net/Articles/611243/
Secure Sockets Layer (SSL),A new OpenSSL vulnerability,https://lwn.net/Articles/616317/
Secure Sockets Layer (SSL),Python ssl module update,https://lwn.net/Articles/724209/
Secure Sockets Layer (SSL),LibreSSL languishes on Linux,https://lwn.net/Articles/841664/
Secure Sockets Layer (SSL),Extended Validation certificates and cross-site scripting,https://lwn.net/Articles/273006/
Secure Sockets Layer (SSL),Firefox 3 SSL certificate warnings,https://lwn.net/Articles/295810/
Secure Sockets Layer (SSL),SSL man-in-the-middle attacks,https://lwn.net/Articles/312777/
Secure Sockets Layer (SSL),SSL certificates and MD5 collisions,https://lwn.net/Articles/314997/
Secure Sockets Layer (SSL),SSL flaws revealed at Black Hat,https://lwn.net/Articles/345460/
Secure Sockets Layer (SSL),"GUADEC: Danny O'Brien on privacy, encryption, and the desktop",https://lwn.net/Articles/398545/
Secure Sockets Layer (SSL),EFF analyzes SSL certificates and certificate authorities,https://lwn.net/Articles/399585/
Secure Sockets Layer (SSL),The case of the fraudulent SSL certificates,https://lwn.net/Articles/434998/
Secure Sockets Layer (SSL),Fallout from the fraudulent SSL certificates,https://lwn.net/Articles/435951/
Secure Sockets Layer (SSL),"Certificates and ""authorities""",https://lwn.net/Articles/457713/
Secure Sockets Layer (SSL),Convergence: User-controlled SSL certificate checking,https://lwn.net/Articles/463547/
Secure Sockets Layer (SSL),Sovereign Keys for certificate verification,https://lwn.net/Articles/468911/
Secure Sockets Layer (SSL),TACK: TLS key pinning for everyone,https://lwn.net/Articles/499134/
Secure Sockets Layer (SSL),Holes discovered in SSL certificate validation,https://lwn.net/Articles/522111/
Security Enhanced Linux (SELinux),SE-PostgreSQL uses SELinux for database security,https://lwn.net/Articles/242087/
Security Enhanced Linux (SELinux),SELinux and Fedora,https://lwn.net/Articles/289224/
Security Enhanced Linux (SELinux),OLS: SELinux from academia to your desktop,https://lwn.net/Articles/292081/
Security Enhanced Linux (SELinux),Newer kernels and older SELinux policies,https://lwn.net/Articles/300070/
Security Enhanced Linux (SELinux),SELinux permissive domains,https://lwn.net/Articles/303216/
Security Enhanced Linux (SELinux),MeeGo rethinks privacy protection,https://lwn.net/Articles/438133/
Security Enhanced Linux (SELinux),SELinuxDenyPtrace and security by default,https://lwn.net/Articles/491440/
Security Enhanced Linux (SELinux),LSS: Secure Linux containers,https://lwn.net/Articles/515034/
Security Enhanced Linux (SELinux),SELinux on Android,https://lwn.net/Articles/609511/
Security Enhanced Linux (SELinux),Fedora and SELinux relabeling,https://lwn.net/Articles/693620/
Security Enhanced Linux (SELinux),Removing run-time disabling for SELinux in Fedora,https://lwn.net/Articles/831748/
Security Enhanced Linux (SELinux),OpenWrt and SELinux,https://lwn.net/Articles/832876/
Self-signed TLS/SSL certificate,OpenWrt and self-signed certificates,https://lwn.net/Articles/837491/
SHA-1,Dealing with weakness in SHA-1,https://lwn.net/Articles/337745/
SHA-1,Moving Git past SHA-1,https://lwn.net/Articles/715716/
Signing code,Java cryptography and free distributions,https://lwn.net/Articles/225977/
Signing code,Integrity management in the kernel,https://lwn.net/Articles/227937/
Signing code,Enabling DRM in the kernel?,https://lwn.net/Articles/333825/
Signing code,Enabling Intel TXT in Fedora,https://lwn.net/Articles/382077/
Signing code,"UEFI and ""secure boot""",https://lwn.net/Articles/447381/
Signing code,An update on UEFI secure boot,https://lwn.net/Articles/464394/
Signing code,Loading signed kernel modules,https://lwn.net/Articles/470906/
Signing code,KS2012: Module signing,https://lwn.net/Articles/515007/
Signing code,The module signing endgame,https://lwn.net/Articles/525592/
Signing code,"Docker image ""verification""",https://lwn.net/Articles/628343/
Signing code,Protecting Python package downloads,https://lwn.net/Articles/629426/
Signing code,Mandatory Firefox extension signing,https://lwn.net/Articles/633685/
Signing code,Firmware signing,https://lwn.net/Articles/645823/
Signing code,Toward measured boot out of the box,https://lwn.net/Articles/699551/
Signing code,Signing programs for Linux,https://lwn.net/Articles/733431/
Software updates,Forcing updates,https://lwn.net/Articles/318802/
Software updates,The Firefox extension war,https://lwn.net/Articles/332093/
Software updates,Malware in open-source web extensions,https://lwn.net/Articles/846272/
Spam,Backscatter increase clogs inboxes,https://lwn.net/Articles/277304/
Spam,Storm botnet used to study spam,https://lwn.net/Articles/306829/
Spam,On comment spam,https://lwn.net/Articles/397672/
Spam,A decline in email spam?,https://lwn.net/Articles/450608/
Spam,SpamAssassin 3.4.1 released,https://lwn.net/Articles/643175/
Spam,A look at Rspamd,https://lwn.net/Articles/649940/
Spam,Spam reduction with greylisting,https://lwn.net/Articles/703059/
Static analysis,Optimization-unstable code,https://lwn.net/Articles/575563/
Static analysis,Static security analysis of Tizen apps,https://lwn.net/Articles/601202/
Static analysis,Finding driver bugs with DR. CHECKER,https://lwn.net/Articles/733056/
Static analysis,Finding Spectre vulnerabilities with smatch,https://lwn.net/Articles/752408/
Supply chain,Fedora and supply-chain attacks,https://lwn.net/Articles/859965/
Supply chain,PyTorch and the PyPI supply chain,https://lwn.net/Articles/919588/
Surveillance,Security software verifiability,https://lwn.net/Articles/564263/
Surveillance,Using vulnerabilities instead of new laws,https://lwn.net/Articles/566287/
Surveillance,The post-PRISM internet,https://lwn.net/Articles/567134/
Surveillance,Living with the surveillance state,https://lwn.net/Articles/571875/
Surveillance,Email insecurities,https://lwn.net/Articles/573711/
Systemd,The Sequoia seq_file vulnerability,https://lwn.net/Articles/863729/
Talpa,Kernel-based malware scanning,https://lwn.net/Articles/260918/
Talpa,The TALPA molehill,https://lwn.net/Articles/292872/
Talpa,TALPA strides forward,https://lwn.net/Articles/295568/
The Update Framework (TUF),"Docker image ""verification""",https://lwn.net/Articles/628343/
The Update Framework (TUF),Protecting Python package downloads,https://lwn.net/Articles/629426/
Tizen,Static security analysis of Tizen apps,https://lwn.net/Articles/601202/
Tizen,"Tizen's new access-control broker ""Cynara""",https://lwn.net/Articles/602060/
TLS,Rustls: memory safety for TLS,https://lwn.net/Articles/853712/
TLS,STARTTLS considered harmful,https://lwn.net/Articles/866481/
TLS certificates,"Changes in the TLS certificate ecosystem, part 1",https://lwn.net/Articles/663875/
TLS certificates,"Changes in the TLS certificate ecosystem, part 2",https://lwn.net/Articles/664385/
TLS certificates,Fallout from the Python certificate verification change,https://lwn.net/Articles/666353/
TLS certificates,TLS certificate management on Android,https://lwn.net/Articles/678170/
TOMOYO Linux,TOMOYO Linux and pathname-based security,https://lwn.net/Articles/277833/
Tools,Finding buffer overflows with Parfait,https://lwn.net/Articles/344003/
Tools,Deliberately insecure Linux distributions as practice targets,https://lwn.net/Articles/437221/
Tools,"Binary ""diversity""",https://lwn.net/Articles/565113/
Tools,Managing security for the cloud,https://lwn.net/Articles/615153/
Tools,Testing PAM modules and applications in the Matrix,https://lwn.net/Articles/671094/
Tools,Smack for simplified access control,https://lwn.net/Articles/244531/
Tools,Sudo and its alternatives,https://lwn.net/Articles/962588/
Tools,Forward secure sealing,https://lwn.net/Articles/512895/
Tools,Finding bugs lurking in the DOM,https://lwn.net/Articles/267172/
Tools,"""Strong"" stack protection for GCC",https://lwn.net/Articles/584225/
Tools,Comparing GCC and Clang security features,https://lwn.net/Articles/798913/
Tools,All aboard the SmoothWall Express,https://lwn.net/Articles/247276/
Tools,Hiding open ports with shimmer,https://lwn.net/Articles/264490/
Tools,IPFire 2.5: Firewalls and more,https://lwn.net/Articles/385045/
Tools,Fedora introduces Network Zones,https://lwn.net/Articles/484506/
Tools,Fedora's firewall furor,https://lwn.net/Articles/595612/
Tools,Fedora 21 and its Workstation firewall,https://lwn.net/Articles/626302/
Tools,Application monitoring with OpenSnitch,https://lwn.net/Articles/988401/
Tools,OSSEC for host-based intrusion detection,https://lwn.net/Articles/384267/
Tools,OpenVAS replacing Nessus in Debian,https://lwn.net/Articles/346733/
Tools,Passive OS fingerprinting added to netfilter,https://lwn.net/Articles/336921/
Tools,John the Ripper,https://lwn.net/Articles/507000/
Tools,Preventing brute force ssh attacks,https://lwn.net/Articles/255651/
Tools,Distributed brute force ssh attacks,https://lwn.net/Articles/357960/
Tools,Dealing with automated SSH password-guessing,https://lwn.net/Articles/704292/
Tools,Mobile phone or penetration tool?,https://lwn.net/Articles/300283/
Tools,Security testing with BackBox 2,https://lwn.net/Articles/457958/
Tools,Stealthy network penetration,https://lwn.net/Articles/508020/
Tools,Scanning for PHP vulnerabilities with Pixy,https://lwn.net/Articles/239941/
Tools,Centralizing policy rules with PolicyKit,https://lwn.net/Articles/258592/
Tools,Find SQL injection vulnerabilities with sqlmap,https://lwn.net/Articles/296775/
Tools,Tor Messenger,https://lwn.net/Articles/667184/
Tools,Web application scanning with skipfish,https://lwn.net/Articles/381160/
Tradeoffs,Reactive vs. pro-active kernel security,https://lwn.net/Articles/451405/
Tradeoffs,Blender security vs. usability,https://lwn.net/Articles/452273/
Training,Security training for everyone,https://lwn.net/Articles/712388/
Transport Layer Security (TLS),TLS renegotiation vulnerability,https://lwn.net/Articles/362234/
Transport Layer Security (TLS),Postfix TLS plaintext injection,https://lwn.net/Articles/433671/
Transport Layer Security (TLS),Toward secure package downloads,https://lwn.net/Articles/637595/
Transport Layer Security (TLS),Mozilla and deprecating HTTP,https://lwn.net/Articles/644190/
Transport Layer Security (TLS),Another crypto downgrade attack: Logjam,https://lwn.net/Articles/645189/
Transport Layer Security (TLS),TLS in the kernel,https://lwn.net/Articles/666509/
Transport Layer Security (TLS),The trouble with new TLS version numbers,https://lwn.net/Articles/701956/
Transport Layer Security (TLS),A unified TLS API for Python,https://lwn.net/Articles/711897/
Transport Layer Security (TLS),Extending in-kernel TLS support,https://lwn.net/Articles/892216/
Transport Layer Security (TLS),Adding an in-kernel TLS handshake,https://lwn.net/Articles/896746/
Transport Layer Security (TLS),Emacs & TLS,https://lwn.net/Articles/759370/
Unicode,Trojan Source: tricks (no treats) with Unicode,https://lwn.net/Articles/874951/
Unicode,Exposing Trojan Source exploits in Emacs,https://lwn.net/Articles/875229/
Unicode,Trojan Source and Python,https://lwn.net/Articles/875964/
User behavior,A report from the Enigma conference,https://lwn.net/Articles/747005/
Virtualization,LinuxCon: Secure virtualization with sVirt,https://lwn.net/Articles/353970/
Virtualization,Qubes: security by virtualization,https://lwn.net/Articles/386065/
Virtualization,The security state of KVM,https://lwn.net/Articles/619376/
Virtualization,Qubes OS nears version 3.0,https://lwn.net/Articles/646055/
Virtualization,Challenges in protecting virtual machines from untrusted entities,https://lwn.net/Articles/838488/
Virus scanning,DazukoFS: a stackable filesystem for virus scanning,https://lwn.net/Articles/318705/
Virus scanning,ClamAV 0.96 adds executable virus signatures and more,https://lwn.net/Articles/387426/
Virus scanning,ClamAV 0.98.3 adds features and asks for statistics,https://lwn.net/Articles/598587/
Virus scanning,Plug-and-play sanitization of USB thumb drives,https://lwn.net/Articles/626559/
Voting machines,Securing our votes,https://lwn.net/Articles/244753/
Voting machines,Voting machine integrity through transparency,https://lwn.net/Articles/275092/
Vulnerabilities,Striking back against web attackers,https://lwn.net/Articles/393184/
Vulnerabilities,Using vulnerabilities instead of new laws,https://lwn.net/Articles/566287/
Vulnerabilities,Top ten web attack techniques of 2013,https://lwn.net/Articles/614349/
Vulnerabilities,Weaponizing middleboxes,https://lwn.net/Articles/869842/
Vulnerabilities,Authentication bypass in routers,https://lwn.net/Articles/271867/
Vulnerabilities,The ups and downs of strlcpy(),https://lwn.net/Articles/507319/
Vulnerabilities,"""Strong"" stack protection for GCC",https://lwn.net/Articles/584225/
Vulnerabilities,Adding strlcpy() to glibc,https://lwn.net/Articles/612244/
Vulnerabilities,Several vulnerabilities found in NTP,https://lwn.net/Articles/627607/
Vulnerabilities,An overhyped GHOST,https://lwn.net/Articles/630866/
Vulnerabilities,A pair of Python vulnerabilities,https://lwn.net/Articles/846847/
Vulnerabilities,A hole in telnetd,https://lwn.net/Articles/474243/
Vulnerabilities,Fuzz and strings,https://lwn.net/Articles/621682/
Vulnerabilities,Ansible and CVE-2016-9587,https://lwn.net/Articles/711791/
Vulnerabilities,Bash gets shellshocked,https://lwn.net/Articles/614218/
Vulnerabilities,Cross-site request forgery,https://lwn.net/Articles/254709/
Vulnerabilities,The FREAK crypto downgrade attack,https://lwn.net/Articles/635494/
Vulnerabilities,Another crypto downgrade attack: Logjam,https://lwn.net/Articles/645189/
Vulnerabilities,Cryptographic splicing makes for a Wordpress vulnerability,https://lwn.net/Articles/281327/
Vulnerabilities,"Apache attacked by a ""slow loris""",https://lwn.net/Articles/338407/
Vulnerabilities,Using HTTP POST for denial of service,https://lwn.net/Articles/418017/
Vulnerabilities,Denial of service via hash collisions,https://lwn.net/Articles/474912/
Vulnerabilities,Python adopts SipHash,https://lwn.net/Articles/574761/
Vulnerabilities,OpenPGP certificate flooding,https://lwn.net/Articles/792366/
Vulnerabilities,Continued attacks on HTTP/2,https://lwn.net/Articles/968600/
Vulnerabilities,Format string vulnerabilities,https://lwn.net/Articles/478627/
Vulnerabilities,Apache range request denial of service,https://lwn.net/Articles/456723/
Vulnerabilities,HTTP response splitting,https://lwn.net/Articles/303561/
Vulnerabilities,Image handling vulnerabilities,https://lwn.net/Articles/279365/
Vulnerabilities,Linux ASLR vulnerabilities,https://lwn.net/Articles/330866/
Vulnerabilities,GMP and assert(),https://lwn.net/Articles/780817/
Vulnerabilities,BadBunny?  Only if you invite it in,https://lwn.net/Articles/237962/
Vulnerabilities,Blender security vs. usability,https://lwn.net/Articles/452273/
Vulnerabilities,vmsplice(): the making of a local root exploit,https://lwn.net/Articles/268783/
Vulnerabilities,The rest of the vmsplice() exploit story,https://lwn.net/Articles/271688/
Vulnerabilities,"Standards, the kernel, and Postfix",https://lwn.net/Articles/294667/
Vulnerabilities,Another Linux capabilities hole found,https://lwn.net/Articles/328572/
Vulnerabilities,A privilege escalation flaw in udev,https://lwn.net/Articles/329266/
Vulnerabilities,"Fun with NULL pointers, part 1",https://lwn.net/Articles/342330/
Vulnerabilities,"Fun with NULL pointers, part 2",https://lwn.net/Articles/342420/
Vulnerabilities,"Null pointers, one month later",https://lwn.net/Articles/347390/
Vulnerabilities,Attacks against WordPress installations,https://lwn.net/Articles/351608/
Vulnerabilities,On the importance of return codes,https://lwn.net/Articles/364626/
Vulnerabilities,Two glibc vulnerabilities,https://lwn.net/Articles/412048/
Vulnerabilities,Calibre and setuid,https://lwn.net/Articles/465311/
Vulnerabilities,A /proc/PID/mem vulnerability,https://lwn.net/Articles/476947/
Vulnerabilities,Anatomy of a user namespaces vulnerability,https://lwn.net/Articles/543273/
Vulnerabilities,What the beep?,https://lwn.net/Articles/751534/
Vulnerabilities,A major vulnerability in Sudo,https://lwn.net/Articles/844789/
Vulnerabilities,Exploiting races in system call wrappers,https://lwn.net/Articles/245630/
Vulnerabilities,Smuggling email inside of email,https://lwn.net/Articles/956533/
Vulnerabilities,Free software's not-so-eXZellent adventure,https://lwn.net/Articles/967866/
Vulnerabilities,Find SQL injection vulnerabilities with sqlmap,https://lwn.net/Articles/296775/
Vulnerabilities,Exploiting symlinks and tmpfiles,https://lwn.net/Articles/250468/
Vulnerabilities,"Symbolic links in ""sticky"" directories",https://lwn.net/Articles/390323/
Vulnerabilities,Fixing the symlink race problem,https://lwn.net/Articles/472071/
Vulnerabilities,OpenPGP signature spoofing using HTML,https://lwn.net/Articles/767717/
Vulnerability response,Handling the Kubernetes symbolic link vulnerability,https://lwn.net/Articles/775182/
Vulnerabilty hoarding,Stockpiling zero-day vulnerabilities,https://lwn.net/Articles/511289/
Wayland,The status of Wayland security,https://lwn.net/Articles/589147/
Web,The WebCrypto API,https://lwn.net/Articles/603769/
Web,Top ten web attack techniques of 2013,https://lwn.net/Articles/614349/
Web,HTML Subresource Integrity,https://lwn.net/Articles/692950/
Web-application firewall,ModSecurity for web-application firewalls,https://lwn.net/Articles/708673/
Web-application firewall,The OWASP ModSecurity Core Rule Set 3.0,https://lwn.net/Articles/709693/
Web application flaws,The backdooring of WordPress,https://lwn.net/Articles/224997/
Web application flaws,Home routers and security flaws,https://lwn.net/Articles/253830/
Web application flaws,Cross-site request forgery,https://lwn.net/Articles/254709/
Web application flaws,The backdooring of SquirrelMail,https://lwn.net/Articles/262688/
Web application flaws,Web security vulnerabilities and Javascript,https://lwn.net/Articles/266303/
Web application flaws,Cryptographic splicing makes for a Wordpress vulnerability,https://lwn.net/Articles/281327/
Web application flaws,Attacks against WordPress installations,https://lwn.net/Articles/351608/
Web application flaws,Striking back against web attackers,https://lwn.net/Articles/393184/
Web application flaws,How to (not) fix a security flaw,https://lwn.net/Articles/784758/
Web browsers,Leaking browser history,https://lwn.net/Articles/287498/
Web browsers,The Firefox extension war,https://lwn.net/Articles/332093/
Web browsers,Google's Native Client,https://lwn.net/Articles/335974/
Web browsers,Mozilla's Content Security Policy,https://lwn.net/Articles/339379/
Web browsers,Google's Chromium sandbox,https://lwn.net/Articles/347547/
Web browsers,Firefox extension vulnerabilities,https://lwn.net/Articles/348769/
Web browsers,Firefox locks down the components directory,https://lwn.net/Articles/363568/
Web browsers,Google Chrome and master passwords,https://lwn.net/Articles/388309/
Web browsers,"Redirecting browser tabs via ""tabnabbing""",https://lwn.net/Articles/389372/
Web browsers,Mozilla's Plugin Check,https://lwn.net/Articles/391479/
Web browsers,HTTPS Everywhere brings HTTPS almost everywhere,https://lwn.net/Articles/394289/
Web browsers,A trojan in a Firefox security add-on,https://lwn.net/Articles/396741/
Web browsers,Private browsing: not so private?,https://lwn.net/Articles/406468/
Web browsers,Gathering session cookies with Firesheep,https://lwn.net/Articles/412979/
Web browsers,"Web tracking and ""Do Not Track""",https://lwn.net/Articles/424861/
Web browsers,Developments in web tracking protection,https://lwn.net/Articles/439460/
Web browsers,LFNW: Seth Schoen stumps for SSL,https://lwn.net/Articles/441268/
Web browsers,WebGL vulnerabilities,https://lwn.net/Articles/444672/
Web browsers,A white paper on comparative browser security,https://lwn.net/Articles/472092/
Web browsers,Tracking users,https://lwn.net/Articles/480052/
Web browsers,Do Not Track Does Not Conquer,https://lwn.net/Articles/520047/
Web browsers,Privacyfix,https://lwn.net/Articles/520918/
Web browsers,Security implications for user interface changes?,https://lwn.net/Articles/527365/
Web browsers,HTTPS interception in Nokia's mobile browser,https://lwn.net/Articles/533496/
Web browsers,LCA: CSP for cross-site scripting protection,https://lwn.net/Articles/536572/
Web browsers,Mixed web content,https://lwn.net/Articles/547536/
Web browsers,Mozilla PiCL and multi-level security,https://lwn.net/Articles/561347/
Web browsers,Tor and browser vulnerabilities,https://lwn.net/Articles/562314/
Web browsers,Browser fingerprinting,https://lwn.net/Articles/570534/
Web browsers,Privacy Badger gives teeth to Do Not Track,https://lwn.net/Articles/597487/
Web browsers,"Browser tracking through ""canvas fingerprinting""",https://lwn.net/Articles/606186/
Web browsers,Mandatory Firefox extension signing,https://lwn.net/Articles/633685/
Web browsers,Easier and more secure browsing in Tor Browser 4.5,https://lwn.net/Articles/642225/
Web browsers,Mozilla and deprecating HTTP,https://lwn.net/Articles/644190/
Web browsers,Speed and bandwidth improvements with Firefox Tracking Protection,https://lwn.net/Articles/646339/
Web browsers,Chromium suddenly starts downloading a binary blob,https://lwn.net/Articles/648392/
Web browsers,Panopticlick 2,https://lwn.net/Articles/668771/
Web browsers,New browser-fingerprinting techniques,https://lwn.net/Articles/688541/
Web browsers,Shifting feature sets and search engines in Tor Browser 6,https://lwn.net/Articles/689510/
Web browsers,"Browsers, web sites, and user tracking",https://lwn.net/Articles/811532/
Web browsers,"Avoiding ""supercookie"" tracking",https://lwn.net/Articles/844960/
Web browsers,Malware in open-source web extensions,https://lwn.net/Articles/846272/
Web browsers,A replacement for third-party cookies?,https://lwn.net/Articles/855318/
Web browsers,Content blockers and Chrome's Manifest V3,https://lwn.net/Articles/879063/
Web browsers,"Goodbye FLoC, hello Topics",https://lwn.net/Articles/882607/
Web frameworks,Denial of service via hash collisions,https://lwn.net/Articles/474912/
Web frameworks,A backdoor in a popular Ruby gem,https://lwn.net/Articles/785386/
Web servers,Infected Linux web servers pushing malware,https://lwn.net/Articles/550608/
Web sessions,Session cookies for web applications,https://lwn.net/Articles/283383/
Web sessions,Should web developers say no to cookie-based authentication?,https://lwn.net/Articles/380058/
X client,Pondering the X client vulnerabilities,https://lwn.net/Articles/551818/
X server,Security processes and the X.org flaw,https://lwn.net/Articles/477062/
X server,XDC2012: Graphics stack security,https://lwn.net/Articles/517375/
X server,A setuid wrapper for X.org,https://lwn.net/Articles/590296/
X server,Qubes OS and colored-border spoofing,https://lwn.net/Articles/704287/
